timestamp_ms, ax_mps2, ay_mps2, az_mps2, gx_rads, gy_rads, gz_rads, temp_c
1551,0.067,-0.550,11.151,4.618,-3.285,-5.498,26.297
1561,0.067,-0.483,10.098,2.049,-1.415,-1.423,26.297
1571,0.057,-0.479,10.098,0.121,-0.040,-0.099,26.215
1581,0.053,-0.488,10.117,0.116,-0.042,-0.110,26.215
1591,0.038,-0.488,10.093,0.081,-0.037,-0.097,26.258
1611,0.053,-0.474,10.088,-0.012,0.007,-0.027,26.277
1621,0.053,-0.474,10.093,-0.012,0.006,-0.026,26.285
1631,0.067,-0.502,10.088,-0.012,0.006,-0.027,26.285
1641,0.048,-0.493,10.112,-0.013,0.006,-0.026,26.246
1651,0.048,-0.493,10.074,-0.012,0.005,-0.026,26.246
1661,0.062,-0.493,10.079,-0.012,0.006,-0.026,26.242
1671,0.053,-0.502,10.093,-0.012,0.005,-0.027,26.242
1681,0.057,-0.502,10.079,-0.012,0.005,-0.027,26.273
1691,0.053,-0.502,10.074,-0.012,0.006,-0.027,26.273
1701,0.053,-0.493,10.098,-0.012,0.006,-0.027,26.234
1711,0.038,-0.498,10.112,-0.012,0.006,-0.027,26.234
1721,0.043,-0.488,10.088,-0.012,0.006,-0.027,26.211
1731,0.048,-0.483,10.102,-0.012,0.005,-0.026,26.211
1741,0.062,-0.493,10.102,-0.012,0.006,-0.026,26.281
1751,0.062,-0.488,10.098,-0.012,0.006,-0.027,26.281
1761,0.057,-0.488,10.083,-0.012,0.007,-0.026,26.242
1771,0.057,-0.502,10.083,-0.012,0.006,-0.026,26.242
1781,0.057,-0.493,10.088,-0.012,0.006,-0.027,26.254
1791,0.053,-0.493,10.093,-0.012,0.006,-0.027,26.254
1801,0.057,-0.493,10.069,-0.012,0.006,-0.027,26.293
1811,0.067,-0.493,10.098,-0.011,0.005,-0.027,26.293
1821,0.077,-0.498,10.098,-0.012,0.006,-0.026,26.258
1831,0.067,-0.479,10.098,-0.012,0.007,-0.027,26.258
1841,0.057,-0.512,10.069,-0.013,0.007,-0.027,26.238
1851,0.048,-0.502,10.074,-0.012,0.006,-0.027,26.238
1861,0.053,-0.488,10.083,-0.012,0.005,-0.027,26.215
1871,0.038,-0.498,10.074,-0.011,0.006,-0.026,26.215
1881,0.057,-0.498,10.093,-0.012,0.005,-0.026,26.207
1891,0.057,-0.512,10.117,-0.012,0.005,-0.027,26.207
1901,0.033,-0.498,10.102,-0.013,0.006,-0.027,26.273
1911,0.053,-0.479,10.088,-0.013,0.007,-0.026,26.273
1921,0.033,-0.479,10.069,-0.011,0.006,-0.027,26.215
1931,0.029,-0.512,10.050,-0.012,0.007,-0.026,26.215
1941,0.057,-0.498,10.069,-0.012,0.005,-0.027,26.285
1951,0.067,-0.493,10.079,-0.012,0.005,-0.027,26.285
1961,0.062,-0.493,10.126,-0.012,0.005,-0.027,26.246
1971,0.057,-0.488,10.088,-0.012,0.006,-0.027,26.246
1981,0.072,-0.493,10.102,-0.013,0.006,-0.027,26.230
1991,0.053,-0.488,10.064,-0.012,0.006,-0.027,26.230
2001,0.057,-0.493,10.069,-0.013,0.006,-0.026,26.285
2011,0.053,-0.498,10.083,-0.012,0.006,-0.027,26.285
2021,0.038,-0.498,10.107,-0.013,0.006,-0.027,26.258
2031,0.048,-0.488,10.069,-0.012,0.006,-0.026,26.258
2041,0.043,-0.488,10.083,-0.012,0.006,-0.027,26.258
2051,0.057,-0.483,10.093,-0.012,0.006,-0.027,26.258
2061,0.038,-0.488,10.107,-0.012,0.006,-0.027,26.285
2071,0.053,-0.493,10.098,-0.011,0.005,-0.026,26.285
2081,0.053,-0.483,10.093,-0.011,0.007,-0.026,26.230
2091,0.062,-0.488,10.069,-0.012,0.006,-0.027,26.230
2101,0.067,-0.469,10.098,-0.012,0.005,-0.027,26.254
2111,0.081,-0.488,10.069,-0.012,0.006,-0.026,26.254
2121,0.067,-0.498,10.064,-0.013,0.005,-0.027,26.230
2131,0.038,-0.493,10.088,-0.013,0.007,-0.026,26.230
2141,0.062,-0.488,10.083,-0.013,0.006,-0.026,26.258
2151,0.072,-0.493,10.098,-0.011,0.006,-0.027,26.258
2161,0.033,-0.507,10.088,-0.012,0.006,-0.026,26.238
2171,0.057,-0.522,10.079,-0.012,0.005,-0.027,26.238
2181,0.053,-0.498,10.093,-0.011,0.005,-0.027,26.230
2191,0.053,-0.502,10.117,-0.011,0.006,-0.026,26.230
2201,0.048,-0.512,10.088,-0.012,0.006,-0.026,26.219
2211,0.014,-0.498,10.088,-0.012,0.006,-0.027,26.219
2221,0.053,-0.483,10.088,-0.012,0.006,-0.027,26.254
2231,0.048,-0.483,10.079,-0.013,0.005,-0.026,26.254
2241,0.029,-0.488,10.069,-0.012,0.006,-0.027,26.215
2251,0.062,-0.488,10.088,-0.012,0.005,-0.027,26.215
2261,0.081,-0.479,10.112,-0.012,0.006,-0.027,26.219
2271,0.043,-0.483,10.079,-0.012,0.006,-0.026,26.219
2281,0.057,-0.483,10.079,-0.012,0.006,-0.027,26.234
2291,0.053,-0.488,10.064,-0.012,0.005,-0.027,26.234
2301,0.043,-0.502,10.079,-0.013,0.006,-0.026,26.250
2311,0.043,-0.493,10.083,-0.013,0.006,-0.027,26.250
2321,0.024,-0.493,10.102,-0.012,0.005,-0.027,26.273
2331,0.067,-0.493,10.093,-0.012,0.007,-0.026,26.273
2341,0.043,-0.502,10.083,-0.012,0.007,-0.026,26.223
2351,0.043,-0.488,10.088,-0.012,0.006,-0.026,26.223
2361,0.033,-0.493,10.093,-0.012,0.006,-0.027,26.266
2371,0.077,-0.498,10.083,-0.012,0.006,-0.027,26.266
2381,0.072,-0.488,10.083,-0.012,0.006,-0.027,26.250
2391,0.077,-0.502,10.112,-0.012,0.006,-0.027,26.250
2401,0.057,-0.488,10.074,-0.012,0.006,-0.027,26.246
2411,0.053,-0.493,10.064,-0.012,0.006,-0.026,26.246
2421,0.072,-0.507,10.102,-0.012,0.006,-0.027,26.223
2431,0.053,-0.493,10.093,-0.012,0.006,-0.027,26.223
2441,0.038,-0.512,10.079,-0.012,0.005,-0.026,26.277
2451,0.053,-0.483,10.093,-0.012,0.005,-0.027,26.277
2461,0.057,-0.488,10.069,-0.012,0.005,-0.027,26.219
2471,0.053,-0.502,10.107,-0.013,0.006,-0.027,26.219
2481,0.033,-0.507,10.102,-0.013,0.006,-0.026,26.250
2491,0.038,-0.488,10.074,-0.013,0.006,-0.027,26.250
2501,0.048,-0.493,10.079,-0.012,0.006,-0.027,26.246
2511,0.053,-0.502,10.083,-0.011,0.006,-0.027,26.246
2521,0.057,-0.507,10.102,-0.012,0.006,-0.027,26.191
2531,0.057,-0.479,10.079,-0.012,0.006,-0.027,26.191
2541,0.062,-0.512,10.117,-0.012,0.006,-0.027,26.223
2551,0.048,-0.498,10.093,-0.012,0.005,-0.027,26.223
2561,0.048,-0.488,10.102,-0.012,0.006,-0.027,26.230
2571,0.053,-0.493,10.088,-0.012,0.006,-0.027,26.230
2581,0.057,-0.498,10.088,-0.012,0.005,-0.027,26.242
2591,0.067,-0.502,10.093,-0.011,0.006,-0.027,26.242
2601,0.067,-0.502,10.102,-0.012,0.006,-0.027,26.258
2611,0.057,-0.502,10.074,-0.012,0.006,-0.027,26.258
2621,0.048,-0.488,10.083,-0.012,0.006,-0.027,26.211
2631,0.043,-0.498,10.083,-0.011,0.005,-0.027,26.211
2641,0.043,-0.493,10.074,-0.012,0.006,-0.026,26.266
2651,0.038,-0.464,10.083,-0.012,0.005,-0.026,26.266
2661,0.048,-0.488,10.107,-0.013,0.006,-0.027,26.250
2671,0.057,-0.498,10.069,-0.011,0.006,-0.027,26.250
2681,0.057,-0.488,10.093,-0.012,0.006,-0.027,26.254
2691,0.072,-0.479,10.088,-0.012,0.006,-0.027,26.254
2701,0.053,-0.479,10.079,-0.012,0.006,-0.027,26.234
2711,0.057,-0.493,10.098,-0.013,0.006,-0.027,26.234
2721,0.062,-0.493,10.079,-0.012,0.005,-0.027,26.227
2731,0.029,-0.498,10.093,-0.013,0.005,-0.027,26.227
2741,0.043,-0.493,10.102,-0.012,0.006,-0.027,26.227
2751,0.062,-0.474,10.088,-0.012,0.006,-0.027,26.227
2761,0.053,-0.488,10.069,-0.012,0.007,-0.027,26.273
2771,0.053,-0.493,10.083,-0.013,0.006,-0.026,26.273
2781,0.067,-0.488,10.088,-0.011,0.006,-0.026,26.270
2791,0.072,-0.488,10.098,-0.012,0.006,-0.027,26.270
2801,0.057,-0.483,10.102,-0.012,0.007,-0.027,26.250
2811,0.053,-0.498,10.074,-0.012,0.006,-0.027,26.250
2821,0.053,-0.488,10.064,-0.012,0.006,-0.027,26.281
2831,0.057,-0.498,10.088,-0.012,0.005,-0.027,26.281
2841,0.048,-0.493,10.064,-0.012,0.005,-0.026,26.273
2851,0.067,-0.474,10.117,-0.012,0.004,-0.027,26.273
2861,0.072,-0.488,10.131,-0.012,0.007,-0.027,26.238
2871,0.077,-0.474,10.064,-0.013,0.004,-0.027,26.238
2881,0.086,-0.498,10.102,-0.012,0.009,-0.027,26.246
2891,0.067,-0.488,10.079,-0.012,0.005,-0.027,26.246
2901,0.062,-0.493,10.102,-0.012,0.006,-0.027,26.277
2921,0.024,-0.488,10.093,-0.012,0.006,-0.026,26.246
2931,0.053,-0.502,10.083,-0.012,0.006,-0.027,26.258
2941,0.072,-0.498,10.074,-0.012,0.005,-0.026,26.258
2951,0.029,-0.498,10.079,-0.011,0.006,-0.027,26.254
2961,0.048,-0.498,10.102,-0.012,0.005,-0.027,26.254
2971,0.038,-0.493,10.102,-0.012,0.006,-0.027,26.238
2981,0.048,-0.493,10.083,-0.013,0.006,-0.027,26.238
2991,0.077,-0.493,10.098,-0.013,0.006,-0.027,26.246
3001,0.100,-0.517,10.088,-0.013,0.006,-0.029,26.246
3011,0.177,-0.569,10.079,-0.018,0.001,-0.038,26.230
3021,0.014,-0.469,10.107,-0.020,-0.001,-0.049,26.230
3031,0.057,-0.517,10.136,-0.018,0.002,-0.048,26.246
3041,0.072,-0.507,10.102,-0.020,0.002,-0.051,26.246
3051,0.000,-0.498,10.093,-0.020,0.005,-0.054,26.227
3061,-0.038,-0.464,10.098,-0.020,0.004,-0.053,26.227
3071,-0.062,-0.426,10.035,-0.015,0.010,-0.042,26.270
3081,0.033,-0.483,10.083,-0.012,0.015,-0.033,26.270
3091,0.043,-0.469,10.055,-0.015,-0.002,-0.033,26.289
3101,0.081,-0.483,10.069,-0.009,0.017,-0.027,26.289
3111,-0.115,-0.373,10.117,-0.006,0.013,-0.020,26.262
3121,0.335,-0.660,10.059,-0.005,0.011,-0.001,26.262
3131,0.057,-0.469,10.064,-0.013,0.009,-0.024,26.227
3141,0.067,-0.479,10.088,-0.012,0.007,-0.027,26.227
3151,0.067,-0.531,10.088,-0.012,0.004,-0.026,26.285
3161,0.038,-0.498,10.098,-0.012,0.009,-0.026,26.285
3171,0.033,-0.498,10.083,-0.012,0.004,-0.026,26.242
3181,0.029,-0.502,10.098,-0.012,0.009,-0.024,26.242
3191,0.033,-0.493,10.093,-0.012,0.005,-0.026,26.238
3201,0.062,-0.502,10.069,-0.012,0.005,-0.026,26.238
3211,0.062,-0.502,10.079,-0.012,0.005,-0.026,26.199
3221,0.057,-0.507,10.088,-0.011,0.007,-0.027,26.199
3231,0.053,-0.493,10.102,-0.012,0.005,-0.027,26.234
3241,0.067,-0.488,10.083,-0.012,0.005,-0.027,26.234
3251,0.053,-0.493,10.083,-0.012,0.005,-0.027,26.238
3261,0.067,-0.493,10.093,-0.012,0.006,-0.027,26.238
3271,0.077,-0.479,10.102,-0.012,0.006,-0.027,26.234
3281,0.067,-0.488,10.102,-0.012,0.006,-0.027,26.234
3291,0.072,-0.479,10.055,-0.012,0.007,-0.026,26.223
3301,0.048,-0.474,10.069,-0.011,0.005,-0.027,26.223
3311,0.062,-0.483,10.079,-0.013,0.005,-0.026,26.258
3321,0.072,-0.483,10.088,-0.012,0.006,-0.027,26.258
3331,0.057,-0.493,10.098,-0.012,0.006,-0.027,26.246
3341,0.086,-0.488,10.098,-0.012,0.006,-0.027,26.246
3351,0.033,-0.512,10.088,-0.011,0.006,-0.027,26.234
3361,0.053,-0.517,10.074,-0.012,0.006,-0.027,26.234
3371,0.024,-0.517,10.098,-0.011,0.006,-0.027,26.281
3381,0.029,-0.512,10.088,-0.012,0.006,-0.026,26.281
3391,0.024,-0.512,10.088,-0.012,0.007,-0.026,26.262
3401,0.062,-0.493,10.064,-0.012,0.006,-0.026,26.262
3411,0.053,-0.498,10.069,-0.012,0.006,-0.027,26.227
3421,0.072,-0.493,10.088,-0.012,0.006,-0.027,26.227
3431,0.062,-0.488,10.107,-0.012,0.005,-0.026,26.254
3441,0.072,-0.483,10.093,-0.011,0.005,-0.026,26.254
3451,0.067,-0.483,10.083,-0.012,0.006,-0.027,26.234
3461,0.062,-0.469,10.074,-0.012,0.006,-0.027,26.234
3471,0.053,-0.479,10.074,-0.012,0.006,-0.027,26.266
3481,0.062,-0.488,10.093,-0.011,0.006,-0.027,26.266
3491,0.062,-0.479,10.102,-0.011,0.005,-0.027,26.230
3501,0.048,-0.493,10.102,-0.012,0.005,-0.026,26.230
3511,0.062,-0.488,10.098,-0.012,0.006,-0.027,26.230
3521,0.062,-0.498,10.074,-0.012,0.006,-0.027,26.230
3531,0.067,-0.498,10.079,-0.012,0.006,-0.027,26.250
3541,0.057,-0.493,10.102,-0.012,0.006,-0.027,26.250
3551,0.033,-0.502,10.117,-0.012,0.006,-0.027,26.238
3561,0.038,-0.507,10.098,-0.012,0.006,-0.027,26.238
3571,0.048,-0.502,10.088,-0.012,0.006,-0.027,26.223
3581,0.048,-0.474,10.083,-0.012,0.007,-0.027,26.223
3591,0.048,-0.483,10.074,-0.011,0.006,-0.027,26.254
3601,0.029,-0.493,10.093,-0.013,0.005,-0.026,26.254
3611,0.077,-0.493,10.079,-0.015,-0.001,-0.027,26.250
3621,0.067,-0.502,10.107,-0.013,0.007,-0.024,26.250
3631,0.038,-0.507,10.069,-0.015,0.001,-0.026,26.250
3641,0.067,-0.493,10.069,-0.013,0.005,-0.027,26.250
3651,0.048,-0.493,10.083,-0.012,0.005,-0.027,26.215
3661,0.038,-0.493,10.064,-0.011,0.005,-0.026,26.215
3671,0.062,-0.507,10.093,-0.011,0.007,-0.026,26.289
3681,0.038,-0.507,10.083,-0.011,0.009,-0.026,26.289
3691,0.048,-0.498,10.088,-0.011,0.009,-0.026,26.262
3701,0.053,-0.526,10.088,-0.011,0.009,-0.026,26.262
3711,0.043,-0.474,10.079,-0.011,0.010,-0.026,26.254
3721,0.057,-0.493,10.050,-0.012,0.007,-0.026,26.254
3731,0.062,-0.483,10.126,-0.012,0.007,-0.027,26.238
3741,0.053,-0.483,10.074,-0.012,0.007,-0.027,26.238
3751,0.057,-0.498,10.088,-0.012,0.005,-0.027,26.227
3761,0.067,-0.498,10.098,-0.013,0.006,-0.027,26.227
3771,0.057,-0.507,10.098,-0.013,0.006,-0.027,26.270
3781,0.048,-0.493,10.055,-0.012,0.006,-0.027,26.270
3791,0.057,-0.498,10.079,-0.012,0.006,-0.027,26.250
3801,0.057,-0.502,10.064,-0.012,0.006,-0.027,26.250
3811,0.077,-0.531,10.083,-0.012,0.006,-0.027,26.191
3821,0.072,-0.502,10.107,-0.011,0.006,-0.027,26.191
3831,0.072,-0.502,10.098,-0.013,0.005,-0.026,26.250
3841,0.048,-0.493,10.093,-0.013,0.007,-0.026,26.250
3851,0.038,-0.507,10.069,-0.012,0.007,-0.026,26.262
3861,0.053,-0.488,10.079,-0.012,0.006,-0.026,26.262
3871,0.029,-0.493,10.098,-0.012,0.006,-0.026,26.219
3881,0.057,-0.498,10.098,-0.012,0.006,-0.026,26.219
3891,0.048,-0.488,10.112,-0.012,0.007,-0.026,26.223
3901,0.038,-0.483,10.079,-0.012,0.006,-0.026,26.223
3911,0.057,-0.488,10.088,-0.012,0.006,-0.026,26.230
3921,0.048,-0.498,10.074,-0.012,0.006,-0.027,26.230
3931,0.057,-0.488,10.083,-0.011,0.006,-0.027,26.250
3941,0.072,-0.502,10.098,-0.012,0.005,-0.027,26.250
3951,0.057,-0.502,10.112,-0.012,0.007,-0.027,26.215
3961,0.081,-0.498,10.083,-0.012,0.006,-0.027,26.215
3971,0.053,-0.517,10.088,-0.011,0.006,-0.027,26.211
3981,0.062,-0.493,10.074,-0.013,0.005,-0.027,26.211
3991,0.057,-0.526,10.088,-0.012,0.006,-0.027,26.211
4001,0.033,-0.488,10.102,-0.012,0.005,-0.027,26.211
4011,0.053,-0.498,10.112,-0.013,0.006,-0.027,26.238
4021,0.072,-0.483,10.093,-0.012,0.006,-0.026,26.238
4031,0.048,-0.502,10.079,-0.012,0.006,-0.027,26.266
4041,0.077,-0.502,10.083,-0.012,0.006,-0.027,26.266
4051,0.053,-0.483,10.083,-0.012,0.006,-0.027,26.207
4061,0.043,-0.493,10.083,-0.012,0.007,-0.027,26.207
4071,0.043,-0.498,10.074,-0.012,0.006,-0.026,26.242
4081,0.062,-0.483,10.083,-0.012,0.006,-0.027,26.242
4091,0.057,-0.493,10.083,-0.013,0.006,-0.027,26.215
4101,0.057,-0.493,10.088,-0.013,0.006,-0.027,26.215
4111,0.038,-0.488,10.093,-0.013,0.006,-0.027,26.250
4121,0.062,-0.493,10.088,-0.012,0.006,-0.027,26.250
4131,0.048,-0.483,10.079,-0.012,0.007,-0.027,26.242
4141,0.038,-0.488,10.083,-0.012,0.006,-0.027,26.242
4151,0.048,-0.512,10.093,-0.012,0.006,-0.026,26.227
4161,0.062,-0.488,10.098,-0.013,0.006,-0.027,26.227
4181,0.067,-0.502,10.069,-0.012,0.006,-0.027,26.234
4191,0.072,-0.493,10.088,-0.012,0.005,-0.027,26.234
4201,0.057,-0.517,10.079,-0.012,0.006,-0.026,26.227
4211,0.067,-0.493,10.083,-0.012,0.006,-0.026,26.227
4221,0.053,-0.512,10.098,-0.011,0.006,-0.027,26.211
4231,0.038,-0.488,10.093,-0.012,0.005,-0.027,26.211
4241,0.048,-0.479,10.083,-0.012,0.006,-0.027,26.227
4251,0.038,-0.493,10.079,-0.012,0.006,-0.027,26.227
4261,0.029,-0.474,10.088,-0.012,0.006,-0.027,26.234
4271,0.043,-0.483,10.088,-0.012,0.006,-0.027,26.234
4281,0.048,-0.488,10.069,-0.012,0.006,-0.027,26.227
4291,0.048,-0.483,10.098,-0.013,0.005,-0.027,26.227
4301,0.062,-0.498,10.098,-0.012,0.006,-0.027,26.266
4311,0.067,-0.502,10.083,-0.012,0.007,-0.027,26.266
4321,0.029,-0.517,10.074,-0.013,0.006,-0.027,26.230
4331,0.048,-0.502,10.074,-0.012,0.005,-0.027,26.230
4341,0.067,-0.488,10.083,-0.012,0.006,-0.027,26.242
4351,0.029,-0.488,10.093,-0.012,0.006,-0.027,26.242
4361,0.048,-0.493,10.112,-0.012,0.005,-0.028,26.270
4371,0.048,-0.502,10.093,-0.012,0.005,-0.027,26.270
4381,0.067,-0.498,10.093,-0.012,0.005,-0.027,26.262
4391,0.062,-0.502,10.093,-0.013,0.006,-0.027,26.262
4401,0.053,-0.483,10.093,-0.012,0.006,-0.027,26.211
4411,0.072,-0.493,10.093,-0.012,0.006,-0.027,26.211
4421,0.048,-0.502,10.102,-0.012,0.006,-0.027,26.215
4431,0.053,-0.493,10.093,-0.012,0.005,-0.027,26.215
4441,0.072,-0.517,10.083,-0.012,0.005,-0.026,26.219
4451,0.038,-0.493,10.083,-0.012,0.005,-0.027,26.219
4461,0.053,-0.512,10.093,-0.013,0.006,-0.027,26.211
4471,0.053,-0.502,10.074,-0.012,0.006,-0.027,26.211
4481,0.053,-0.498,10.083,-0.012,0.006,-0.027,26.211
4491,0.043,-0.507,10.083,-0.012,0.005,-0.027,26.211
4501,0.053,-0.479,10.069,-0.011,0.006,-0.027,26.219
4511,0.053,-0.493,10.088,-0.012,0.005,-0.027,26.219
4521,0.062,-0.493,10.083,-0.011,0.006,-0.027,26.246
4531,0.067,-0.474,10.064,-0.013,0.005,-0.027,26.246
4541,0.048,-0.479,10.093,-0.012,0.006,-0.027,26.246
4551,0.053,-0.483,10.098,-0.013,0.006,-0.027,26.246
4561,0.062,-0.493,10.069,-0.012,0.006,-0.027,26.250
4571,0.057,-0.507,10.069,-0.012,0.006,-0.028,26.250
4581,0.057,-0.507,10.064,-0.013,0.006,-0.027,26.242
4591,0.072,-0.502,10.074,-0.012,0.006,-0.027,26.242
4601,0.062,-0.488,10.069,-0.013,0.006,-0.026,26.211
4611,0.053,-0.502,10.093,-0.012,0.006,-0.027,26.211
4621,0.057,-0.507,10.088,-0.013,0.006,-0.028,26.207
4631,0.043,-0.498,10.083,-0.012,0.006,-0.027,26.207
4641,0.043,-0.507,10.088,-0.012,0.006,-0.027,26.234
4651,0.057,-0.526,10.088,-0.012,0.005,-0.027,26.234
4661,0.043,-0.507,10.083,-0.012,0.005,-0.027,26.242
4671,0.043,-0.522,10.088,-0.012,0.006,-0.027,26.242
4681,0.057,-0.507,10.079,-0.012,0.006,-0.027,26.242
4691,0.062,-0.498,10.098,-0.013,0.006,-0.026,26.242
4701,0.048,-0.488,10.102,-0.012,0.006,-0.027,26.250
4711,0.086,-0.483,10.088,-0.012,0.006,-0.026,26.250
4721,0.072,-0.479,10.079,-0.012,0.006,-0.027,26.246
4731,0.043,-0.488,10.055,-0.012,0.007,-0.027,26.246
4741,0.081,-0.493,10.083,-0.012,0.006,-0.027,26.227
4751,0.062,-0.479,10.079,-0.012,0.006,-0.027,26.227
4761,0.067,-0.502,10.083,-0.012,0.006,-0.027,26.246
4771,0.072,-0.507,10.098,-0.012,0.005,-0.027,26.246
4781,0.033,-0.522,10.083,-0.011,0.005,-0.027,26.211
4791,0.053,-0.493,10.083,-0.012,0.006,-0.027,26.211
4801,0.043,-0.502,10.088,-0.012,0.006,-0.027,26.246
4811,0.062,-0.493,10.083,-0.012,0.006,-0.027,26.246
4821,0.062,-0.474,10.098,-0.012,0.006,-0.027,26.242
4831,0.057,-0.483,10.088,-0.012,0.006,-0.027,26.242
4841,0.067,-0.502,10.083,-0.012,0.006,-0.027,26.219
4851,0.033,-0.502,10.093,-0.012,0.006,-0.027,26.219
4861,0.062,-0.498,10.093,-0.011,0.006,-0.027,26.254
4871,0.043,-0.474,10.088,-0.012,0.006,-0.027,26.254
4881,0.072,-0.474,10.083,-0.012,0.006,-0.027,26.219
4891,0.072,-0.493,10.088,-0.011,0.006,-0.027,26.219
4901,0.062,-0.493,10.083,-0.012,0.006,-0.027,26.242
4911,0.086,-0.498,10.083,-0.012,0.006,-0.027,26.242
4921,0.043,-0.488,10.102,-0.012,0.006,-0.027,26.234
4931,0.048,-0.507,10.088,-0.013,0.006,-0.027,26.234
4941,0.062,-0.483,10.098,-0.012,0.006,-0.027,26.223
4951,0.057,-0.507,10.083,-0.011,0.006,-0.027,26.223
4961,0.029,-0.517,10.079,-0.012,0.005,-0.027,26.266
4971,0.048,-0.488,10.045,-0.012,0.005,-0.027,26.266
4981,0.053,-0.517,10.088,-0.011,0.006,-0.027,26.211
4991,0.062,-0.493,10.098,-0.012,0.006,-0.027,26.211
5001,0.048,-0.507,10.093,-0.013,0.005,-0.027,26.262
5011,0.048,-0.488,10.102,-0.012,0.006,-0.027,26.262
5021,0.057,-0.502,10.093,-0.013,0.006,-0.027,26.262
5031,0.048,-0.469,10.093,-0.012,0.006,-0.026,26.262
5041,0.072,-0.488,10.069,-0.012,0.006,-0.026,26.242
5051,0.077,-0.488,10.083,-0.012,0.006,-0.026,26.242
5061,0.062,-0.488,10.093,-0.012,0.006,-0.027,26.160
5071,0.067,-0.498,10.093,-0.012,0.006,-0.027,26.160
5081,0.057,-0.488,10.088,-0.012,0.005,-0.027,26.230
5091,0.029,-0.493,10.079,-0.012,0.006,-0.027,26.230
5101,0.033,-0.488,10.107,-0.012,0.006,-0.027,26.242
5111,0.033,-0.517,10.083,-0.012,0.006,-0.027,26.242
5121,0.057,-0.483,10.088,-0.012,0.006,-0.027,26.230
5131,0.062,-0.507,10.079,-0.013,0.006,-0.027,26.230
5141,0.053,-0.498,10.079,-0.013,0.005,-0.027,26.273
5151,0.077,-0.493,10.083,-0.013,0.007,-0.027,26.273
5161,0.057,-0.493,10.079,-0.012,0.006,-0.026,26.227
5171,0.072,-0.507,10.088,-0.012,0.006,-0.026,26.227
5181,0.043,-0.493,10.074,-0.011,0.005,-0.027,26.215
5191,0.053,-0.507,10.102,-0.011,0.006,-0.027,26.215
5201,0.038,-0.469,10.107,-0.012,0.006,-0.027,26.266
5211,0.062,-0.479,10.088,-0.012,0.005,-0.027,26.266
5221,0.053,-0.502,10.074,-0.012,0.006,-0.027,26.211
5231,0.038,-0.493,10.074,-0.012,0.007,-0.027,26.211
5241,0.048,-0.488,10.088,-0.013,0.006,-0.026,26.258
5251,0.038,-0.493,10.069,-0.013,0.006,-0.027,26.258
5261,0.038,-0.507,10.064,-0.012,0.006,-0.027,26.230
5271,0.062,-0.498,10.088,-0.012,0.005,-0.027,26.230
5281,0.072,-0.502,10.088,-0.011,0.006,-0.026,26.262
5291,0.057,-0.507,10.083,-0.012,0.006,-0.027,26.262
5301,0.062,-0.507,10.064,-0.012,0.006,-0.027,26.238
5311,0.048,-0.507,10.083,-0.011,0.006,-0.027,26.238
5321,0.038,-0.493,10.088,-0.012,0.005,-0.027,26.223
5331,0.053,-0.502,10.083,-0.012,0.005,-0.027,26.223
5341,0.053,-0.502,10.088,-0.013,0.006,-0.026,26.227
5351,0.033,-0.493,10.093,-0.012,0.006,-0.026,26.227
5361,0.029,-0.488,10.088,-0.011,0.006,-0.027,26.250
5371,0.033,-0.493,10.083,-0.012,0.006,-0.027,26.250
5381,0.053,-0.507,10.093,-0.012,0.006,-0.027,26.273
5391,0.062,-0.498,10.098,-0.012,0.006,-0.027,26.273
5401,0.057,-0.483,10.074,-0.012,0.006,-0.027,26.211
5411,0.057,-0.488,10.083,-0.012,0.006,-0.027,26.211
5421,0.081,-0.488,10.079,-0.012,0.005,-0.027,26.238
5431,0.081,-0.502,10.088,-0.013,0.006,-0.027,26.238
5441,0.067,-0.493,10.102,-0.012,0.007,-0.027,26.258
5451,0.077,-0.522,10.098,-0.013,0.005,-0.027,26.258
5461,0.081,-0.507,10.083,-0.012,0.006,-0.027,26.227
5471,0.053,-0.507,10.098,-0.012,0.006,-0.027,26.227
5481,0.072,-0.483,10.093,-0.012,0.005,-0.026,26.215
5501,0.053,-0.512,10.093,-0.013,0.006,-0.027,26.227
5511,0.062,-0.498,10.088,-0.012,0.006,-0.027,26.223
5521,0.062,-0.488,10.088,-0.012,0.006,-0.027,26.223
5531,0.062,-0.507,10.045,-0.012,0.006,-0.027,26.219
5541,0.072,-0.512,10.122,-0.012,0.005,-0.027,26.219
5551,0.067,-0.488,10.055,-0.012,0.007,-0.026,26.258
5561,0.048,-0.493,10.107,-0.012,0.005,-0.027,26.258
5571,0.043,-0.502,10.098,-0.012,0.005,-0.027,26.230
5581,0.053,-0.498,10.088,-0.013,0.006,-0.027,26.230
5591,0.048,-0.502,10.083,-0.012,0.006,-0.026,26.246
5601,0.057,-0.493,10.107,-0.011,0.006,-0.027,26.246
5611,0.029,-0.493,10.083,-0.012,0.006,-0.026,26.242
5621,0.038,-0.512,10.102,-0.012,0.006,-0.027,26.242
5631,0.038,-0.493,10.093,-0.011,0.005,-0.028,26.238
5641,0.057,-0.502,10.098,-0.013,0.005,-0.027,26.238
5651,0.053,-0.488,10.093,-0.013,0.006,-0.027,26.246
5661,0.048,-0.493,10.055,-0.012,0.006,-0.027,26.246
5671,0.057,-0.498,10.102,-0.011,0.005,-0.027,26.254
5681,0.067,-0.479,10.083,-0.013,0.006,-0.027,26.254
5691,0.077,-0.479,10.088,-0.012,0.005,-0.027,26.230
5701,0.062,-0.474,10.069,-0.012,0.005,-0.027,26.230
5711,0.072,-0.502,10.079,-0.012,0.005,-0.027,26.227
5721,0.053,-0.498,10.074,-0.012,0.005,-0.027,26.227
5731,0.062,-0.507,10.083,-0.012,0.005,-0.026,26.223
5741,0.067,-0.502,10.069,-0.012,0.006,-0.027,26.223
5751,0.043,-0.502,10.098,-0.013,0.006,-0.026,26.207
5761,0.053,-0.517,10.093,-0.012,0.006,-0.026,26.207
5771,0.072,-0.507,10.083,-0.013,0.006,-0.027,26.246
5781,0.057,-0.507,10.093,-0.013,0.005,-0.027,26.246
5791,0.038,-0.498,10.074,-0.012,0.005,-0.027,26.246
5801,0.062,-0.507,10.079,-0.012,0.005,-0.027,26.246
5811,0.048,-0.483,10.112,-0.012,0.005,-0.027,26.246
5821,0.048,-0.512,10.102,-0.012,0.006,-0.027,26.246
5831,0.057,-0.498,10.107,-0.013,0.006,-0.027,26.266
5841,0.043,-0.483,10.088,-0.012,0.006,-0.026,26.266
5851,0.038,-0.474,10.088,-0.013,0.006,-0.027,26.223
5861,0.053,-0.488,10.083,-0.012,0.006,-0.027,26.223
5871,0.081,-0.488,10.059,-0.012,0.006,-0.026,26.254
5881,0.081,-0.502,10.098,-0.012,0.006,-0.027,26.254
5891,0.072,-0.502,10.074,-0.013,0.005,-0.027,26.258
5901,0.067,-0.493,10.088,-0.012,0.006,-0.027,26.258
5911,0.072,-0.517,10.074,-0.011,0.006,-0.027,26.262
5921,0.024,-0.517,10.098,-0.011,0.005,-0.027,26.262
5931,0.029,-0.507,10.083,-0.012,0.005,-0.028,26.227
5941,0.043,-0.493,10.093,-0.011,0.006,-0.027,26.227
5951,0.038,-0.507,10.093,-0.012,0.006,-0.027,26.219
5961,0.057,-0.493,10.098,-0.012,0.006,-0.026,26.219
5971,0.067,-0.493,10.050,-0.012,0.007,-0.027,26.266
5981,0.081,-0.474,10.083,-0.012,0.006,-0.027,26.266
5991,0.077,-0.483,10.069,-0.012,0.006,-0.027,26.223
6001,0.115,-0.469,10.088,-0.012,0.006,-0.027,26.223
6011,0.100,-0.493,10.098,-0.012,0.007,-0.026,26.234
6021,0.086,-0.459,10.098,-0.013,0.006,-0.027,26.234
6031,0.053,-0.469,10.093,-0.013,0.007,-0.027,26.285
6041,0.053,-0.493,10.083,-0.012,0.006,-0.028,26.285
6051,0.043,-0.498,10.079,-0.012,0.005,-0.027,26.250
6061,0.038,-0.517,10.107,-0.012,0.005,-0.027,26.250
6071,0.033,-0.512,10.117,-0.012,0.006,-0.027,26.254
6081,0.053,-0.522,10.117,-0.012,0.006,-0.027,26.254
6091,0.067,-0.479,10.088,-0.012,0.006,-0.027,26.254
6101,0.077,-0.498,10.083,-0.012,0.006,-0.026,26.254
6111,0.067,-0.493,10.074,-0.012,0.005,-0.027,26.254
6121,0.077,-0.498,10.088,-0.012,0.006,-0.027,26.254
6131,0.062,-0.493,10.083,-0.012,0.005,-0.027,26.191
6141,0.057,-0.498,10.107,-0.011,0.005,-0.028,26.191
6151,0.057,-0.498,10.088,-0.012,0.006,-0.028,26.234
6161,0.033,-0.455,10.102,-0.012,0.006,-0.027,26.234
6171,0.024,-0.493,10.093,-0.012,0.006,-0.027,26.238
6181,0.038,-0.479,10.098,-0.012,0.005,-0.027,26.238
6191,0.043,-0.474,10.083,-0.012,0.005,-0.027,26.277
6201,0.062,-0.488,10.074,-0.011,0.006,-0.027,26.277
6211,0.053,-0.493,10.088,-0.012,0.005,-0.027,26.277
6221,0.081,-0.507,10.098,-0.012,0.006,-0.027,26.277
6231,0.038,-0.507,10.074,-0.012,0.006,-0.027,26.223
6241,0.077,-0.512,10.064,-0.012,0.006,-0.027,26.223
6251,0.067,-0.507,10.083,-0.012,0.005,-0.026,26.246
6261,0.057,-0.502,10.074,-0.012,0.006,-0.026,26.246
6271,0.086,-0.517,10.102,-0.012,0.005,-0.026,26.285
6281,0.081,-0.493,10.079,-0.012,0.005,-0.027,26.285
6291,0.077,-0.493,10.074,-0.012,0.005,-0.027,26.266
6301,0.086,-0.483,10.079,-0.012,0.006,-0.027,26.266
6311,0.057,-0.493,10.098,-0.012,0.006,-0.027,26.242
6321,0.053,-0.474,10.079,-0.012,0.006,-0.027,26.242
6331,0.029,-0.459,10.083,-0.012,0.006,-0.027,26.250
6341,0.038,-0.474,10.088,-0.012,0.006,-0.027,26.250
6351,0.048,-0.488,10.102,-0.012,0.006,-0.027,26.246
6361,0.053,-0.498,10.074,-0.012,0.006,-0.027,26.246
6371,0.077,-0.493,10.093,-0.012,0.006,-0.027,26.250
6381,0.077,-0.498,10.083,-0.012,0.005,-0.027,26.250
6391,0.081,-0.536,10.079,-0.013,0.006,-0.027,26.246
6401,0.062,-0.550,10.079,-0.013,0.006,-0.027,26.246
6411,0.081,-0.517,10.083,-0.012,0.005,-0.027,26.254
6421,0.057,-0.502,10.069,-0.012,0.006,-0.027,26.254
6431,0.067,-0.522,10.064,-0.012,0.006,-0.027,26.258
6441,0.053,-0.502,10.093,-0.012,0.006,-0.027,26.258
6451,0.024,-0.493,10.083,-0.011,0.006,-0.027,26.230
6461,0.057,-0.483,10.102,-0.012,0.006,-0.027,26.230
6471,0.048,-0.464,10.079,-0.012,0.006,-0.027,26.223
6481,0.062,-0.464,10.083,-0.013,0.006,-0.027,26.223
6491,0.072,-0.483,10.083,-0.012,0.004,-0.027,26.258
6501,0.067,-0.488,10.112,-0.012,0.007,-0.027,26.258
6511,0.091,-0.498,10.079,-0.013,0.005,-0.027,26.262
6521,0.077,-0.498,10.093,-0.011,0.005,-0.027,26.262
6531,0.067,-0.479,10.107,-0.012,0.006,-0.027,26.266
6541,0.053,-0.512,10.088,-0.012,0.007,-0.028,26.266
6551,0.033,-0.517,10.064,-0.012,0.005,-0.027,26.242
6561,0.048,-0.522,10.083,-0.012,0.005,-0.027,26.242
6571,0.033,-0.522,10.088,-0.012,0.006,-0.026,26.281
6581,0.048,-0.507,10.074,-0.011,0.006,-0.027,26.281
6591,0.038,-0.483,10.093,-0.012,0.006,-0.027,26.266
6601,0.053,-0.493,10.107,-0.012,0.005,-0.027,26.266
6611,0.048,-0.483,10.079,-0.012,0.006,-0.027,26.242
6621,0.053,-0.498,10.093,-0.012,0.006,-0.027,26.242
6631,0.053,-0.469,10.098,-0.012,0.006,-0.027,26.281
6641,0.062,-0.483,10.088,-0.012,0.006,-0.027,26.281
6651,0.053,-0.493,10.088,-0.011,0.007,-0.027,26.277
6661,0.067,-0.498,10.074,-0.012,0.006,-0.027,26.277
6671,0.062,-0.493,10.079,-0.013,0.005,-0.027,26.273
6681,0.057,-0.493,10.079,-0.013,0.006,-0.027,26.273
6691,0.077,-0.531,10.102,-0.013,0.006,-0.027,26.285
6701,0.067,-0.507,10.102,-0.011,0.006,-0.027,26.285
6711,0.057,-0.502,10.083,-0.012,0.006,-0.027,26.262
6721,0.067,-0.493,10.088,-0.011,0.005,-0.027,26.262
6731,0.038,-0.493,10.069,-0.012,0.006,-0.027,26.293
6741,0.048,-0.483,10.088,-0.011,0.006,-0.027,26.293
6751,0.048,-0.469,10.093,-0.011,0.006,-0.026,26.254
6771,0.057,-0.483,10.102,-0.013,0.006,-0.027,26.289
6781,0.057,-0.488,10.064,-0.012,0.006,-0.026,26.238
6791,0.062,-0.483,10.088,-0.012,0.005,-0.027,26.238
6801,0.057,-0.488,10.079,-0.012,0.006,-0.026,26.285
6811,0.086,-0.493,10.088,-0.012,0.007,-0.027,26.285
6821,0.048,-0.493,10.083,-0.012,0.006,-0.027,26.316
6831,0.072,-0.512,10.098,-0.012,0.006,-0.027,26.316
6841,0.062,-0.502,10.093,-0.012,0.006,-0.027,26.289
6851,0.067,-0.483,10.083,-0.012,0.007,-0.027,26.289
6861,0.062,-0.493,10.074,-0.012,0.006,-0.028,26.266
6871,0.086,-0.498,10.074,-0.012,0.006,-0.027,26.266
6881,0.038,-0.488,10.083,-0.011,0.007,-0.027,26.242
6891,0.062,-0.483,10.098,-0.012,0.006,-0.027,26.242
6901,0.053,-0.474,10.093,-0.012,0.006,-0.027,26.289
6911,0.067,-0.502,10.088,-0.012,0.006,-0.026,26.289
6921,0.067,-0.512,10.093,-0.012,0.006,-0.026,26.242
6931,0.062,-0.507,10.093,-0.012,0.006,-0.027,26.242
6941,0.057,-0.507,10.098,-0.012,0.007,-0.027,26.285
6951,0.048,-0.522,10.093,-0.012,0.006,-0.027,26.285
6961,0.043,-0.483,10.088,-0.012,0.006,-0.027,26.227
6971,0.096,-0.512,10.079,-0.012,0.006,-0.026,26.227
6981,0.077,-0.493,10.107,-0.012,0.006,-0.027,26.242
6991,0.072,-0.493,10.083,-0.011,0.006,-0.027,26.242
7001,0.067,-0.488,10.074,-0.012,0.006,-0.027,26.246
7011,0.062,-0.493,10.083,-0.012,0.006,-0.026,26.246
7021,0.048,-0.493,10.079,-0.012,0.006,-0.026,26.262
7031,0.057,-0.502,10.088,-0.011,0.006,-0.027,26.262
7041,0.048,-0.498,10.088,-0.011,0.006,-0.026,26.262
7051,0.057,-0.502,10.074,-0.011,0.006,-0.027,26.262
7061,0.043,-0.502,10.102,-0.012,0.006,-0.027,26.273
7071,0.057,-0.512,10.098,-0.012,0.006,-0.027,26.273
7081,0.072,-0.502,10.074,-0.012,0.006,-0.027,26.277
7091,0.062,-0.512,10.083,-0.012,0.006,-0.027,26.277
7101,0.072,-0.502,10.098,-0.012,0.006,-0.027,26.258
7111,0.091,-0.512,10.093,-0.012,0.006,-0.027,26.258
7121,0.053,-0.488,10.083,-0.011,0.006,-0.027,26.254
7131,0.057,-0.502,10.079,-0.012,0.006,-0.027,26.254
7141,0.072,-0.483,10.107,-0.012,0.006,-0.027,26.250
7151,0.057,-0.474,10.083,-0.012,0.005,-0.027,26.250
7161,0.053,-0.474,10.102,-0.012,0.007,-0.026,26.254
7171,0.067,-0.474,10.083,-0.012,0.006,-0.027,26.254
7181,0.043,-0.498,10.069,-0.012,0.006,-0.027,26.281
7191,0.072,-0.498,10.059,-0.013,0.006,-0.027,26.281
7201,0.048,-0.493,10.117,-0.012,0.005,-0.027,26.238
7211,0.043,-0.502,10.093,-0.013,0.005,-0.027,26.238
7221,0.033,-0.507,10.112,-0.012,0.005,-0.027,26.242
7231,0.043,-0.512,10.093,-0.012,0.006,-0.026,26.242
7241,0.029,-0.493,10.083,-0.012,0.006,-0.026,26.258
7251,0.062,-0.498,10.093,-0.012,0.006,-0.027,26.258
7261,0.077,-0.512,10.088,-0.013,0.005,-0.027,26.270
7271,0.077,-0.507,10.098,-0.013,0.006,-0.027,26.270
7281,0.077,-0.483,10.107,-0.012,0.006,-0.027,26.270
7291,0.067,-0.483,10.088,-0.012,0.006,-0.026,26.270
7301,0.077,-0.479,10.069,-0.013,0.006,-0.027,26.230
7311,0.077,-0.483,10.088,-0.013,0.005,-0.028,26.230
7321,0.048,-0.474,10.098,-0.013,0.005,-0.027,26.273
7331,0.048,-0.502,10.107,-0.012,0.005,-0.027,26.273
7341,0.033,-0.512,10.093,-0.012,0.005,-0.027,26.258
7351,0.014,-0.502,10.107,-0.012,0.006,-0.027,26.258
7361,0.038,-0.512,10.088,-0.011,0.007,-0.027,26.242
7371,0.053,-0.526,10.088,-0.012,0.007,-0.026,26.242
7381,0.053,-0.502,10.098,-0.012,0.006,-0.027,26.266
7391,0.033,-0.517,10.083,-0.012,0.006,-0.027,26.266
7401,0.067,-0.522,10.088,-0.013,0.007,-0.027,26.254
7411,0.096,-0.498,10.079,-0.012,0.005,-0.027,26.254
7421,0.062,-0.512,10.098,-0.012,0.006,-0.027,26.234
7431,0.086,-0.493,10.069,-0.012,0.006,-0.026,26.234
7441,0.086,-0.493,10.107,-0.012,0.006,-0.027,26.238
7451,0.072,-0.474,10.088,-0.012,0.006,-0.027,26.238
7461,0.072,-0.474,10.088,-0.012,0.007,-0.026,26.184
7471,0.072,-0.479,10.088,-0.012,0.006,-0.026,26.184
7481,0.057,-0.459,10.098,-0.012,0.006,-0.026,26.262
7491,0.062,-0.479,10.107,-0.012,0.006,-0.027,26.262
7501,0.043,-0.488,10.093,-0.012,0.006,-0.027,26.246
7511,0.057,-0.502,10.088,-0.011,0.005,-0.026,26.246
7521,0.072,-0.502,10.093,-0.012,0.006,-0.027,26.305
7531,0.057,-0.512,10.074,-0.013,0.006,-0.027,26.305
7541,0.048,-0.522,10.083,-0.012,0.006,-0.027,26.246
7551,0.086,-0.531,10.074,-0.012,0.005,-0.027,26.246
7561,0.072,-0.526,10.098,-0.012,0.006,-0.027,26.270
7571,0.053,-0.522,10.088,-0.013,0.006,-0.027,26.270
7581,0.067,-0.507,10.098,-0.012,0.006,-0.027,26.273
7591,0.072,-0.498,10.117,-0.012,0.005,-0.027,26.273
7601,0.077,-0.479,10.074,-0.012,0.005,-0.027,26.266
7611,0.072,-0.498,10.093,-0.012,0.006,-0.027,26.266
7621,0.043,-0.479,10.079,-0.012,0.005,-0.027,26.258
7631,0.048,-0.459,10.112,-0.012,0.006,-0.027,26.258
7641,0.062,-0.493,10.117,-0.011,0.006,-0.027,26.238
7651,0.048,-0.498,10.088,-0.012,0.007,-0.027,26.238
7661,0.048,-0.474,10.098,-0.012,0.006,-0.026,26.270
7671,0.043,-0.493,10.069,-0.012,0.006,-0.026,26.270
7681,0.057,-0.507,10.064,-0.012,0.006,-0.026,26.266
7691,0.057,-0.517,10.093,-0.012,0.006,-0.027,26.266
7701,0.067,-0.507,10.107,-0.012,0.005,-0.027,26.250
7711,0.062,-0.517,10.102,-0.011,0.006,-0.027,26.250
7721,0.072,-0.493,10.074,-0.012,0.006,-0.027,26.254
7731,0.077,-0.498,10.088,-0.012,0.006,-0.027,26.254
7741,0.057,-0.498,10.079,-0.011,0.006,-0.027,26.266
7751,0.057,-0.479,10.093,-0.011,0.006,-0.027,26.266
7761,0.062,-0.479,10.098,-0.012,0.006,-0.026,26.289
7771,0.043,-0.474,10.112,-0.012,0.006,-0.027,26.289
7781,0.053,-0.469,10.102,-0.011,0.006,-0.027,26.277
7791,0.053,-0.479,10.088,-0.013,0.006,-0.027,26.277
7801,0.072,-0.483,10.102,-0.013,0.005,-0.026,26.277
7811,0.067,-0.479,10.107,-0.012,0.005,-0.027,26.277
7821,0.067,-0.498,10.093,-0.012,0.006,-0.027,26.273
7831,0.072,-0.493,10.064,-0.012,0.006,-0.026,26.273
7841,0.105,-0.493,10.069,-0.012,0.005,-0.027,26.254
7851,0.081,-0.512,10.079,-0.012,0.006,-0.027,26.254
7861,0.057,-0.498,10.102,-0.012,0.006,-0.027,26.285
7871,0.072,-0.488,10.079,-0.011,0.005,-0.027,26.285
7881,0.053,-0.488,10.083,-0.012,0.006,-0.026,26.234
7891,0.019,-0.493,10.093,-0.013,0.007,-0.027,26.234
7901,0.024,-0.498,10.117,-0.013,0.006,-0.026,26.301
7911,0.053,-0.493,10.093,-0.012,0.006,-0.027,26.301
7921,0.033,-0.507,10.088,-0.013,0.007,-0.027,26.289
7931,0.077,-0.493,10.083,-0.012,0.007,-0.027,26.289
7941,0.091,-0.493,10.088,-0.012,0.007,-0.027,26.301
7951,0.096,-0.493,10.079,-0.012,0.006,-0.027,26.301
7961,0.077,-0.488,10.079,-0.012,0.006,-0.027,26.238
7971,0.081,-0.483,10.074,-0.012,0.006,-0.027,26.238
7981,0.081,-0.488,10.074,-0.012,0.005,-0.026,26.297
7991,0.067,-0.488,10.083,-0.012,0.005,-0.027,26.297
8001,0.077,-0.483,10.093,-0.012,0.005,-0.027,26.273
8011,0.057,-0.493,10.083,-0.012,0.006,-0.027,26.273
8021,0.024,-0.493,10.112,-0.012,0.005,-0.027,26.258
8031,0.048,-0.493,10.102,-0.011,0.005,-0.027,26.258
8041,0.053,-0.483,10.093,-0.012,0.006,-0.026,26.313
8051,0.043,-0.498,10.088,-0.013,0.006,-0.027,26.313
8071,0.053,-0.502,10.064,-0.012,0.005,-0.027,26.320
8081,0.067,-0.498,10.083,-0.012,0.006,-0.027,26.320
8091,0.062,-0.488,10.102,-0.012,0.006,-0.027,26.234
8101,0.053,-0.498,10.112,-0.012,0.006,-0.027,26.234
8111,0.053,-0.498,10.088,-0.012,0.006,-0.027,26.219
8121,0.067,-0.488,10.093,-0.011,0.006,-0.027,26.219
8131,0.053,-0.483,10.064,-0.013,0.006,-0.027,26.285
8141,0.043,-0.498,10.098,-0.012,0.006,-0.027,26.285
8151,0.033,-0.488,10.088,-0.012,0.006,-0.027,26.254
8161,0.053,-0.507,10.088,-0.013,0.006,-0.027,26.254
8171,0.067,-0.507,10.088,-0.012,0.006,-0.027,26.258
8181,0.062,-0.502,10.093,-0.012,0.006,-0.027,26.258
8191,0.048,-0.502,10.083,-0.012,0.006,-0.026,26.316
8201,0.057,-0.517,10.093,-0.012,0.006,-0.026,26.316
8211,0.072,-0.531,10.107,-0.012,0.006,-0.027,26.262
8221,0.072,-0.502,10.107,-0.012,0.005,-0.027,26.262
8231,0.057,-0.522,10.088,-0.012,0.007,-0.027,26.246
8241,0.072,-0.502,10.083,-0.012,0.006,-0.027,26.246
8251,0.072,-0.493,10.088,-0.012,0.005,-0.027,26.262
8261,0.053,-0.488,10.079,-0.012,0.006,-0.026,26.262
8271,0.053,-0.488,10.102,-0.012,0.005,-0.027,26.238
8281,0.077,-0.488,10.079,-0.012,0.005,-0.027,26.238
8291,0.057,-0.493,10.079,-0.012,0.006,-0.027,26.219
8301,0.057,-0.502,10.107,-0.012,0.006,-0.026,26.219
8311,0.043,-0.498,10.102,-0.012,0.006,-0.027,26.246
8321,0.043,-0.502,10.098,-0.012,0.006,-0.027,26.246
8331,0.038,-0.488,10.098,-0.012,0.006,-0.027,26.281
8341,0.057,-0.498,10.131,-0.012,0.006,-0.026,26.281
8351,0.062,-0.512,10.088,-0.012,0.006,-0.026,26.246
8361,0.067,-0.493,10.093,-0.012,0.006,-0.027,26.246
8371,0.062,-0.522,10.079,-0.012,0.006,-0.027,26.230
8381,0.086,-0.493,10.088,-0.011,0.006,-0.026,26.230
8391,0.086,-0.507,10.079,-0.012,0.005,-0.026,26.254
8401,0.072,-0.512,10.102,-0.012,0.007,-0.026,26.254
8411,0.081,-0.479,10.088,-0.012,0.007,-0.026,26.305
8421,0.057,-0.488,10.083,-0.012,0.006,-0.026,26.305
8431,0.053,-0.469,10.098,-0.012,0.006,-0.027,26.250
8441,0.062,-0.483,10.102,-0.011,0.006,-0.027,26.250
8451,0.057,-0.502,10.083,-0.012,0.006,-0.027,26.273
8461,0.072,-0.483,10.083,-0.011,0.006,-0.027,26.273
8471,0.053,-0.502,10.093,-0.012,0.005,-0.027,26.281
8481,0.072,-0.512,10.069,-0.012,0.006,-0.026,26.281
8491,0.072,-0.512,10.112,-0.011,0.006,-0.027,26.219
8501,0.053,-0.526,10.074,-0.012,0.007,-0.027,26.219
8511,0.067,-0.498,10.074,-0.012,0.006,-0.027,26.254
8521,0.062,-0.498,10.088,-0.011,0.006,-0.027,26.254
8531,0.048,-0.502,10.093,-0.011,0.006,-0.027,26.250
8541,0.062,-0.502,10.093,-0.012,0.006,-0.027,26.250
8551,0.072,-0.488,10.088,-0.012,0.006,-0.027,26.258
8561,0.072,-0.488,10.107,-0.012,0.006,-0.027,26.258
8571,0.072,-0.479,10.102,-0.012,0.006,-0.027,26.254
8581,0.062,-0.493,10.083,-0.012,0.005,-0.027,26.254
8591,0.067,-0.479,10.088,-0.012,0.006,-0.027,26.238
8601,0.067,-0.512,10.079,-0.012,0.006,-0.027,26.238
8611,0.067,-0.493,10.112,-0.012,0.006,-0.026,26.246
8621,0.072,-0.488,10.083,-0.013,0.006,-0.026,26.246
8631,0.067,-0.522,10.083,-0.012,0.006,-0.026,26.246
8641,0.062,-0.507,10.088,-0.012,0.005,-0.026,26.246
8651,0.057,-0.507,10.088,-0.012,0.006,-0.027,26.250
8661,0.081,-0.507,10.093,-0.012,0.005,-0.026,26.250
8671,0.067,-0.488,10.098,-0.012,0.006,-0.026,26.246
8681,0.053,-0.498,10.088,-0.012,0.005,-0.027,26.246
8691,0.048,-0.483,10.083,-0.013,0.006,-0.027,26.273
8701,0.043,-0.502,10.083,-0.012,0.006,-0.027,26.273
8711,0.043,-0.498,10.102,-0.012,0.006,-0.027,26.246
8721,0.048,-0.479,10.107,-0.012,0.006,-0.026,26.246
8731,0.048,-0.507,10.093,-0.012,0.006,-0.026,26.246
8741,0.029,-0.493,10.083,-0.012,0.007,-0.026,26.246
8751,0.062,-0.498,10.088,-0.011,0.005,-0.027,26.227
8761,0.062,-0.498,10.088,-0.012,0.005,-0.027,26.227
8771,0.072,-0.488,10.093,-0.012,0.005,-0.026,26.262
8781,0.053,-0.488,10.074,-0.012,0.006,-0.026,26.262
8791,0.053,-0.507,10.083,-0.012,0.005,-0.027,26.258
8801,0.081,-0.498,10.088,-0.012,0.006,-0.027,26.258
8811,0.053,-0.493,10.093,-0.012,0.006,-0.027,26.258
8821,0.048,-0.498,10.088,-0.012,0.005,-0.027,26.258
8831,0.057,-0.488,10.098,-0.012,0.006,-0.027,26.258
8841,0.067,-0.493,10.083,-0.012,0.006,-0.027,26.258
8851,0.038,-0.483,10.074,-0.012,0.006,-0.027,26.270
8861,0.038,-0.479,10.079,-0.012,0.006,-0.027,26.270
8871,0.057,-0.488,10.093,-0.012,0.006,-0.026,26.246
8881,0.057,-0.483,10.098,-0.012,0.005,-0.026,26.246
8891,0.062,-0.479,10.093,-0.011,0.005,-0.027,26.273
8901,0.067,-0.507,10.069,-0.012,0.006,-0.027,26.273
8911,0.038,-0.502,10.079,-0.012,0.005,-0.027,26.242
8921,0.077,-0.498,10.098,-0.012,0.005,-0.027,26.242
8931,0.077,-0.493,10.102,-0.012,0.005,-0.026,26.262
8941,0.057,-0.498,10.093,-0.012,0.005,-0.027,26.262
8951,0.081,-0.483,10.083,-0.012,0.006,-0.026,26.266
8961,0.062,-0.502,10.093,-0.012,0.005,-0.027,26.266
8971,0.062,-0.512,10.102,-0.012,0.006,-0.027,26.285
8981,0.038,-0.498,10.107,-0.012,0.005,-0.027,26.285
8991,0.043,-0.507,10.093,-0.013,0.006,-0.027,26.262
9001,0.033,-0.502,10.088,-0.012,0.006,-0.028,26.262
9011,0.029,-0.493,10.079,-0.012,0.006,-0.026,26.273
9021,0.057,-0.522,10.093,-0.012,0.005,-0.027,26.273
9031,0.053,-0.512,10.098,-0.012,0.005,-0.027,26.254
9041,0.053,-0.507,10.083,-0.012,0.006,-0.027,26.254
9051,0.057,-0.507,10.093,-0.012,0.006,-0.027,26.305
9061,0.086,-0.512,10.069,-0.012,0.006,-0.027,26.305
9071,0.067,-0.517,10.107,-0.012,0.005,-0.027,26.230
9081,0.067,-0.488,10.074,-0.013,0.006,-0.027,26.230
9091,0.077,-0.502,10.102,-0.012,0.005,-0.027,26.266
9101,0.067,-0.498,10.098,-0.012,0.006,-0.026,26.266
9111,0.062,-0.502,10.093,-0.012,0.006,-0.027,26.262
9121,0.067,-0.493,10.093,-0.012,0.006,-0.027,26.262
9131,0.057,-0.488,10.088,-0.012,0.006,-0.027,26.277
9141,0.077,-0.502,10.079,-0.012,0.006,-0.027,26.277
9151,0.053,-0.502,10.088,-0.011,0.005,-0.027,26.262
9161,0.072,-0.512,10.107,-0.012,0.005,-0.027,26.262
9171,0.048,-0.502,10.102,-0.012,0.006,-0.026,26.262
9181,0.077,-0.517,10.107,-0.013,0.006,-0.026,26.262
9191,0.077,-0.498,10.107,-0.012,0.006,-0.027,26.328
9201,0.081,-0.507,10.098,-0.012,0.006,-0.027,26.328
9211,0.067,-0.498,10.069,-0.012,0.005,-0.027,26.242
9221,0.081,-0.502,10.079,-0.012,0.005,-0.027,26.242
9231,0.057,-0.502,10.083,-0.012,0.006,-0.027,26.254
9241,0.038,-0.493,10.117,-0.013,0.006,-0.027,26.254
9251,0.033,-0.507,10.112,-0.012,0.006,-0.027,26.266
9261,0.043,-0.474,10.088,-0.012,0.005,-0.027,26.266
9271,0.043,-0.483,10.098,-0.012,0.006,-0.027,26.273
9281,0.043,-0.483,10.088,-0.013,0.006,-0.026,26.273
9291,0.048,-0.488,10.074,-0.012,0.007,-0.027,26.254
9301,0.043,-0.493,10.093,-0.012,0.006,-0.027,26.254
9311,0.072,-0.512,10.102,-0.012,0.007,-0.026,26.258
9321,0.062,-0.502,10.088,-0.012,0.006,-0.026,26.258
9331,0.081,-0.522,10.074,-0.011,0.006,-0.027,26.211
9341,0.081,-0.507,10.079,-0.011,0.006,-0.027,26.211
9351,0.081,-0.498,10.079,-0.012,0.006,-0.026,26.273
9371,0.081,-0.493,10.083,-0.012,0.005,-0.027,26.258
9381,0.038,-0.507,10.093,-0.012,0.007,-0.027,26.254
9391,0.038,-0.502,10.093,-0.012,0.006,-0.027,26.254
9401,0.010,-0.493,10.098,-0.012,0.006,-0.027,26.223
9411,0.029,-0.512,10.093,-0.012,0.006,-0.027,26.223
9421,0.048,-0.498,10.107,-0.011,0.006,-0.027,26.219
9431,0.062,-0.512,10.102,-0.011,0.006,-0.027,26.219
9441,0.062,-0.502,10.107,-0.011,0.006,-0.027,26.270
9451,0.091,-0.507,10.074,-0.012,0.006,-0.027,26.270
9461,0.077,-0.488,10.083,-0.012,0.007,-0.027,26.262
9471,0.072,-0.483,10.102,-0.012,0.007,-0.027,26.262
9481,0.053,-0.502,10.083,-0.012,0.006,-0.027,26.238
9491,0.057,-0.483,10.102,-0.011,0.006,-0.027,26.238
9501,0.038,-0.479,10.093,-0.012,0.006,-0.027,26.230
9511,0.053,-0.483,10.074,-0.013,0.006,-0.027,26.230
9521,0.043,-0.488,10.083,-0.013,0.006,-0.026,26.277
9531,0.048,-0.502,10.102,-0.012,0.006,-0.026,26.277
9541,0.057,-0.512,10.074,-0.011,0.006,-0.027,26.234
9551,0.062,-0.507,10.088,-0.011,0.006,-0.027,26.234
9561,0.053,-0.498,10.088,-0.012,0.006,-0.027,26.250
9571,0.038,-0.493,10.079,-0.012,0.006,-0.027,26.250
9581,0.057,-0.507,10.083,-0.012,0.006,-0.027,26.234
9591,0.033,-0.517,10.079,-0.011,0.007,-0.027,26.234
9601,0.062,-0.488,10.122,-0.012,0.006,-0.027,26.227
9611,0.057,-0.493,10.074,-0.011,0.007,-0.027,26.227
9621,0.077,-0.464,10.074,-0.012,0.005,-0.027,26.230
9631,0.077,-0.483,10.079,-0.011,0.006,-0.026,26.230
9641,0.053,-0.459,10.064,-0.012,0.006,-0.026,26.223
9651,0.033,-0.483,10.102,-0.012,0.007,-0.027,26.223
9661,0.029,-0.502,10.079,-0.012,0.006,-0.027,26.266
9671,0.029,-0.507,10.079,-0.012,0.007,-0.026,26.266
9681,0.000,-0.498,10.079,-0.012,0.005,-0.026,26.246
9691,0.033,-0.517,10.074,-0.013,0.006,-0.026,26.246
9701,0.053,-0.502,10.088,-0.011,0.006,-0.027,26.242
9711,0.072,-0.512,10.074,-0.011,0.006,-0.026,26.242
9721,0.100,-0.517,10.074,-0.012,0.007,-0.027,26.238
9731,0.096,-0.502,10.069,-0.012,0.006,-0.027,26.238
9741,0.091,-0.502,10.074,-0.012,0.006,-0.027,26.250
9751,0.100,-0.488,10.083,-0.012,0.006,-0.027,26.250
9761,0.086,-0.483,10.079,-0.012,0.007,-0.027,26.230
9771,0.029,-0.502,10.093,-0.012,0.006,-0.027,26.230
9781,0.019,-0.479,10.074,-0.013,0.006,-0.026,26.246
9791,0.019,-0.488,10.083,-0.012,0.006,-0.027,26.246
9801,0.029,-0.502,10.088,-0.012,0.006,-0.027,26.230
9811,0.043,-0.493,10.093,-0.011,0.007,-0.027,26.230
9821,0.057,-0.483,10.102,-0.012,0.006,-0.026,26.223
9831,0.067,-0.493,10.074,-0.012,0.006,-0.027,26.223
9841,0.096,-0.474,10.079,-0.012,0.007,-0.026,26.250
9851,0.086,-0.493,10.074,-0.012,0.006,-0.027,26.250
9861,0.096,-0.507,10.079,-0.012,0.006,-0.027,26.246
9871,0.077,-0.507,10.083,-0.013,0.006,-0.027,26.246
9881,0.048,-0.512,10.083,-0.012,0.005,-0.027,26.254
9891,0.029,-0.483,10.102,-0.012,0.006,-0.027,26.254
9901,0.043,-0.512,10.102,-0.012,0.006,-0.027,26.262
9911,0.029,-0.507,10.098,-0.012,0.006,-0.027,26.262
9921,0.043,-0.498,10.093,-0.012,0.006,-0.026,26.230
9931,0.053,-0.493,10.088,-0.011,0.006,-0.027,26.230
9941,0.062,-0.493,10.064,-0.012,0.006,-0.027,26.230
9951,0.072,-0.502,10.079,-0.012,0.005,-0.027,26.230
9961,0.062,-0.512,10.102,-0.013,0.005,-0.027,26.270
9971,0.057,-0.526,10.093,-0.013,0.005,-0.027,26.270
9981,0.048,-0.512,10.074,-0.013,0.006,-0.027,26.242
9991,0.081,-0.502,10.088,-0.013,0.006,-0.027,26.242
10001,0.062,-0.498,10.098,-0.013,0.005,-0.027,26.250
10011,0.053,-0.483,10.093,-0.013,0.005,-0.027,26.250
10021,0.081,-0.498,10.069,-0.012,0.005,-0.027,26.250
10031,0.062,-0.493,10.069,-0.013,0.006,-0.027,26.250
10041,0.057,-0.479,10.079,-0.012,0.005,-0.026,26.223
10051,0.062,-0.488,10.117,-0.012,0.006,-0.026,26.223
10061,0.072,-0.464,10.079,-0.012,0.007,-0.026,26.258
10071,0.043,-0.488,10.074,-0.011,0.006,-0.028,26.258
10081,0.057,-0.498,10.098,-0.012,0.006,-0.027,26.238
10091,0.043,-0.507,10.093,-0.012,0.005,-0.027,26.238
10101,0.072,-0.502,10.074,-0.013,0.005,-0.026,26.234
10111,0.057,-0.488,10.102,-0.012,0.006,-0.027,26.234
10121,0.048,-0.526,10.102,-0.013,0.005,-0.027,26.254
10131,0.057,-0.517,10.079,-0.012,0.006,-0.027,26.254
10141,0.067,-0.512,10.069,-0.012,0.006,-0.027,26.289
10151,0.057,-0.493,10.083,-0.012,0.006,-0.027,26.289
10161,0.067,-0.498,10.083,-0.012,0.005,-0.027,26.285
10171,0.043,-0.498,10.083,-0.012,0.006,-0.027,26.285
10181,0.067,-0.493,10.079,-0.011,0.005,-0.027,26.215
10191,0.062,-0.479,10.083,-0.012,0.005,-0.027,26.215
10201,0.057,-0.493,10.059,-0.012,0.006,-0.027,26.234
10211,0.067,-0.498,10.098,-0.011,0.006,-0.027,26.234
10221,0.048,-0.488,10.107,-0.012,0.006,-0.026,26.250
10231,0.043,-0.498,10.117,-0.011,0.006,-0.027,26.250
10241,0.048,-0.493,10.093,-0.012,0.006,-0.026,26.297
10251,0.043,-0.498,10.093,-0.011,0.005,-0.026,26.297
10261,0.057,-0.502,10.059,-0.012,0.006,-0.027,26.242
10271,0.067,-0.512,10.069,-0.013,0.006,-0.027,26.242
10281,0.038,-0.512,10.050,-0.012,0.006,-0.027,26.273
10291,0.072,-0.507,10.069,-0.012,0.005,-0.027,26.273
10301,0.057,-0.517,10.088,-0.012,0.005,-0.026,26.242
10311,0.057,-0.502,10.083,-0.012,0.005,-0.027,26.242
10321,0.062,-0.507,10.083,-0.012,0.006,-0.027,26.238
10331,0.057,-0.507,10.079,-0.012,0.005,-0.026,26.238
10341,0.053,-0.502,10.107,-0.012,0.006,-0.027,26.230
10351,0.024,-0.502,10.098,-0.012,0.006,-0.027,26.230
10361,0.038,-0.493,10.088,-0.012,0.006,-0.027,26.211
10371,0.072,-0.483,10.074,-0.012,0.006,-0.026,26.211
10381,0.077,-0.488,10.107,-0.012,0.006,-0.026,26.195
10391,0.077,-0.498,10.074,-0.012,0.006,-0.027,26.195
10401,0.062,-0.488,10.074,-0.012,0.006,-0.027,26.246
10411,0.077,-0.469,10.088,-0.012,0.005,-0.027,26.246
10421,0.086,-0.488,10.050,-0.012,0.006,-0.027,26.207
10431,0.077,-0.512,10.122,-0.013,0.005,-0.027,26.207
10441,0.062,-0.512,10.074,-0.013,0.007,-0.027,26.277
10451,0.072,-0.502,10.122,-0.012,0.004,-0.028,26.277
10461,0.043,-0.517,10.093,-0.012,0.007,-0.027,26.230
10471,0.038,-0.512,10.088,-0.012,0.004,-0.027,26.230
10481,0.057,-0.507,10.088,-0.012,0.007,-0.026,26.203
10491,0.033,-0.474,10.098,-0.012,0.005,-0.026,26.203
10501,0.043,-0.483,10.088,-0.012,0.006,-0.026,26.215
10511,0.081,-0.502,10.112,-0.012,0.006,-0.026,26.215
10521,0.072,-0.483,10.107,-0.013,0.006,-0.027,26.180
10531,0.048,-0.498,10.079,-0.012,0.006,-0.027,26.180
10541,0.086,-0.498,10.074,-0.013,0.005,-0.027,26.238
10551,0.053,-0.493,10.064,-0.012,0.006,-0.027,26.238
10561,0.057,-0.493,10.107,-0.012,0.005,-0.027,26.219
10571,0.048,-0.517,10.088,-0.012,0.006,-0.027,26.219
10581,0.029,-0.502,10.079,-0.012,0.005,-0.027,26.238
10591,0.048,-0.507,10.079,-0.012,0.006,-0.027,26.238
10601,0.033,-0.507,10.088,-0.011,0.006,-0.026,26.223
10611,0.053,-0.502,10.083,-0.012,0.007,-0.026,26.223
10621,0.057,-0.493,10.079,-0.011,0.007,-0.026,26.230
10641,0.062,-0.479,10.083,-0.012,0.006,-0.027,26.281
10651,0.072,-0.483,10.083,-0.011,0.006,-0.027,26.273
10661,0.062,-0.526,10.093,-0.011,0.006,-0.027,26.273
10671,0.067,-0.507,10.098,-0.011,0.006,-0.027,26.238
10681,0.062,-0.507,10.088,-0.011,0.007,-0.027,26.238
10691,0.072,-0.507,10.093,-0.012,0.007,-0.026,26.281
10701,0.048,-0.522,10.093,-0.011,0.007,-0.027,26.281
10711,0.043,-0.493,10.098,-0.012,0.007,-0.026,26.266
10721,0.038,-0.507,10.107,-0.011,0.009,-0.026,26.266
10731,0.038,-0.488,10.083,-0.011,0.007,-0.026,26.246
10741,0.062,-0.479,10.088,-0.012,0.009,-0.026,26.246
10751,0.057,-0.493,10.112,-0.012,0.009,-0.027,26.270
10761,0.077,-0.493,10.107,-0.013,0.009,-0.028,26.270
10771,0.072,-0.498,10.112,-0.013,0.009,-0.029,26.262
10781,0.062,-0.474,10.074,-0.015,0.005,-0.028,26.262
10791,0.038,-0.488,10.059,-0.015,0.009,-0.026,26.227
10801,0.043,-0.474,10.117,-0.016,0.011,-0.024,26.227
10811,0.038,-0.502,10.079,-0.016,0.004,-0.026,26.270
10821,0.057,-0.493,10.083,-0.012,0.004,-0.027,26.270
10831,0.077,-0.517,10.093,-0.011,0.004,-0.028,26.270
10841,0.038,-0.498,10.098,-0.012,0.009,-0.027,26.270
10851,0.067,-0.493,10.074,-0.013,0.007,-0.026,26.281
10861,0.048,-0.502,10.093,-0.012,0.007,-0.027,26.281
10871,0.067,-0.488,10.079,-0.012,0.004,-0.027,26.277
10881,0.043,-0.493,10.107,-0.012,0.007,-0.027,26.277
10891,0.048,-0.488,10.079,-0.012,0.006,-0.027,26.262
10901,0.038,-0.488,10.088,-0.013,0.005,-0.027,26.262
10911,0.062,-0.498,10.107,-0.015,0.001,-0.028,26.234
10921,0.033,-0.512,10.064,-0.015,0.002,-0.028,26.234
10931,0.043,-0.479,10.021,-0.015,0.006,-0.026,26.227
10941,0.081,-0.493,10.222,-0.011,0.000,-0.026,26.227
10951,0.033,-0.483,10.069,-0.012,0.006,-0.024,26.211
10961,0.048,-0.469,10.040,-0.012,0.005,-0.024,26.211
10971,0.048,-0.502,10.107,-0.012,0.005,-0.024,26.289
10981,0.053,-0.502,10.031,-0.011,0.005,-0.024,26.289
10991,0.043,-0.522,10.102,-0.012,0.005,-0.026,26.254
11001,0.062,-0.522,10.150,-0.012,0.002,-0.026,26.254
11011,0.067,-0.541,10.102,-0.011,0.010,-0.024,26.230
11021,0.043,-0.507,10.069,-0.011,0.009,-0.024,26.230
11031,0.072,-0.522,10.069,-0.011,0.007,-0.026,26.223
11041,0.081,-0.493,10.069,-0.011,0.006,-0.026,26.223
11051,0.096,-0.507,10.112,-0.012,0.004,-0.027,26.230
11061,0.086,-0.469,10.102,-0.012,0.007,-0.027,26.230
11071,0.048,-0.483,10.064,-0.012,0.006,-0.027,26.262
11081,0.053,-0.479,10.107,-0.012,0.006,-0.027,26.262
11091,0.048,-0.498,10.055,-0.012,0.006,-0.027,26.273
11101,0.014,-0.502,10.079,-0.012,0.005,-0.027,26.273
11111,0.038,-0.517,10.131,-0.012,0.005,-0.028,26.242
11121,0.033,-0.526,10.074,-0.012,0.007,-0.026,26.242
11131,0.062,-0.526,10.107,-0.012,0.007,-0.027,26.254
11141,0.043,-0.522,10.083,-0.012,0.007,-0.026,26.254
11151,0.081,-0.512,10.055,-0.012,0.007,-0.026,26.273
11161,0.081,-0.512,10.079,-0.012,0.006,-0.026,26.273
11171,0.100,-0.498,10.098,-0.012,0.006,-0.026,26.266
11181,0.081,-0.498,10.117,-0.012,0.005,-0.026,26.266
11191,0.057,-0.502,10.083,-0.012,0.005,-0.027,26.293
11201,0.043,-0.474,10.055,-0.013,0.006,-0.026,26.293
11211,0.029,-0.498,10.098,-0.013,0.004,-0.027,26.270
11221,0.024,-0.483,10.079,-0.016,0.005,-0.027,26.270
11231,0.062,-0.498,10.107,-0.018,-0.004,-0.029,26.250
11241,0.038,-0.498,10.102,-0.016,-0.007,-0.031,26.250
11251,0.053,-0.502,10.107,-0.015,-0.005,-0.031,26.266
11261,0.072,-0.493,10.098,-0.018,-0.005,-0.031,26.266
11271,0.100,-0.522,10.083,-0.018,-0.006,-0.032,26.254
11281,0.086,-0.502,10.064,-0.017,-0.006,-0.033,26.254
11291,0.077,-0.507,10.064,-0.017,-0.005,-0.035,26.250
11301,0.096,-0.507,10.069,-0.017,-0.002,-0.035,26.250
11311,0.010,-0.469,10.102,-0.013,0.001,-0.035,26.254
11321,0.072,-0.474,10.165,-0.026,0.009,-0.029,26.254
11331,0.072,-0.498,10.098,-0.053,0.022,-0.026,26.273
11341,0.029,-0.512,10.035,-0.065,0.009,-0.026,26.273
11351,0.077,-0.517,9.978,-0.042,-0.007,-0.024,26.262
11361,0.086,-0.522,10.021,-0.022,0.001,-0.024,26.262
11371,0.072,-0.522,10.136,-0.029,0.007,-0.026,26.219
11381,0.091,-0.541,10.169,-0.029,0.006,-0.026,26.219
11391,0.057,-0.517,10.136,-0.015,0.010,-0.026,26.254
11401,0.038,-0.517,10.083,-0.015,-0.001,-0.026,26.254
11411,0.029,-0.536,10.074,-0.017,0.000,-0.026,26.273
11421,0.048,-0.517,10.059,-0.020,0.001,-0.027,26.273
11431,0.062,-0.522,10.059,-0.020,0.001,-0.026,26.219
11441,0.096,-0.536,10.074,-0.017,0.010,-0.027,26.219
11451,0.067,-0.522,10.179,-0.015,0.013,-0.027,26.262
11461,0.067,-0.531,10.122,-0.013,0.010,-0.027,26.262
11471,0.053,-0.522,10.079,-0.016,0.002,-0.028,26.246
11481,0.043,-0.541,10.021,-0.017,0.000,-0.027,26.246
11491,0.053,-0.546,10.050,-0.016,0.000,-0.027,26.230
11501,0.038,-0.536,10.107,-0.017,0.001,-0.027,26.230
11511,0.038,-0.522,10.112,-0.016,0.005,-0.027,26.273
11521,0.062,-0.531,10.093,-0.013,0.007,-0.027,26.273
11531,0.077,-0.522,10.102,-0.012,0.006,-0.027,26.227
11541,0.062,-0.522,10.117,-0.013,0.001,-0.027,26.227
11551,0.048,-0.512,10.079,-0.013,0.004,-0.028,26.285
11561,0.062,-0.517,10.098,-0.013,0.002,-0.028,26.285
11571,0.062,-0.541,10.102,-0.013,0.002,-0.027,26.277
11581,0.057,-0.536,10.088,-0.013,0.004,-0.027,26.277
11591,0.062,-0.536,10.069,-0.013,0.004,-0.027,26.254
11601,0.096,-0.531,10.098,-0.012,0.005,-0.026,26.254
11611,0.081,-0.522,10.059,-0.011,0.005,-0.026,26.293
11621,0.086,-0.531,10.079,-0.011,0.005,-0.026,26.293
11631,0.077,-0.522,10.083,-0.011,0.005,-0.026,26.246
11641,0.091,-0.522,10.069,-0.012,0.007,-0.026,26.246
11651,0.067,-0.536,10.088,-0.013,0.007,-0.027,26.254
11661,0.062,-0.560,10.074,-0.011,0.007,-0.026,26.254
11671,0.057,-0.541,10.088,-0.011,0.007,-0.026,26.270
11681,0.053,-0.546,10.112,-0.012,0.007,-0.028,26.270
11691,0.057,-0.536,10.064,-0.012,0.006,-0.028,26.219
11701,0.053,-0.531,10.107,-0.012,0.006,-0.027,26.219
11711,0.043,-0.531,10.102,-0.013,0.006,-0.026,26.266
11721,0.077,-0.541,10.083,-0.013,0.006,-0.026,26.266
11731,0.067,-0.522,10.098,-0.013,0.006,-0.026,26.285
11741,0.067,-0.531,10.093,-0.015,0.007,-0.027,26.285
11751,0.077,-0.517,10.098,-0.013,0.006,-0.027,26.258
11761,0.072,-0.522,10.064,-0.012,0.006,-0.027,26.258
11771,0.077,-0.522,10.079,-0.012,0.006,-0.027,26.273
11781,0.067,-0.512,10.083,-0.013,0.006,-0.026,26.273
11791,0.072,-0.536,10.093,-0.013,0.006,-0.028,26.246
11801,0.072,-0.531,10.069,-0.013,0.005,-0.026,26.246
11811,0.057,-0.522,10.074,-0.013,0.005,-0.026,26.238
11821,0.062,-0.522,10.102,-0.013,0.005,-0.027,26.238
11831,0.062,-0.550,10.088,-0.012,0.005,-0.027,26.250
11841,0.062,-0.541,10.079,-0.012,0.005,-0.027,26.250
11851,0.062,-0.517,10.088,-0.012,0.006,-0.027,26.211
11861,0.072,-0.536,10.088,-0.013,0.005,-0.027,26.211
11871,0.072,-0.541,10.088,-0.012,0.006,-0.027,26.238
11891,0.081,-0.531,10.112,-0.012,0.005,-0.027,26.211
11901,0.086,-0.522,10.088,-0.012,0.005,-0.027,26.262
11911,0.091,-0.502,10.088,-0.011,0.005,-0.027,26.262
11921,0.091,-0.498,10.093,-0.012,0.006,-0.027,26.223
11931,0.091,-0.498,10.083,-0.013,0.006,-0.028,26.223
11941,0.077,-0.517,10.098,-0.012,0.006,-0.026,26.234
11951,0.081,-0.531,10.074,-0.013,0.006,-0.026,26.234
11961,0.057,-0.531,10.079,-0.012,0.006,-0.027,26.270
11971,0.053,-0.526,10.098,-0.012,0.005,-0.027,26.270
11981,0.062,-0.517,10.093,-0.013,0.006,-0.026,26.266
11991,0.048,-0.536,10.093,-0.012,0.006,-0.026,26.266
12001,0.057,-0.536,10.083,-0.011,0.006,-0.026,26.289
12011,0.067,-0.541,10.102,-0.011,0.007,-0.026,26.289
12021,0.057,-0.531,10.093,-0.012,0.007,-0.027,26.254
12031,0.067,-0.541,10.093,-0.012,0.006,-0.026,26.254
12041,0.067,-0.522,10.079,-0.012,0.006,-0.026,26.238
12051,0.072,-0.512,10.079,-0.011,0.006,-0.026,26.238
12061,0.053,-0.507,10.098,-0.011,0.005,-0.026,26.266
12071,0.062,-0.512,10.079,-0.012,0.006,-0.026,26.266
12081,0.067,-0.531,10.107,-0.012,0.006,-0.027,26.289
12091,0.067,-0.531,10.093,-0.012,0.005,-0.026,26.289
12101,0.067,-0.502,10.069,-0.011,0.006,-0.026,26.250
12111,0.091,-0.526,10.079,-0.012,0.005,-0.026,26.250
12121,0.062,-0.517,10.088,-0.012,0.005,-0.026,26.219
12131,0.062,-0.522,10.098,-0.012,0.006,-0.026,26.219
12141,0.081,-0.541,10.069,-0.013,0.006,-0.027,26.242
12151,0.072,-0.517,10.079,-0.012,0.006,-0.026,26.242
12161,0.067,-0.512,10.069,-0.012,0.006,-0.026,26.238
12171,0.067,-0.522,10.083,-0.012,0.005,-0.027,26.238
12181,0.053,-0.522,10.098,-0.012,0.006,-0.027,26.293
12191,0.067,-0.517,10.088,-0.013,0.006,-0.026,26.293
12201,0.048,-0.512,10.107,-0.013,0.006,-0.027,26.309
12211,0.077,-0.541,10.059,-0.012,0.007,-0.026,26.309
12221,0.086,-0.531,10.079,-0.012,0.006,-0.027,26.203
12231,0.081,-0.536,10.083,-0.012,0.005,-0.026,26.203
12241,0.062,-0.522,10.079,-0.012,0.005,-0.026,26.242
12251,0.072,-0.536,10.079,-0.013,0.005,-0.027,26.242
12261,0.081,-0.531,10.098,-0.012,0.006,-0.027,26.246
12271,0.091,-0.541,10.074,-0.012,0.006,-0.027,26.246
12281,0.057,-0.536,10.102,-0.012,0.006,-0.026,26.238
12291,0.062,-0.536,10.083,-0.012,0.005,-0.027,26.238
12301,0.081,-0.522,10.112,-0.012,0.005,-0.028,26.270
12311,0.048,-0.507,10.083,-0.012,0.006,-0.027,26.270
12321,0.057,-0.512,10.083,-0.013,0.006,-0.026,26.246
12331,0.072,-0.522,10.079,-0.012,0.006,-0.027,26.246
12341,0.081,-0.507,10.079,-0.012,0.007,-0.027,26.258
12351,0.096,-0.526,10.083,-0.012,0.007,-0.026,26.258
12361,0.077,-0.526,10.079,-0.012,0.005,-0.027,26.223
12371,0.100,-0.536,10.093,-0.012,0.005,-0.026,26.223
12381,0.086,-0.512,10.102,-0.012,0.006,-0.026,26.250
12391,0.105,-0.531,10.088,-0.012,0.006,-0.027,26.250
12401,0.077,-0.522,10.083,-0.013,0.006,-0.027,26.266
12411,0.067,-0.541,10.107,-0.012,0.005,-0.027,26.266
12421,0.067,-0.536,10.079,-0.012,0.005,-0.027,26.262
12431,0.053,-0.526,10.088,-0.012,0.006,-0.027,26.262
12441,0.062,-0.517,10.102,-0.012,0.005,-0.027,26.246
12451,0.048,-0.526,10.102,-0.011,0.005,-0.027,26.246
12461,0.067,-0.517,10.107,-0.012,0.006,-0.026,26.246
12471,0.057,-0.522,10.102,-0.012,0.006,-0.026,26.246
12481,0.077,-0.522,10.064,-0.012,0.006,-0.027,26.250
12491,0.062,-0.512,10.069,-0.012,0.006,-0.027,26.250
12501,0.077,-0.507,10.122,-0.012,0.005,-0.027,26.281
12511,0.062,-0.507,10.098,-0.012,0.006,-0.026,26.281
12521,0.067,-0.512,10.098,-0.011,0.006,-0.027,26.234
12531,0.091,-0.526,10.088,-0.013,0.007,-0.027,26.234
12541,0.072,-0.536,10.112,-0.012,0.007,-0.026,26.277
12551,0.067,-0.531,10.064,-0.012,0.005,-0.026,26.277
12561,0.062,-0.522,10.102,-0.012,0.006,-0.027,26.301
12571,0.062,-0.541,10.093,-0.011,0.006,-0.027,26.301
12581,0.062,-0.522,10.074,-0.011,0.005,-0.027,26.250
12591,0.077,-0.531,10.093,-0.011,0.006,-0.027,26.250
12601,0.091,-0.526,10.083,-0.013,0.005,-0.027,26.293
12611,0.081,-0.531,10.098,-0.011,0.005,-0.026,26.293
12621,0.081,-0.522,10.102,-0.012,0.006,-0.026,26.246
12631,0.091,-0.531,10.083,-0.012,0.005,-0.026,26.246
12641,0.077,-0.522,10.083,-0.012,0.006,-0.026,26.277
12651,0.100,-0.522,10.093,-0.012,0.007,-0.026,26.277
12661,0.062,-0.531,10.074,-0.012,0.006,-0.027,26.254
12671,0.062,-0.517,10.064,-0.012,0.006,-0.027,26.254
12681,0.038,-0.526,10.098,-0.012,0.005,-0.027,26.289
12691,0.067,-0.541,10.088,-0.012,0.005,-0.026,26.289
12701,0.057,-0.550,10.079,-0.012,0.007,-0.027,26.250
12711,0.048,-0.550,10.079,-0.013,0.007,-0.027,26.250
12721,0.057,-0.531,10.074,-0.012,0.006,-0.027,26.262
12731,0.091,-0.546,10.074,-0.012,0.006,-0.027,26.262
12741,0.081,-0.546,10.083,-0.011,0.006,-0.026,26.230
12751,0.100,-0.546,10.083,-0.012,0.006,-0.026,26.230
12761,0.096,-0.550,10.107,-0.013,0.006,-0.026,26.289
12771,0.086,-0.522,10.102,-0.012,0.006,-0.027,26.289
12781,0.067,-0.498,10.088,-0.012,0.007,-0.026,26.277
12791,0.077,-0.498,10.064,-0.012,0.007,-0.027,26.277
12801,0.072,-0.498,10.079,-0.012,0.006,-0.027,26.281
12811,0.062,-0.502,10.083,-0.012,0.006,-0.027,26.281
12821,0.077,-0.517,10.122,-0.013,0.005,-0.027,26.266
12831,0.100,-0.522,10.122,-0.012,0.006,-0.027,26.266
12841,0.081,-0.536,10.102,-0.011,0.006,-0.027,26.266
12851,0.057,-0.502,10.079,-0.011,0.007,-0.027,26.266
12861,0.053,-0.526,10.059,-0.012,0.006,-0.026,26.262
12871,0.057,-0.541,10.064,-0.011,0.005,-0.027,26.262
12881,0.096,-0.536,10.079,-0.012,0.005,-0.027,26.277
12891,0.072,-0.550,10.112,-0.012,0.005,-0.027,26.277
12901,0.072,-0.536,10.122,-0.012,0.006,-0.026,26.293
12911,0.067,-0.550,10.093,-0.012,0.007,-0.026,26.293
12921,0.077,-0.541,10.074,-0.012,0.007,-0.026,26.289
12931,0.072,-0.531,10.083,-0.012,0.007,-0.026,26.289
12941,0.062,-0.531,10.069,-0.011,0.006,-0.027,26.266
12951,0.072,-0.522,10.079,-0.012,0.005,-0.027,26.266
12961,0.091,-0.512,10.107,-0.012,0.006,-0.027,26.250
12971,0.067,-0.512,10.074,-0.012,0.006,-0.027,26.250
12981,0.053,-0.507,10.102,-0.012,0.007,-0.027,26.246
12991,0.077,-0.502,10.107,-0.012,0.006,-0.027,26.246
13001,0.077,-0.522,10.098,-0.012,0.007,-0.027,26.266
13011,0.077,-0.522,10.074,-0.013,0.007,-0.027,26.266
13021,0.067,-0.526,10.083,-0.013,0.006,-0.026,26.273
13031,0.077,-0.531,10.083,-0.012,0.005,-0.027,26.273
13041,0.072,-0.531,10.098,-0.013,0.007,-0.026,26.262
13051,0.096,-0.550,10.093,-0.012,0.006,-0.026,26.262
13061,0.091,-0.531,10.088,-0.012,0.007,-0.026,26.246
13071,0.091,-0.526,10.083,-0.012,0.006,-0.026,26.246
13081,0.072,-0.536,10.098,-0.012,0.006,-0.027,26.246
13091,0.072,-0.517,10.083,-0.013,0.006,-0.027,26.246
13101,0.053,-0.541,10.102,-0.012,0.006,-0.027,26.281
13121,0.048,-0.531,10.074,-0.012,0.007,-0.027,26.246
13131,0.062,-0.522,10.093,-0.012,0.006,-0.027,26.313
13141,0.081,-0.502,10.098,-0.012,0.007,-0.026,26.313
13151,0.057,-0.517,10.083,-0.012,0.005,-0.027,26.281
13161,0.072,-0.541,10.079,-0.013,0.006,-0.027,26.281
13171,0.081,-0.541,10.083,-0.012,0.006,-0.027,26.238
13181,0.086,-0.536,10.093,-0.012,0.006,-0.027,26.238
13191,0.072,-0.550,10.079,-0.011,0.005,-0.028,26.301
13201,0.081,-0.546,10.074,-0.012,0.006,-0.028,26.301
13211,0.053,-0.526,10.083,-0.012,0.006,-0.027,26.301
13221,0.077,-0.526,10.098,-0.012,0.006,-0.026,26.301
13231,0.062,-0.531,10.102,-0.013,0.006,-0.027,26.270
13241,0.062,-0.536,10.088,-0.012,0.006,-0.027,26.270
13251,0.072,-0.536,10.083,-0.012,0.006,-0.027,26.273
13261,0.091,-0.526,10.083,-0.012,0.006,-0.026,26.273
13271,0.072,-0.517,10.098,-0.012,0.006,-0.026,26.234
13281,0.081,-0.531,10.064,-0.013,0.006,-0.027,26.234
13291,0.086,-0.526,10.102,-0.012,0.005,-0.027,26.301
13301,0.077,-0.522,10.074,-0.013,0.006,-0.027,26.301
13311,0.067,-0.522,10.083,-0.012,0.006,-0.026,26.242
13321,0.072,-0.526,10.093,-0.012,0.006,-0.026,26.242
13331,0.067,-0.536,10.079,-0.012,0.006,-0.027,26.289
13341,0.062,-0.526,10.093,-0.012,0.006,-0.026,26.289
13351,0.077,-0.546,10.098,-0.012,0.006,-0.027,26.273
13361,0.067,-0.569,10.093,-0.013,0.006,-0.026,26.273
13371,0.067,-0.522,10.083,-0.012,0.006,-0.026,26.246
13381,0.081,-0.517,10.088,-0.012,0.006,-0.027,26.246
13391,0.043,-0.522,10.088,-0.012,0.006,-0.026,26.254
13401,0.072,-0.531,10.088,-0.012,0.006,-0.026,26.254
13411,0.081,-0.522,10.088,-0.013,0.006,-0.027,26.301
13421,0.057,-0.526,10.098,-0.012,0.006,-0.027,26.301
13431,0.077,-0.512,10.079,-0.012,0.006,-0.027,26.246
13441,0.077,-0.536,10.098,-0.011,0.006,-0.027,26.246
13451,0.086,-0.512,10.088,-0.012,0.005,-0.027,26.254
13461,0.048,-0.522,10.102,-0.013,0.006,-0.027,26.254
13471,0.048,-0.526,10.083,-0.013,0.006,-0.027,26.250
13481,0.057,-0.531,10.069,-0.013,0.006,-0.027,26.250
13491,0.086,-0.522,10.074,-0.013,0.006,-0.027,26.289
13501,0.072,-0.522,10.093,-0.013,0.006,-0.027,26.289
13511,0.072,-0.536,10.083,-0.013,0.006,-0.027,26.234
13521,0.067,-0.526,10.093,-0.012,0.006,-0.027,26.234
13531,0.077,-0.531,10.088,-0.012,0.006,-0.027,26.281
13541,0.072,-0.541,10.093,-0.012,0.006,-0.027,26.281
13551,0.067,-0.512,10.079,-0.012,0.006,-0.027,26.266
13561,0.072,-0.507,10.083,-0.012,0.005,-0.027,26.266
13571,0.057,-0.522,10.102,-0.012,0.006,-0.027,26.254
13581,0.081,-0.507,10.098,-0.012,0.006,-0.026,26.254
13591,0.048,-0.512,10.102,-0.012,0.006,-0.027,26.230
13601,0.048,-0.502,10.088,-0.013,0.006,-0.026,26.230
13611,0.057,-0.502,10.102,-0.013,0.006,-0.027,26.309
13621,0.077,-0.531,10.093,-0.012,0.006,-0.027,26.309
13631,0.072,-0.531,10.083,-0.013,0.006,-0.027,26.285
13641,0.077,-0.536,10.102,-0.012,0.006,-0.026,26.285
13651,0.062,-0.512,10.074,-0.012,0.005,-0.027,26.250
13661,0.081,-0.541,10.079,-0.012,0.006,-0.027,26.250
13671,0.077,-0.531,10.083,-0.011,0.006,-0.027,26.262
13681,0.072,-0.531,10.083,-0.012,0.006,-0.027,26.262
13691,0.062,-0.536,10.074,-0.012,0.007,-0.026,26.301
13701,0.057,-0.531,10.083,-0.012,0.006,-0.027,26.301
13711,0.048,-0.536,10.093,-0.012,0.006,-0.027,26.328
13721,0.077,-0.517,10.107,-0.012,0.006,-0.027,26.328
13731,0.067,-0.507,10.102,-0.012,0.006,-0.027,26.305
13741,0.081,-0.522,10.074,-0.012,0.006,-0.027,26.305
13751,0.077,-0.536,10.088,-0.011,0.005,-0.027,26.277
13761,0.086,-0.531,10.088,-0.011,0.006,-0.027,26.277
13771,0.038,-0.517,10.088,-0.012,0.005,-0.027,26.262
13781,0.057,-0.541,10.083,-0.012,0.006,-0.027,26.262
13791,0.072,-0.541,10.083,-0.012,0.006,-0.027,26.273
13801,0.086,-0.531,10.098,-0.013,0.006,-0.026,26.273
13811,0.072,-0.536,10.083,-0.012,0.006,-0.027,26.246
13821,0.086,-0.541,10.088,-0.012,0.006,-0.027,26.246
13831,0.081,-0.522,10.083,-0.012,0.006,-0.026,26.262
13841,0.062,-0.522,10.093,-0.012,0.005,-0.027,26.262
13851,0.053,-0.526,10.079,-0.012,0.006,-0.027,26.266
13861,0.057,-0.531,10.079,-0.012,0.006,-0.027,26.266
13871,0.067,-0.531,10.083,-0.012,0.005,-0.026,26.281
13881,0.086,-0.531,10.093,-0.012,0.005,-0.027,26.281
13891,0.057,-0.531,10.093,-0.012,0.006,-0.027,26.234
13901,0.062,-0.531,10.098,-0.012,0.006,-0.027,26.234
13911,0.057,-0.517,10.088,-0.012,0.006,-0.027,26.242
13921,0.057,-0.517,10.083,-0.012,0.006,-0.027,26.242
13931,0.053,-0.522,10.088,-0.012,0.006,-0.027,26.266
13941,0.072,-0.512,10.088,-0.013,0.006,-0.027,26.266
13951,0.077,-0.531,10.069,-0.012,0.006,-0.027,26.242
13961,0.086,-0.512,10.088,-0.012,0.005,-0.027,26.242
13971,0.091,-0.536,10.088,-0.012,0.006,-0.027,26.301
13981,0.057,-0.546,10.093,-0.011,0.006,-0.026,26.301
13991,0.048,-0.555,10.088,-0.012,0.005,-0.026,26.277
14001,0.057,-0.531,10.088,-0.012,0.006,-0.027,26.277
14011,0.053,-0.517,10.079,-0.013,0.006,-0.026,26.309
14021,0.062,-0.531,10.088,-0.012,0.006,-0.027,26.309
14031,0.033,-0.526,10.079,-0.012,0.007,-0.027,26.273
14041,0.086,-0.512,10.136,-0.012,0.006,-0.026,26.273
14051,0.077,-0.531,10.102,-0.012,0.007,-0.026,26.262
14061,0.067,-0.522,10.093,-0.012,0.005,-0.026,26.262
14071,0.067,-0.522,10.098,-0.012,0.006,-0.026,26.258
14081,0.096,-0.512,10.098,-0.013,0.006,-0.026,26.258
14091,0.096,-0.526,10.079,-0.012,0.006,-0.026,26.262
14101,0.096,-0.536,10.098,-0.012,0.005,-0.026,26.262
14111,0.062,-0.546,10.098,-0.012,0.006,-0.026,26.242
14121,0.081,-0.550,10.074,-0.012,0.005,-0.027,26.242
14131,0.077,-0.522,10.107,-0.012,0.006,-0.027,26.246
14141,0.057,-0.522,10.093,-0.012,0.006,-0.027,26.246
14151,0.057,-0.536,10.088,-0.011,0.006,-0.027,26.297
14161,0.072,-0.522,10.074,-0.012,0.006,-0.027,26.297
14171,0.057,-0.541,10.088,-0.011,0.006,-0.026,26.273
14181,0.057,-0.522,10.088,-0.012,0.006,-0.027,26.273
14191,0.096,-0.531,10.098,-0.013,0.006,-0.027,26.250
14201,0.091,-0.541,10.093,-0.013,0.006,-0.027,26.250
14211,0.081,-0.531,10.079,-0.012,0.005,-0.027,26.223
14221,0.077,-0.531,10.083,-0.012,0.005,-0.027,26.223
14231,0.081,-0.517,10.083,-0.012,0.006,-0.027,26.281
14241,0.067,-0.517,10.088,-0.012,0.006,-0.026,26.281
14251,0.062,-0.526,10.107,-0.012,0.006,-0.027,26.332
14261,0.062,-0.531,10.088,-0.012,0.005,-0.027,26.332
14271,0.062,-0.526,10.102,-0.012,0.006,-0.027,26.270
14281,0.091,-0.522,10.083,-0.012,0.006,-0.026,26.270
14291,0.077,-0.536,10.093,-0.012,0.005,-0.026,26.285
14301,0.062,-0.512,10.083,-0.012,0.006,-0.026,26.285
14311,0.086,-0.526,10.083,-0.012,0.006,-0.027,26.297
14321,0.077,-0.517,10.083,-0.012,0.006,-0.027,26.297
14331,0.077,-0.526,10.088,-0.012,0.006,-0.027,26.258
14341,0.048,-0.517,10.098,-0.012,0.006,-0.027,26.258
14351,0.067,-0.517,10.098,-0.012,0.006,-0.027,26.266
14361,0.048,-0.550,10.102,-0.012,0.005,-0.027,26.266
14371,0.072,-0.536,10.102,-0.012,0.005,-0.027,26.250
14381,0.072,-0.522,10.074,-0.011,0.007,-0.027,26.250
14391,0.072,-0.555,10.079,-0.012,0.006,-0.026,26.285
14411,0.091,-0.512,10.088,-0.012,0.006,-0.026,26.281
14421,0.086,-0.507,10.083,-0.012,0.006,-0.027,26.258
14431,0.067,-0.512,10.098,-0.012,0.006,-0.027,26.258
14441,0.077,-0.526,10.083,-0.012,0.006,-0.027,26.297
14451,0.067,-0.541,10.112,-0.012,0.006,-0.027,26.297
14461,0.062,-0.517,10.093,-0.012,0.006,-0.027,26.301
14471,0.067,-0.536,10.122,-0.012,0.006,-0.027,26.301
14481,0.062,-0.517,10.112,-0.012,0.006,-0.026,26.254
14491,0.096,-0.546,10.088,-0.012,0.006,-0.027,26.254
14501,0.072,-0.555,10.093,-0.012,0.006,-0.026,26.262
14511,0.091,-0.546,10.098,-0.012,0.006,-0.027,26.262
14521,0.057,-0.522,10.083,-0.012,0.006,-0.027,26.254
14531,0.091,-0.536,10.088,-0.013,0.005,-0.027,26.254
14541,0.053,-0.541,10.107,-0.012,0.006,-0.027,26.230
14551,0.072,-0.531,10.102,-0.011,0.006,-0.026,26.230
14561,0.072,-0.522,10.093,-0.013,0.006,-0.027,26.250
14571,0.057,-0.517,10.098,-0.012,0.005,-0.027,26.250
14581,0.057,-0.526,10.088,-0.012,0.006,-0.027,26.297
14591,0.077,-0.522,10.088,-0.012,0.006,-0.027,26.297
14601,0.086,-0.498,10.088,-0.012,0.006,-0.027,26.258
14611,0.081,-0.526,10.088,-0.012,0.006,-0.027,26.258
14621,0.081,-0.531,10.088,-0.012,0.006,-0.027,26.250
14631,0.057,-0.512,10.093,-0.012,0.006,-0.027,26.250
14641,0.067,-0.536,10.083,-0.012,0.006,-0.027,26.309
14651,0.043,-0.546,10.098,-0.012,0.006,-0.027,26.309
14661,0.081,-0.550,10.079,-0.012,0.006,-0.027,26.242
14671,0.067,-0.526,10.098,-0.012,0.006,-0.027,26.242
14681,0.057,-0.541,10.069,-0.012,0.006,-0.027,26.281
14691,0.086,-0.536,10.093,-0.012,0.006,-0.027,26.281
14701,0.081,-0.522,10.093,-0.012,0.005,-0.027,26.285
14711,0.086,-0.512,10.083,-0.012,0.006,-0.027,26.285
14721,0.072,-0.522,10.074,-0.012,0.006,-0.027,26.246
14731,0.057,-0.512,10.083,-0.012,0.005,-0.028,26.246
14741,0.067,-0.517,10.107,-0.012,0.005,-0.027,26.277
14751,0.053,-0.512,10.093,-0.012,0.005,-0.027,26.277
14761,0.067,-0.522,10.093,-0.012,0.006,-0.027,26.316
14771,0.086,-0.522,10.079,-0.011,0.006,-0.027,26.316
14781,0.072,-0.536,10.083,-0.011,0.006,-0.027,26.250
14791,0.072,-0.560,10.074,-0.012,0.006,-0.027,26.250
14801,0.062,-0.526,10.083,-0.012,0.007,-0.027,26.316
14811,0.062,-0.536,10.098,-0.012,0.006,-0.027,26.316
14821,0.077,-0.546,10.074,-0.013,0.006,-0.026,26.273
14831,0.067,-0.569,10.122,-0.012,0.006,-0.027,26.273
14841,0.062,-0.541,10.083,-0.012,0.006,-0.027,26.301
14851,0.077,-0.536,10.093,-0.012,0.006,-0.027,26.301
14861,0.081,-0.546,10.083,-0.012,0.006,-0.026,26.277
14871,0.067,-0.555,10.102,-0.012,0.005,-0.026,26.277
14881,0.067,-0.531,10.083,-0.012,0.006,-0.027,26.316
14891,0.081,-0.531,10.083,-0.011,0.005,-0.027,26.316
14901,0.081,-0.512,10.079,-0.012,0.006,-0.027,26.254
14911,0.062,-0.507,10.117,-0.012,0.006,-0.027,26.254
14921,0.043,-0.517,10.088,-0.012,0.006,-0.027,26.258
14931,0.062,-0.507,10.088,-0.011,0.005,-0.027,26.258
14941,0.067,-0.526,10.088,-0.012,0.005,-0.026,26.262
14951,0.072,-0.512,10.102,-0.011,0.005,-0.027,26.262
14961,0.057,-0.541,10.098,-0.011,0.005,-0.026,26.266
14971,0.062,-0.546,10.093,-0.012,0.006,-0.026,26.266
14981,0.062,-0.541,10.079,-0.012,0.005,-0.027,26.277
14991,0.072,-0.541,10.079,-0.011,0.005,-0.027,26.277
15001,0.067,-0.541,10.074,-0.010,0.006,-0.027,26.316
15011,0.081,-0.512,10.069,-0.011,0.006,-0.027,26.316
15021,0.067,-0.512,10.088,-0.012,0.004,-0.027,26.270
15031,0.062,-0.526,10.093,-0.012,0.006,-0.027,26.270
15041,0.072,-0.522,10.102,-0.012,0.005,-0.027,26.277
15051,0.067,-0.522,10.093,-0.012,0.005,-0.027,26.277
15061,0.067,-0.507,10.088,-0.012,0.006,-0.026,26.273
15071,0.081,-0.507,10.079,-0.011,0.006,-0.027,26.273
15081,0.062,-0.522,10.088,-0.011,0.006,-0.027,26.262
15091,0.053,-0.531,10.098,-0.011,0.005,-0.027,26.262
15101,0.091,-0.526,10.093,-0.012,0.006,-0.027,26.281
15111,0.096,-0.555,10.083,-0.013,0.005,-0.026,26.281
15121,0.072,-0.560,10.098,-0.013,0.005,-0.026,26.273
15131,0.067,-0.536,10.093,-0.012,0.006,-0.027,26.273
15141,0.081,-0.546,10.069,-0.012,0.005,-0.027,26.320
15151,0.077,-0.526,10.074,-0.012,0.005,-0.027,26.320
15161,0.072,-0.531,10.093,-0.011,0.005,-0.026,26.289
15171,0.057,-0.541,10.098,-0.011,0.006,-0.027,26.289
15181,0.062,-0.526,10.074,-0.012,0.005,-0.027,26.289
15191,0.062,-0.502,10.112,-0.012,0.006,-0.027,26.289
15201,0.053,-0.531,10.098,-0.011,0.005,-0.027,26.273
15211,0.086,-0.512,10.079,-0.011,0.005,-0.027,26.273
15221,0.077,-0.517,10.098,-0.011,0.006,-0.026,26.277
15231,0.057,-0.507,10.102,-0.012,0.005,-0.026,26.277
15241,0.048,-0.502,10.083,-0.011,0.005,-0.027,26.285
15251,0.048,-0.493,10.093,-0.012,0.005,-0.027,26.285
15261,0.077,-0.526,10.093,-0.012,0.006,-0.027,26.297
15271,0.072,-0.522,10.098,-0.012,0.006,-0.027,26.297
15281,0.077,-0.522,10.074,-0.012,0.006,-0.027,26.258
15291,0.067,-0.546,10.083,-0.012,0.005,-0.027,26.258
15301,0.057,-0.550,10.088,-0.012,0.006,-0.027,26.273
15311,0.062,-0.536,10.079,-0.012,0.005,-0.027,26.273
15321,0.057,-0.541,10.098,-0.013,0.005,-0.027,26.223
15331,0.062,-0.536,10.083,-0.012,0.006,-0.027,26.223
15341,0.062,-0.531,10.088,-0.012,0.006,-0.027,26.258
15351,0.067,-0.526,10.088,-0.012,0.006,-0.027,26.258
15361,0.067,-0.541,10.107,-0.012,0.006,-0.027,26.309
15371,0.062,-0.531,10.093,-0.011,0.006,-0.026,26.309
15381,0.067,-0.512,10.074,-0.012,0.006,-0.027,26.273
15391,0.091,-0.517,10.088,-0.012,0.006,-0.027,26.273
15401,0.077,-0.507,10.088,-0.012,0.006,-0.027,26.266
15411,0.077,-0.531,10.093,-0.012,0.005,-0.027,26.266
15421,0.067,-0.517,10.083,-0.012,0.005,-0.027,26.281
15431,0.062,-0.522,10.093,-0.011,0.006,-0.027,26.281
15441,0.081,-0.526,10.083,-0.012,0.006,-0.027,26.258
15451,0.053,-0.531,10.074,-0.012,0.006,-0.027,26.258
15461,0.086,-0.546,10.083,-0.012,0.005,-0.028,26.293
15471,0.081,-0.541,10.079,-0.011,0.009,-0.027,26.293
15481,0.067,-0.536,10.088,-0.013,0.005,-0.027,26.289
15491,0.081,-0.522,10.093,-0.013,0.005,-0.027,26.289
15501,0.067,-0.512,10.098,-0.012,0.005,-0.027,26.320
15511,0.057,-0.522,10.098,-0.012,0.005,-0.027,26.320
15521,0.062,-0.536,10.093,-0.012,0.006,-0.027,26.305
15531,0.086,-0.517,10.107,-0.012,0.006,-0.027,26.305
15541,0.081,-0.502,10.079,-0.011,0.006,-0.027,26.250
15551,0.100,-0.517,10.102,-0.011,0.006,-0.027,26.250
15561,0.096,-0.507,10.093,-0.012,0.006,-0.027,26.266
15571,0.091,-0.502,10.088,-0.012,0.006,-0.027,26.266
15581,0.072,-0.536,10.074,-0.012,0.005,-0.027,26.293
15591,0.057,-0.541,10.102,-0.012,0.006,-0.027,26.293
15601,0.072,-0.541,10.098,-0.013,0.006,-0.027,26.250
15611,0.057,-0.526,10.102,-0.013,0.006,-0.027,26.250
15621,0.057,-0.550,10.069,-0.013,0.006,-0.026,26.281
15631,0.091,-0.531,10.088,-0.012,0.005,-0.027,26.281
15641,0.072,-0.536,10.074,-0.012,0.006,-0.027,26.258
15651,0.096,-0.541,10.088,-0.012,0.006,-0.026,26.258
15661,0.077,-0.546,10.079,-0.012,0.005,-0.027,26.250
15671,0.081,-0.531,10.083,-0.013,0.005,-0.027,26.262
15691,0.062,-0.526,10.093,-0.012,0.005,-0.027,26.238
15701,0.091,-0.507,10.098,-0.011,0.006,-0.027,26.238
15711,0.086,-0.526,10.107,-0.012,0.006,-0.026,26.242
15721,0.057,-0.536,10.083,-0.012,0.007,-0.026,26.242
15731,0.062,-0.531,10.079,-0.012,0.007,-0.026,26.273
15741,0.067,-0.507,10.088,-0.012,0.006,-0.027,26.273
15751,0.077,-0.526,10.069,-0.012,0.006,-0.027,26.262
15761,0.091,-0.536,10.098,-0.013,0.006,-0.026,26.262
15771,0.077,-0.541,10.098,-0.012,0.006,-0.027,26.254
15781,0.048,-0.550,10.102,-0.012,0.006,-0.027,26.254
15791,0.043,-0.536,10.098,-0.012,0.006,-0.027,26.281
15801,0.062,-0.531,10.074,-0.011,0.007,-0.027,26.281
15811,0.057,-0.526,10.079,-0.012,0.006,-0.027,26.281
15821,0.053,-0.541,10.083,-0.012,0.006,-0.027,26.281
15831,0.072,-0.526,10.098,-0.012,0.005,-0.026,26.285
15841,0.067,-0.531,10.093,-0.012,0.006,-0.027,26.285
15851,0.081,-0.531,10.074,-0.012,0.006,-0.027,26.266
15861,0.072,-0.522,10.083,-0.012,0.006,-0.027,26.266
15871,0.081,-0.512,10.098,-0.012,0.005,-0.028,26.285
15881,0.077,-0.517,10.102,-0.012,0.006,-0.027,26.285
15891,0.077,-0.498,10.098,-0.012,0.005,-0.027,26.270
15901,0.067,-0.522,10.102,-0.012,0.007,-0.026,26.270
15911,0.072,-0.507,10.107,-0.012,0.006,-0.026,26.297
15921,0.067,-0.526,10.083,-0.012,0.006,-0.026,26.297
15931,0.077,-0.517,10.074,-0.012,0.006,-0.027,26.277
15941,0.091,-0.512,10.112,-0.013,0.005,-0.026,26.277
15951,0.081,-0.531,10.098,-0.012,0.005,-0.027,26.316
15961,0.081,-0.526,10.083,-0.012,0.005,-0.027,26.316
15971,0.081,-0.541,10.079,-0.012,0.006,-0.028,26.281
15981,0.081,-0.526,10.088,-0.011,0.006,-0.027,26.281
15991,0.067,-0.546,10.088,-0.012,0.002,-0.027,26.324
16001,0.067,-0.541,10.112,-0.011,0.006,-0.027,26.324
16011,0.086,-0.526,10.098,-0.013,0.002,-0.026,26.313
16021,0.072,-0.522,10.088,-0.013,0.004,-0.027,26.313
16031,0.077,-0.512,10.131,-0.011,0.005,-0.026,26.258
16041,0.086,-0.507,10.088,-0.012,0.006,-0.026,26.258
16051,0.077,-0.507,10.122,-0.012,0.007,-0.026,26.262
16061,0.067,-0.507,10.035,-0.011,0.005,-0.026,26.262
16071,0.077,-0.512,10.055,-0.011,0.006,-0.026,26.273
16081,0.067,-0.522,10.102,-0.011,0.004,-0.027,26.273
16091,0.096,-0.522,10.093,-0.011,0.009,-0.027,26.281
16101,0.096,-0.541,10.117,-0.011,0.007,-0.027,26.281
16111,0.081,-0.541,10.083,-0.011,0.006,-0.027,26.316
16121,0.077,-0.531,10.083,-0.012,0.006,-0.027,26.316
16131,0.072,-0.522,10.093,-0.011,0.007,-0.027,26.273
16141,0.062,-0.526,10.074,-0.011,0.009,-0.027,26.273
16151,0.067,-0.517,10.083,-0.012,0.007,-0.027,26.332
16161,0.067,-0.526,10.150,-0.011,0.006,-0.027,26.332
16171,0.057,-0.502,10.040,-0.012,0.004,-0.027,26.313
16181,0.057,-0.531,10.093,-0.011,0.007,-0.027,26.313
16191,0.067,-0.536,10.102,-0.012,0.006,-0.027,26.266
16201,0.062,-0.522,10.016,-0.012,0.006,-0.027,26.266
16211,0.086,-0.546,10.102,-0.012,0.007,-0.027,26.273
16221,0.086,-0.522,10.088,-0.012,0.006,-0.027,26.273
16231,0.096,-0.531,10.064,-0.013,0.004,-0.027,26.297
16241,0.096,-0.522,10.093,-0.012,0.004,-0.027,26.297
16251,0.077,-0.512,10.102,-0.011,0.006,-0.027,26.340
16261,0.086,-0.517,10.079,-0.011,0.006,-0.026,26.340
16271,0.057,-0.541,10.098,-0.011,0.005,-0.026,26.316
16281,0.081,-0.541,10.083,-0.013,0.004,-0.027,26.316
16291,0.062,-0.512,10.112,-0.012,0.005,-0.026,26.289
16301,0.077,-0.522,10.064,-0.013,0.004,-0.026,26.289
16311,0.081,-0.550,10.160,-0.012,0.005,-0.027,26.273
16321,0.048,-0.517,10.069,-0.013,0.009,-0.026,26.273
16331,0.067,-0.512,10.069,-0.013,0.005,-0.027,26.277
16341,0.086,-0.536,10.074,-0.012,0.010,-0.026,26.277
16351,0.062,-0.526,10.093,-0.013,0.006,-0.026,26.289
16361,0.067,-0.536,10.079,-0.013,0.007,-0.026,26.289
16371,0.086,-0.512,10.098,-0.013,0.006,-0.027,26.313
16381,0.081,-0.536,10.093,-0.013,0.007,-0.027,26.313
16391,0.096,-0.550,10.069,-0.013,0.007,-0.027,26.313
16401,0.077,-0.531,10.059,-0.011,0.006,-0.027,26.313
16411,0.091,-0.522,10.088,-0.012,0.006,-0.027,26.270
16421,0.081,-0.531,10.079,-0.012,0.005,-0.027,26.270
16431,0.067,-0.512,10.093,-0.012,0.005,-0.027,26.293
16441,0.048,-0.507,10.079,-0.013,0.006,-0.027,26.293
16451,0.072,-0.502,10.069,-0.012,0.006,-0.026,26.262
16461,0.048,-0.512,10.098,-0.012,0.007,-0.027,26.262
16471,0.067,-0.507,10.079,-0.012,0.005,-0.026,26.285
16481,0.077,-0.541,10.069,-0.012,0.006,-0.026,26.285
16491,0.067,-0.526,10.093,-0.012,0.006,-0.026,26.277
16501,0.081,-0.536,10.074,-0.012,0.006,-0.026,26.277
16511,0.077,-0.531,10.074,-0.012,0.006,-0.027,26.301
16521,0.077,-0.536,10.083,-0.012,0.006,-0.027,26.301
16531,0.072,-0.550,10.074,-0.012,0.006,-0.027,26.242
16541,0.077,-0.531,10.093,-0.012,0.006,-0.027,26.242
16551,0.057,-0.536,10.079,-0.012,0.006,-0.027,26.332
16561,0.072,-0.541,10.064,-0.012,0.006,-0.027,26.332
16571,0.067,-0.507,10.083,-0.012,0.006,-0.027,26.266
16581,0.081,-0.493,10.079,-0.012,0.006,-0.027,26.266
16591,0.053,-0.517,10.098,-0.012,0.006,-0.027,26.227
16601,0.086,-0.507,10.079,-0.012,0.006,-0.027,26.227
16611,0.072,-0.512,10.093,-0.013,0.006,-0.026,26.262
16621,0.072,-0.517,10.093,-0.011,0.007,-0.027,26.262
16631,0.072,-0.531,10.069,-0.012,0.007,-0.027,26.273
16641,0.100,-0.522,10.093,-0.012,0.006,-0.026,26.273
16651,0.081,-0.546,10.074,-0.012,0.007,-0.027,26.305
16661,0.086,-0.546,10.083,-0.012,0.005,-0.027,26.305
16671,0.048,-0.536,10.069,-0.012,0.006,-0.027,26.270
16681,0.091,-0.541,10.083,-0.012,0.006,-0.027,26.270
16691,0.081,-0.531,10.079,-0.012,0.005,-0.026,26.277
16701,0.057,-0.531,10.093,-0.013,0.006,-0.026,26.277
16711,0.077,-0.526,10.093,-0.012,0.005,-0.026,26.238
16721,0.072,-0.522,10.102,-0.012,0.005,-0.027,26.238
16731,0.086,-0.522,10.107,-0.012,0.006,-0.027,26.270
16741,0.100,-0.498,10.088,-0.013,0.005,-0.026,26.270
16751,0.086,-0.493,10.093,-0.012,0.006,-0.027,26.305
16761,0.081,-0.493,10.074,-0.012,0.006,-0.027,26.305
16771,0.057,-0.512,10.098,-0.011,0.006,-0.027,26.281
16781,0.081,-0.541,10.074,-0.013,0.006,-0.027,26.281
16791,0.067,-0.531,10.098,-0.011,0.006,-0.027,26.266
16801,0.096,-0.541,10.093,-0.011,0.006,-0.027,26.266
16811,0.096,-0.526,10.064,-0.012,0.007,-0.027,26.262
16821,0.077,-0.550,10.088,-0.012,0.007,-0.026,26.262
16831,0.057,-0.531,10.088,-0.013,0.007,-0.027,26.273
16841,0.067,-0.560,10.102,-0.013,0.007,-0.027,26.273
16851,0.062,-0.546,10.093,-0.013,0.006,-0.027,26.305
16861,0.057,-0.531,10.069,-0.015,0.006,-0.027,26.305
16871,0.081,-0.512,10.079,-0.013,0.006,-0.027,26.328
16881,0.072,-0.498,10.093,-0.013,0.005,-0.027,26.328
16891,0.053,-0.502,10.074,-0.012,0.005,-0.027,26.328
16901,0.053,-0.517,10.088,-0.012,0.006,-0.027,26.328
16911,0.062,-0.507,10.079,-0.012,0.006,-0.027,26.289
16921,0.077,-0.502,10.050,-0.012,0.006,-0.027,26.289
16941,0.053,-0.541,10.117,-0.012,0.005,-0.027,26.289
16951,0.086,-0.546,10.088,-0.013,0.006,-0.027,26.289
16961,0.081,-0.550,10.098,-0.013,0.006,-0.027,26.277
16971,0.081,-0.555,10.088,-0.012,0.007,-0.027,26.277
16981,0.077,-0.550,10.069,-0.012,0.007,-0.027,26.270
16991,0.081,-0.526,10.045,-0.012,0.007,-0.027,26.270
17001,0.086,-0.550,10.079,-0.012,0.005,-0.027,26.270
17011,0.086,-0.526,10.093,-0.013,0.005,-0.027,26.270
17021,0.077,-0.517,10.088,-0.013,0.005,-0.027,26.289
17031,0.072,-0.498,10.050,-0.012,0.007,-0.026,26.289
17041,0.077,-0.507,10.136,-0.013,0.007,-0.027,26.289
17051,0.053,-0.512,10.093,-0.016,0.007,-0.027,26.289
17061,0.091,-0.488,10.050,-0.013,0.005,-0.026,26.324
17071,0.067,-0.502,10.098,-0.011,0.010,-0.027,26.324
17081,0.096,-0.526,10.079,-0.013,0.002,-0.026,26.293
17091,0.077,-0.541,10.055,-0.011,0.007,-0.026,26.293
17101,0.057,-0.546,10.083,-0.012,0.004,-0.026,26.289
17111,0.096,-0.550,10.088,-0.013,0.006,-0.027,26.289
17121,0.072,-0.579,10.112,-0.013,0.006,-0.027,26.285
17131,0.072,-0.584,10.074,-0.012,0.004,-0.026,26.285
17141,0.077,-0.569,10.141,-0.013,0.004,-0.027,26.273
17151,0.048,-0.526,10.069,-0.012,0.007,-0.027,26.273
17161,0.043,-0.526,10.074,-0.013,0.004,-0.027,26.305
17171,0.091,-0.507,10.141,-0.013,0.006,-0.026,26.305
17181,0.057,-0.502,10.102,-0.013,0.006,-0.026,26.281
17191,0.096,-0.507,10.074,-0.013,0.007,-0.024,26.281
17201,0.086,-0.502,10.079,-0.011,0.009,-0.026,26.301
17211,0.096,-0.498,10.074,-0.013,0.007,-0.026,26.301
17221,0.105,-0.512,10.079,-0.012,0.006,-0.026,26.305
17231,0.091,-0.498,10.079,-0.012,0.007,-0.027,26.305
17241,0.115,-0.526,10.050,-0.012,0.005,-0.026,26.309
17251,0.096,-0.526,10.088,-0.012,0.007,-0.026,26.309
17261,0.067,-0.546,10.074,-0.013,0.006,-0.026,26.309
17271,0.067,-0.560,10.088,-0.012,0.007,-0.027,26.309
17281,0.043,-0.560,10.069,-0.012,0.006,-0.027,26.246
17291,0.024,-0.555,10.088,-0.012,0.006,-0.027,26.246
17301,0.033,-0.560,10.098,-0.013,0.006,-0.027,26.313
17311,0.043,-0.550,10.093,-0.012,0.006,-0.027,26.313
17321,0.043,-0.517,10.079,-0.012,0.006,-0.027,26.285
17331,0.062,-0.522,10.098,-0.012,0.006,-0.027,26.285
17341,0.086,-0.488,10.088,-0.012,0.007,-0.026,26.250
17351,0.091,-0.522,10.088,-0.011,0.006,-0.027,26.250
17361,0.096,-0.517,10.083,-0.011,0.006,-0.027,26.305
17371,0.086,-0.498,10.059,-0.012,0.007,-0.027,26.305
17381,0.096,-0.512,10.055,-0.012,0.006,-0.027,26.242
17391,0.096,-0.526,10.083,-0.012,0.006,-0.027,26.242
17401,0.096,-0.531,10.102,-0.013,0.005,-0.026,26.266
17411,0.081,-0.531,10.131,-0.013,0.006,-0.027,26.266
17421,0.038,-0.546,10.074,-0.016,0.005,-0.026,26.258
17431,0.048,-0.546,10.093,-0.012,0.007,-0.026,26.258
17441,0.033,-0.541,10.055,-0.012,0.009,-0.027,26.297
17451,0.053,-0.555,10.059,-0.012,0.006,-0.028,26.297
17461,0.053,-0.555,10.098,-0.012,0.006,-0.028,26.293
17471,0.077,-0.536,10.112,-0.012,0.006,-0.027,26.293
17481,0.091,-0.536,10.117,-0.012,0.006,-0.026,26.254
17491,0.096,-0.517,10.088,-0.011,0.006,-0.027,26.254
17501,0.105,-0.526,10.102,-0.012,0.006,-0.028,26.297
17511,0.091,-0.502,10.102,-0.012,0.006,-0.027,26.297
17521,0.077,-0.502,10.079,-0.012,0.007,-0.027,26.266
17531,0.081,-0.493,10.088,-0.012,0.007,-0.027,26.266
17541,0.072,-0.517,10.093,-0.011,0.006,-0.027,26.285
17551,0.072,-0.522,10.069,-0.012,0.006,-0.027,26.285
17561,0.091,-0.498,10.107,-0.013,0.005,-0.027,26.293
17571,0.077,-0.522,10.098,-0.013,0.007,-0.027,26.293
17581,0.067,-0.526,10.074,-0.013,0.009,-0.027,26.313
17591,0.062,-0.541,10.064,-0.015,0.007,-0.027,26.313
17601,0.072,-0.550,10.083,-0.015,0.007,-0.027,26.254
17611,0.057,-0.560,10.107,-0.015,0.007,-0.027,26.254
17621,0.077,-0.569,10.098,-0.016,0.007,-0.027,26.266
17631,0.057,-0.546,10.093,-0.016,0.007,-0.027,26.266
17641,0.072,-0.546,10.079,-0.015,0.007,-0.026,26.262
17651,0.062,-0.541,10.093,-0.013,0.006,-0.027,26.262
17661,0.053,-0.517,10.098,-0.015,0.007,-0.026,26.313
17671,0.091,-0.512,10.064,-0.015,0.006,-0.027,26.313
17681,0.067,-0.517,10.112,-0.013,0.007,-0.027,26.281
17691,0.062,-0.498,10.083,-0.015,0.007,-0.027,26.281
17701,0.081,-0.507,10.079,-0.016,0.006,-0.027,26.320
17711,0.091,-0.522,10.098,-0.013,0.007,-0.027,26.320
17721,0.077,-0.517,10.088,-0.015,0.006,-0.026,26.258
17731,0.072,-0.517,10.098,-0.015,0.007,-0.026,26.258
17741,0.048,-0.550,10.079,-0.015,0.007,-0.026,26.293
17751,0.072,-0.541,10.093,-0.015,0.007,-0.026,26.293
17761,0.062,-0.550,10.059,-0.012,0.006,-0.027,26.332
17771,0.086,-0.565,10.122,-0.013,0.006,-0.027,26.332
17781,0.077,-0.536,10.074,-0.015,0.006,-0.026,26.324
17791,0.062,-0.555,10.102,-0.013,0.007,-0.026,26.324
17801,0.053,-0.546,10.083,-0.013,0.009,-0.027,26.301
17811,0.081,-0.526,10.069,-0.013,0.006,-0.027,26.301
17821,0.072,-0.488,10.059,-0.012,0.007,-0.027,26.305
17831,0.057,-0.507,10.141,-0.012,0.005,-0.027,26.305
17841,0.067,-0.507,10.079,-0.012,0.006,-0.026,26.305
17851,0.072,-0.512,10.102,-0.012,0.004,-0.027,26.305
17861,0.057,-0.522,10.083,-0.012,0.007,-0.026,26.262
17871,0.086,-0.512,10.064,-0.013,0.005,-0.027,26.262
17881,0.077,-0.531,10.079,-0.011,0.009,-0.026,26.254
17891,0.067,-0.541,10.117,-0.012,0.005,-0.027,26.254
17901,0.053,-0.536,10.093,-0.013,0.006,-0.027,26.285
17911,0.077,-0.550,10.074,-0.012,0.005,-0.027,26.285
17921,0.077,-0.526,10.074,-0.012,0.007,-0.027,26.270
17931,0.081,-0.541,10.074,-0.011,0.006,-0.026,26.270
17941,0.062,-0.531,10.088,-0.013,0.006,-0.026,26.332
17951,0.077,-0.541,10.098,-0.012,0.005,-0.028,26.332
17961,0.072,-0.531,10.079,-0.013,0.006,-0.027,26.332
17971,0.077,-0.517,10.079,-0.013,0.005,-0.026,26.332
17981,0.048,-0.522,10.074,-0.012,0.006,-0.027,26.258
17991,0.077,-0.522,10.088,-0.012,0.006,-0.027,26.258
18001,0.067,-0.517,10.112,-0.012,0.005,-0.027,26.332
18011,0.077,-0.512,10.083,-0.012,0.005,-0.026,26.332
18021,0.062,-0.517,10.079,-0.012,0.006,-0.026,26.305
18031,0.067,-0.541,10.074,-0.012,0.006,-0.027,26.305
18041,0.062,-0.517,10.112,-0.012,0.007,-0.027,26.301
18051,0.077,-0.546,10.079,-0.013,0.007,-0.027,26.301
18061,0.077,-0.550,10.079,-0.013,0.006,-0.027,26.332
18071,0.072,-0.536,10.059,-0.013,0.006,-0.027,26.332
18081,0.072,-0.550,10.074,-0.012,0.005,-0.027,26.332
18091,0.043,-0.536,10.122,-0.013,0.006,-0.027,26.332
18101,0.062,-0.541,10.064,-0.012,0.006,-0.026,26.309
18121,0.072,-0.526,10.074,-0.013,0.006,-0.027,26.262
18131,0.062,-0.536,10.098,-0.012,0.007,-0.026,26.258
18141,0.077,-0.536,10.074,-0.013,0.005,-0.026,26.258
18151,0.096,-0.522,10.088,-0.016,0.005,-0.027,26.273
18161,0.091,-0.517,10.093,-0.015,0.006,-0.026,26.273
18171,0.091,-0.522,10.059,-0.015,0.006,-0.027,26.285
18181,0.077,-0.531,10.088,-0.012,0.007,-0.027,26.285
18191,0.067,-0.531,10.064,-0.015,0.006,-0.027,26.281
18201,0.096,-0.531,10.083,-0.015,0.004,-0.027,26.281
18211,0.067,-0.531,10.122,-0.016,0.005,-0.028,26.324
18221,0.057,-0.541,10.122,-0.015,0.005,-0.028,26.324
18231,0.067,-0.541,10.088,-0.015,0.006,-0.028,26.285
18241,0.048,-0.546,10.064,-0.013,0.006,-0.026,26.285
18251,0.053,-0.541,10.102,-0.015,0.005,-0.027,26.309
18261,0.053,-0.526,10.102,-0.015,0.006,-0.027,26.309
18271,0.057,-0.536,10.069,-0.015,0.005,-0.027,26.320
18281,0.067,-0.536,10.083,-0.013,0.007,-0.027,26.320
18291,0.072,-0.541,10.079,-0.013,0.006,-0.027,26.348
18301,0.067,-0.541,10.069,-0.015,0.007,-0.027,26.348
18311,0.077,-0.546,10.079,-0.013,0.006,-0.027,26.262
18321,0.077,-0.531,10.102,-0.013,0.006,-0.027,26.262
18331,0.100,-0.522,10.102,-0.013,0.005,-0.027,26.320
18341,0.100,-0.526,10.112,-0.016,0.006,-0.027,26.320
18351,0.072,-0.555,10.093,-0.015,0.007,-0.027,26.320
18361,0.057,-0.531,10.079,-0.013,0.009,-0.027,26.320
18371,0.048,-0.536,10.083,-0.013,0.007,-0.027,26.285
18381,0.067,-0.541,10.107,-0.015,0.007,-0.027,26.285
18391,0.062,-0.531,10.093,-0.015,0.005,-0.027,26.371
18401,0.067,-0.531,10.107,-0.013,0.007,-0.027,26.371
18411,0.086,-0.531,10.059,-0.015,0.006,-0.027,26.336
18421,0.100,-0.536,10.107,-0.012,0.007,-0.027,26.336
18431,0.086,-0.550,10.126,-0.011,0.007,-0.026,26.328
18441,0.086,-0.541,10.069,-0.012,0.009,-0.027,26.328
18451,0.072,-0.541,10.122,-0.015,0.006,-0.027,26.305
18461,0.072,-0.522,10.088,-0.016,0.007,-0.027,26.305
18471,0.053,-0.546,10.083,-0.015,0.009,-0.027,26.313
18481,0.048,-0.541,10.055,-0.016,0.010,-0.026,26.313
18491,0.038,-0.536,10.102,-0.016,0.006,-0.027,26.301
18501,0.053,-0.522,10.083,-0.017,0.007,-0.027,26.301
18511,0.062,-0.531,10.074,-0.018,0.006,-0.026,26.313
18521,0.100,-0.536,10.098,-0.016,0.006,-0.027,26.313
18531,0.096,-0.526,10.098,-0.016,0.007,-0.026,26.270
18541,0.096,-0.550,10.093,-0.017,0.007,-0.027,26.270
18551,0.081,-0.555,10.088,-0.017,0.009,-0.027,26.301
18561,0.091,-0.531,10.093,-0.020,0.007,-0.026,26.301
18571,0.067,-0.546,10.098,-0.016,0.007,-0.027,26.293
18581,0.062,-0.550,10.055,-0.017,0.006,-0.027,26.293
18591,0.038,-0.555,10.083,-0.016,0.009,-0.027,26.305
18601,0.043,-0.546,10.055,-0.015,0.009,-0.026,26.305
18611,0.048,-0.565,10.117,-0.010,0.007,-0.027,26.301
18621,0.048,-0.555,10.069,-0.012,0.007,-0.027,26.301
18631,0.062,-0.546,10.088,-0.012,0.005,-0.028,26.301
18641,0.053,-0.546,10.064,-0.012,0.009,-0.027,26.301
18651,0.067,-0.546,10.131,-0.012,0.006,-0.027,26.316
18661,0.096,-0.526,10.035,-0.015,0.006,-0.027,26.316
18671,0.072,-0.526,10.088,-0.012,0.006,-0.027,26.320
18681,0.077,-0.536,10.117,-0.013,0.006,-0.027,26.320
18691,0.120,-0.536,10.079,-0.015,0.005,-0.026,26.316
18701,0.091,-0.522,10.088,-0.011,0.006,-0.026,26.316
18711,0.048,-0.526,10.074,-0.011,0.006,-0.026,26.332
18721,0.019,-0.546,10.102,-0.013,0.005,-0.026,26.332
18731,0.010,-0.526,10.102,-0.012,0.004,-0.026,26.332
18741,0.024,-0.536,10.102,-0.010,0.005,-0.026,26.332
18751,0.029,-0.541,10.093,-0.011,0.006,-0.026,26.309
18761,0.029,-0.541,10.102,-0.010,0.006,-0.027,26.309
18771,0.057,-0.550,10.093,-0.011,0.005,-0.026,26.309
18781,0.067,-0.555,10.102,-0.010,0.005,-0.027,26.309
18791,0.086,-0.565,10.055,-0.011,0.006,-0.027,26.336
18801,0.115,-0.541,10.083,-0.011,0.005,-0.027,26.336
18811,0.124,-0.546,10.122,-0.011,0.006,-0.026,26.316
18821,0.124,-0.560,10.079,-0.012,0.006,-0.026,26.316
18831,0.100,-0.522,10.074,-0.012,0.006,-0.026,26.340
18841,0.096,-0.531,10.112,-0.010,0.006,-0.026,26.340
18851,0.072,-0.536,10.083,-0.011,0.006,-0.027,26.273
18861,0.029,-0.522,10.088,-0.012,0.006,-0.027,26.273
18871,0.038,-0.522,10.088,-0.012,0.006,-0.026,26.289
18881,0.053,-0.526,10.102,-0.011,0.005,-0.027,26.289
18891,0.029,-0.536,10.107,-0.012,0.006,-0.027,26.293
18901,0.038,-0.555,10.093,-0.012,0.006,-0.027,26.293
18911,0.062,-0.574,10.112,-0.013,0.006,-0.027,26.301
18921,0.077,-0.574,10.088,-0.013,0.006,-0.027,26.301
18931,0.096,-0.584,10.074,-0.013,0.006,-0.027,26.355
18941,0.091,-0.565,10.069,-0.013,0.006,-0.027,26.355
18951,0.100,-0.550,10.112,-0.012,0.006,-0.026,26.301
18961,0.077,-0.522,10.098,-0.013,0.007,-0.026,26.301
18971,0.067,-0.522,9.997,-0.017,0.009,-0.026,26.301
18981,0.062,-0.526,10.026,-0.013,0.007,-0.027,26.301
18991,0.067,-0.536,10.117,-0.015,0.006,-0.026,26.332
19001,0.062,-0.536,10.189,-0.015,0.004,-0.027,26.332
19011,0.038,-0.531,10.107,-0.020,0.005,-0.028,26.328
19021,0.062,-0.531,10.021,-0.017,0.009,-0.027,26.328
19031,0.033,-0.565,10.083,-0.009,0.009,-0.027,26.289
19041,0.057,-0.555,10.102,-0.009,0.005,-0.027,26.289
19051,0.043,-0.550,10.098,-0.009,0.005,-0.026,26.316
19061,0.077,-0.569,10.064,-0.009,0.006,-0.027,26.316
19071,0.086,-0.565,10.069,-0.005,0.009,-0.027,26.289
19081,0.096,-0.541,10.059,-0.007,0.005,-0.027,26.289
19091,0.096,-0.574,10.074,-0.006,0.005,-0.026,26.324
19101,0.091,-0.565,10.093,-0.004,0.006,-0.026,26.324
19111,0.086,-0.541,10.088,-0.004,0.005,-0.027,26.301
19121,0.053,-0.526,10.083,-0.004,0.006,-0.027,26.301
19131,0.048,-0.502,10.079,-0.001,0.006,-0.026,26.332
19141,0.053,-0.526,10.083,-0.001,0.006,-0.026,26.332
19151,0.033,-0.512,10.093,-0.002,0.005,-0.027,26.309
19161,0.062,-0.507,10.122,-0.005,0.004,-0.027,26.309
19171,0.053,-0.512,10.107,-0.007,0.004,-0.027,26.316
19181,0.077,-0.531,10.083,-0.007,0.006,-0.027,26.316
19191,0.077,-0.531,10.069,-0.010,0.006,-0.027,26.289
19201,0.091,-0.541,10.074,-0.009,0.005,-0.027,26.289
19211,0.081,-0.569,10.079,-0.010,0.005,-0.027,26.305
19221,0.110,-0.555,10.074,-0.011,0.005,-0.027,26.305
19231,0.086,-0.546,10.093,-0.011,0.005,-0.027,26.305
19241,0.081,-0.546,10.098,-0.012,0.006,-0.027,26.305
19251,0.067,-0.546,10.079,-0.012,0.006,-0.026,26.297
19261,0.067,-0.526,10.098,-0.012,0.006,-0.026,26.297
19271,0.057,-0.522,10.074,-0.013,0.005,-0.026,26.332
19281,0.062,-0.536,10.083,-0.012,0.005,-0.026,26.332
19291,0.048,-0.536,10.112,-0.012,0.006,-0.026,26.289
19301,0.053,-0.498,10.064,-0.013,0.006,-0.026,26.289
19311,0.062,-0.522,10.098,-0.012,0.005,-0.027,26.320
19321,0.067,-0.536,10.093,-0.011,0.002,-0.027,26.320
19331,0.081,-0.550,10.098,-0.009,0.005,-0.027,26.277
19341,0.062,-0.550,10.112,-0.007,0.007,-0.026,26.277
19361,0.072,-0.555,10.059,-0.011,0.007,-0.026,26.313
19371,0.057,-0.560,10.035,-0.011,0.006,-0.027,26.313
19381,0.053,-0.526,10.079,-0.010,0.004,-0.027,26.293
19391,0.077,-0.522,10.102,-0.007,0.004,-0.027,26.293
19401,0.086,-0.502,10.107,-0.009,0.005,-0.027,26.328
19411,0.062,-0.517,10.083,-0.010,0.005,-0.027,26.328
19421,0.091,-0.517,10.074,-0.009,0.005,-0.027,26.289
19431,0.096,-0.507,10.107,-0.009,0.005,-0.027,26.289
19441,0.091,-0.522,10.083,-0.011,0.005,-0.027,26.324
19451,0.072,-0.507,10.098,-0.010,0.005,-0.027,26.324
19461,0.048,-0.526,10.083,-0.010,0.005,-0.027,26.293
19471,0.081,-0.536,10.088,-0.009,0.005,-0.027,26.293
19481,0.033,-0.560,10.064,-0.006,0.004,-0.027,26.277
19491,0.048,-0.526,10.102,-0.004,0.004,-0.027,26.277
19501,0.077,-0.546,10.088,-0.004,0.004,-0.027,26.324
19511,0.067,-0.555,10.112,-0.002,0.004,-0.027,26.324
19521,0.081,-0.531,10.126,-0.009,0.005,-0.027,26.316
19531,0.091,-0.536,10.074,-0.011,0.004,-0.027,26.316
19541,0.072,-0.526,10.088,-0.011,0.007,-0.026,26.293
19551,0.048,-0.507,10.079,-0.011,0.004,-0.027,26.293
19561,0.057,-0.536,10.083,-0.010,0.004,-0.028,26.336
19571,0.077,-0.517,10.112,-0.011,0.005,-0.028,26.336
19581,0.072,-0.498,10.102,-0.012,0.005,-0.027,26.293
19591,0.072,-0.512,10.088,-0.011,0.005,-0.027,26.293
19601,0.072,-0.512,10.069,-0.011,0.006,-0.027,26.270
19611,0.053,-0.546,10.083,-0.012,0.006,-0.027,26.270
19621,0.057,-0.541,10.079,-0.012,0.006,-0.027,26.313
19631,0.062,-0.550,10.083,-0.011,0.006,-0.027,26.313
19641,0.067,-0.541,10.069,-0.011,0.007,-0.026,26.301
19651,0.072,-0.541,10.093,-0.011,0.006,-0.026,26.301
19661,0.081,-0.536,10.102,-0.012,0.006,-0.027,26.270
19671,0.081,-0.536,10.088,-0.011,0.006,-0.026,26.270
19681,0.062,-0.517,10.079,-0.011,0.006,-0.024,26.301
19691,0.091,-0.541,10.088,-0.011,0.007,-0.024,26.301
19701,0.053,-0.522,10.074,-0.013,0.007,-0.024,26.289
19711,0.072,-0.502,10.074,-0.012,0.007,-0.026,26.289
19721,0.086,-0.507,10.059,-0.012,0.007,-0.027,26.344
19731,0.105,-0.507,10.074,-0.012,0.006,-0.027,26.344
19741,0.081,-0.517,10.069,-0.012,0.007,-0.027,26.254
19751,0.091,-0.493,10.098,-0.012,0.007,-0.027,26.254
19761,0.077,-0.512,10.102,-0.012,0.007,-0.027,26.289
19771,0.096,-0.526,10.098,-0.013,0.007,-0.027,26.289
19781,0.072,-0.531,10.059,-0.015,0.006,-0.027,26.309
19791,0.072,-0.541,10.059,-0.015,0.006,-0.027,26.309
19801,0.067,-0.550,10.079,-0.015,0.006,-0.027,26.289
19811,0.067,-0.526,10.098,-0.013,0.006,-0.027,26.289
19821,0.057,-0.541,10.088,-0.012,0.005,-0.027,26.293
19831,0.086,-0.546,10.117,-0.013,0.005,-0.026,26.293
19841,0.062,-0.536,10.088,-0.012,0.006,-0.026,26.293
19851,0.062,-0.531,10.083,-0.012,0.005,-0.026,26.293
19861,0.077,-0.531,10.079,-0.012,0.006,-0.026,26.281
19871,0.057,-0.526,10.079,-0.012,0.006,-0.026,26.281
19881,0.077,-0.522,10.069,-0.012,0.004,-0.027,26.297
19891,0.096,-0.517,10.107,-0.011,0.005,-0.027,26.297
19901,0.081,-0.546,10.093,-0.011,0.006,-0.027,26.238
19911,0.053,-0.507,10.064,-0.012,0.006,-0.027,26.238
19921,0.057,-0.512,10.055,-0.012,0.005,-0.027,26.309
19931,0.062,-0.512,10.107,-0.013,0.005,-0.027,26.309
19941,0.053,-0.531,10.098,-0.012,0.006,-0.026,26.262
19951,0.077,-0.536,10.093,-0.011,0.005,-0.027,26.262
19961,0.057,-0.526,10.074,-0.012,0.005,-0.027,26.305
19971,0.077,-0.526,10.083,-0.012,0.005,-0.027,26.305
19981,0.053,-0.531,10.055,-0.012,0.006,-0.026,26.273
19991,0.077,-0.526,10.107,-0.012,0.004,-0.026,26.273
20001,0.077,-0.536,10.117,-0.012,0.005,-0.026,26.281
20011,0.072,-0.522,10.098,-0.012,0.007,-0.027,26.281
20021,0.105,-0.536,10.064,-0.012,0.006,-0.026,26.293
20031,0.077,-0.531,10.069,-0.012,0.006,-0.026,26.293
20041,0.033,-0.536,10.069,-0.012,0.006,-0.026,26.293
20051,0.067,-0.526,10.088,-0.012,0.004,-0.026,26.293
20061,0.081,-0.522,10.122,-0.012,0.005,-0.027,26.258
20071,0.048,-0.536,10.122,-0.012,0.006,-0.027,26.258
20081,0.048,-0.555,10.098,-0.013,0.007,-0.027,26.242
20091,0.053,-0.536,10.074,-0.012,0.007,-0.027,26.242
20101,0.048,-0.517,10.059,-0.012,0.006,-0.027,26.289
20111,0.086,-0.522,10.098,-0.012,0.005,-0.027,26.289
20121,0.077,-0.512,10.122,-0.011,0.006,-0.026,26.273
20131,0.086,-0.493,10.079,-0.011,0.006,-0.027,26.273
20141,0.100,-0.502,10.088,-0.012,0.006,-0.026,26.313
20151,0.086,-0.493,10.069,-0.012,0.006,-0.026,26.313
20161,0.081,-0.493,10.040,-0.011,0.006,-0.027,26.316
20171,0.072,-0.507,10.069,-0.012,0.006,-0.027,26.316
20181,0.072,-0.512,10.107,-0.012,0.004,-0.027,26.332
20191,0.072,-0.502,10.112,-0.012,0.005,-0.027,26.332
20201,0.057,-0.531,10.117,-0.012,0.006,-0.027,26.285
20211,0.038,-0.546,10.102,-0.012,0.006,-0.026,26.285
20221,0.048,-0.546,10.088,-0.012,0.006,-0.026,26.324
20231,0.062,-0.555,10.088,-0.012,0.006,-0.027,26.324
20241,0.057,-0.546,10.088,-0.012,0.006,-0.026,26.305
20251,0.072,-0.541,10.088,-0.012,0.005,-0.027,26.305
20261,0.096,-0.550,10.102,-0.012,0.005,-0.027,26.309
20271,0.091,-0.536,10.093,-0.013,0.006,-0.027,26.309
20281,0.077,-0.522,10.112,-0.011,0.006,-0.026,26.316
20291,0.077,-0.546,10.079,-0.012,0.007,-0.027,26.316
20301,0.067,-0.507,10.102,-0.012,0.006,-0.027,26.277
20311,0.072,-0.531,10.102,-0.012,0.006,-0.026,26.277
20321,0.067,-0.522,10.098,-0.012,0.005,-0.027,26.281
20331,0.062,-0.498,10.079,-0.012,0.006,-0.027,26.281
20341,0.086,-0.502,10.102,-0.013,0.006,-0.026,26.309
20351,0.096,-0.522,10.074,-0.013,0.006,-0.026,26.309
20361,0.086,-0.498,10.079,-0.012,0.006,-0.027,26.305
20371,0.053,-0.502,10.088,-0.012,0.006,-0.026,26.305
20381,0.072,-0.536,10.088,-0.013,0.006,-0.027,26.297
20391,0.077,-0.536,10.079,-0.013,0.005,-0.027,26.297
20401,0.067,-0.546,10.102,-0.012,0.006,-0.026,26.297
20411,0.038,-0.546,10.079,-0.012,0.006,-0.026,26.297
20421,0.062,-0.536,10.098,-0.011,0.006,-0.026,26.289
20431,0.057,-0.531,10.074,-0.012,0.006,-0.027,26.289
20441,0.072,-0.522,10.093,-0.012,0.005,-0.027,26.309
20451,0.081,-0.526,10.088,-0.012,0.005,-0.027,26.309
20461,0.081,-0.502,10.083,-0.011,0.006,-0.027,26.285
20471,0.072,-0.517,10.093,-0.012,0.006,-0.026,26.285
20481,0.077,-0.502,10.093,-0.012,0.006,-0.027,26.285
20491,0.091,-0.502,10.107,-0.012,0.006,-0.027,26.285
20501,0.081,-0.517,10.093,-0.012,0.006,-0.027,26.270
20511,0.053,-0.526,10.093,-0.012,0.007,-0.027,26.270
20521,0.062,-0.517,10.093,-0.012,0.007,-0.027,26.293
20531,0.077,-0.522,10.064,-0.012,0.006,-0.027,26.293
20541,0.067,-0.522,10.083,-0.012,0.007,-0.027,26.309
20551,0.077,-0.526,10.079,-0.012,0.007,-0.026,26.309
20561,0.057,-0.526,10.059,-0.013,0.007,-0.026,26.316
20581,0.086,-0.531,10.059,-0.016,0.009,-0.027,26.289
20591,0.072,-0.546,10.026,-0.015,0.007,-0.027,26.305
20601,0.038,-0.536,10.122,-0.015,0.007,-0.027,26.305
20611,0.057,-0.517,10.064,-0.015,0.005,-0.027,26.293
20621,0.053,-0.522,10.107,-0.012,0.007,-0.026,26.293
20631,0.072,-0.531,10.083,-0.015,0.006,-0.027,26.250
20641,0.091,-0.531,10.088,-0.016,0.006,-0.027,26.250
20651,0.081,-0.541,10.131,-0.016,0.006,-0.027,26.277
20661,0.081,-0.536,10.035,-0.017,0.009,-0.026,26.277
20671,0.057,-0.531,10.122,-0.016,0.007,-0.026,26.328
20681,0.072,-0.550,10.055,-0.017,0.007,-0.026,26.328
20691,0.067,-0.550,10.083,-0.013,0.009,-0.027,26.301
20701,0.072,-0.536,10.059,-0.015,0.005,-0.026,26.301
20711,0.086,-0.555,10.083,-0.013,0.006,-0.027,26.305
20721,0.062,-0.536,10.093,-0.012,0.006,-0.028,26.305
20731,0.048,-0.531,10.107,-0.012,0.006,-0.027,26.266
20741,0.053,-0.522,10.002,-0.013,0.006,-0.027,26.266
20751,0.057,-0.541,10.098,-0.013,0.005,-0.028,26.301
20761,0.072,-0.541,10.203,-0.013,0.004,-0.028,26.301
20771,0.067,-0.531,10.112,-0.013,0.012,-0.026,26.285
20781,0.062,-0.507,10.055,-0.013,0.009,-0.026,26.285
20791,0.057,-0.541,10.064,-0.013,0.006,-0.026,26.234
20801,0.081,-0.512,10.055,-0.012,0.007,-0.026,26.234
20811,0.072,-0.526,10.074,-0.013,0.006,-0.027,26.289
20821,0.077,-0.541,10.083,-0.013,0.005,-0.027,26.289
20831,0.072,-0.541,10.126,-0.012,0.005,-0.027,26.254
20841,0.091,-0.541,10.131,-0.013,0.005,-0.027,26.254
20851,0.086,-0.541,10.040,-0.013,0.006,-0.027,26.297
20861,0.072,-0.512,10.040,-0.013,0.006,-0.027,26.297
20871,0.062,-0.536,10.112,-0.013,0.006,-0.027,26.238
20881,0.081,-0.517,10.074,-0.013,0.005,-0.027,26.238
20891,0.053,-0.512,10.093,-0.012,0.009,-0.026,26.289
20901,0.067,-0.536,10.083,-0.011,0.007,-0.024,26.289
20911,0.057,-0.512,10.074,-0.011,0.006,-0.026,26.254
20921,0.062,-0.517,10.098,-0.011,0.006,-0.027,26.254
20931,0.062,-0.541,10.074,-0.011,0.005,-0.027,26.320
20941,0.062,-0.522,10.074,-0.011,0.005,-0.027,26.320
20951,0.053,-0.546,10.088,-0.011,0.005,-0.027,26.273
20961,0.067,-0.565,10.098,-0.011,0.005,-0.027,26.273
20971,0.057,-0.565,10.069,-0.012,0.005,-0.027,26.316
20981,0.072,-0.555,10.107,-0.011,0.006,-0.027,26.316
20991,0.091,-0.546,10.083,-0.012,0.006,-0.027,26.309
21001,0.120,-0.517,10.131,-0.011,0.007,-0.026,26.309
21011,0.057,-0.531,10.055,-0.011,0.011,-0.026,26.277
21021,0.081,-0.498,10.016,-0.012,0.006,-0.026,26.277
21031,0.081,-0.502,10.088,-0.012,0.006,-0.027,26.262
21041,0.091,-0.522,10.098,-0.013,0.006,-0.028,26.262
21051,0.067,-0.522,10.079,-0.013,0.006,-0.027,26.289
21061,0.057,-0.526,10.141,-0.012,0.007,-0.028,26.289
21071,0.033,-0.541,10.117,-0.012,0.007,-0.028,26.281
21081,0.038,-0.565,10.083,-0.012,0.009,-0.027,26.281
21091,0.067,-0.579,10.074,-0.012,0.006,-0.026,26.281
21101,0.077,-0.574,10.059,-0.011,0.005,-0.026,26.281
21111,0.091,-0.550,10.012,-0.012,0.005,-0.026,26.258
21121,0.110,-0.536,10.150,-0.007,0.002,-0.027,26.258
21131,0.144,-0.512,10.016,-0.010,0.005,-0.026,26.281
21141,0.120,-0.502,10.117,-0.009,0.006,-0.027,26.281
21151,0.105,-0.483,10.146,-0.012,0.006,-0.027,26.285
21161,0.081,-0.493,10.064,-0.012,0.006,-0.027,26.285
21171,0.019,-0.493,10.064,-0.013,0.009,-0.027,26.316
21181,0.019,-0.531,10.112,-0.015,0.006,-0.027,26.316
21191,0.029,-0.531,10.117,-0.013,0.006,-0.026,26.320
21201,0.029,-0.541,10.069,-0.013,0.006,-0.026,26.320
21211,0.043,-0.550,10.122,-0.013,0.006,-0.026,26.309
21221,0.062,-0.574,10.055,-0.013,0.006,-0.026,26.309
21231,0.081,-0.541,10.088,-0.013,0.005,-0.026,26.336
21241,0.115,-0.560,10.136,-0.013,0.006,-0.026,26.336
21251,0.129,-0.546,10.069,-0.015,0.006,-0.027,26.305
21261,0.086,-0.550,10.083,-0.015,0.009,-0.026,26.305
21271,0.067,-0.565,10.093,-0.015,0.007,-0.026,26.316
21281,0.053,-0.531,10.074,-0.017,0.007,-0.024,26.316
21291,0.043,-0.512,10.045,-0.017,0.010,-0.024,26.281
21301,0.043,-0.502,10.141,-0.017,0.006,-0.026,26.281
21311,0.019,-0.498,10.083,-0.021,0.006,-0.024,26.297
21321,0.096,-0.488,10.126,-0.026,0.007,-0.033,26.297
21331,0.043,-0.507,10.040,-0.034,0.002,-0.026,26.289
21341,0.081,-0.517,10.146,-0.020,0.012,-0.024,26.289
21351,0.120,-0.550,10.093,-0.018,0.005,-0.027,26.324
21361,0.120,-0.536,10.079,-0.012,0.004,-0.028,26.324
21371,0.053,-0.536,10.045,-0.012,0.011,-0.027,26.305
21381,0.062,-0.555,10.059,-0.016,0.004,-0.028,26.305
21391,0.057,-0.593,10.136,-0.012,0.005,-0.028,26.293
21401,0.043,-0.569,10.083,-0.012,0.009,-0.027,26.293
21411,0.024,-0.565,10.016,-0.017,0.004,-0.027,26.273
21421,0.062,-0.565,10.102,-0.012,0.006,-0.027,26.273
21431,0.057,-0.546,10.098,-0.013,0.006,-0.026,26.285
21441,0.081,-0.512,10.031,-0.015,0.005,-0.026,26.285
21451,0.062,-0.512,10.098,-0.012,0.006,-0.027,26.297
21461,0.072,-0.507,10.169,-0.011,0.005,-0.027,26.297
21471,0.057,-0.512,10.059,-0.013,0.007,-0.027,26.289
21481,0.072,-0.526,10.074,-0.011,0.007,-0.027,26.289
21491,0.081,-0.502,10.093,-0.011,0.004,-0.028,26.309
21501,0.067,-0.536,10.107,-0.007,0.006,-0.027,26.309
21511,0.086,-0.531,10.059,-0.011,0.005,-0.027,26.301
21521,0.062,-0.555,10.083,-0.012,0.004,-0.026,26.301
21531,0.057,-0.569,10.088,-0.011,0.006,-0.027,26.305
21541,0.077,-0.574,10.050,-0.013,0.005,-0.027,26.305
21551,0.067,-0.565,10.064,-0.012,0.006,-0.027,26.320
21561,0.048,-0.584,10.126,-0.013,0.005,-0.027,26.320
21571,0.048,-0.579,10.055,-0.013,0.005,-0.027,26.293
21581,0.043,-0.550,10.107,-0.012,0.006,-0.027,26.293
21591,0.053,-0.541,10.040,-0.015,0.005,-0.027,26.258
21601,0.043,-0.531,10.107,-0.013,0.006,-0.027,26.258
21611,0.067,-0.531,10.122,-0.012,0.006,-0.027,26.270
21621,0.081,-0.517,10.098,-0.012,0.005,-0.027,26.270
21631,0.057,-0.488,10.093,-0.012,0.006,-0.027,26.313
21641,0.072,-0.522,10.040,-0.013,0.005,-0.027,26.313
21651,0.086,-0.512,10.093,-0.012,0.004,-0.027,26.285
21661,0.100,-0.531,10.107,-0.011,0.005,-0.027,26.285
21671,0.086,-0.526,10.083,-0.010,0.006,-0.026,26.289
21681,0.072,-0.541,10.122,-0.010,0.005,-0.027,26.289
21691,0.062,-0.541,10.064,-0.012,0.006,-0.026,26.293
21701,0.048,-0.536,10.088,-0.009,0.006,-0.027,26.293
21711,0.024,-0.555,10.107,-0.011,0.005,-0.026,26.316
21721,0.048,-0.565,10.074,-0.011,0.005,-0.026,26.316
21731,0.033,-0.555,10.122,-0.010,0.005,-0.027,26.289
21741,0.062,-0.536,10.088,-0.012,0.005,-0.027,26.289
21751,0.053,-0.550,10.098,-0.011,0.006,-0.027,26.289
21761,0.091,-0.546,10.083,-0.011,0.006,-0.027,26.289
21771,0.091,-0.522,10.102,-0.010,0.006,-0.027,26.262
21791,0.062,-0.512,10.079,-0.011,0.005,-0.027,26.328
21801,0.077,-0.531,10.102,-0.009,0.004,-0.028,26.309
21811,0.057,-0.531,10.069,-0.011,0.005,-0.028,26.309
21821,0.072,-0.517,10.079,-0.010,0.005,-0.028,26.328
21831,0.048,-0.536,10.074,-0.010,0.005,-0.028,26.328
21841,0.086,-0.536,10.093,-0.010,0.006,-0.028,26.297
21851,0.091,-0.536,10.112,-0.011,0.006,-0.028,26.297
21861,0.043,-0.536,10.093,-0.013,0.005,-0.028,26.281
21871,0.043,-0.541,10.074,-0.012,0.006,-0.028,26.281
21881,0.043,-0.541,10.079,-0.012,0.006,-0.028,26.297
21891,0.077,-0.560,10.107,-0.011,0.005,-0.027,26.297
21901,0.067,-0.546,10.093,-0.012,0.005,-0.028,26.305
21911,0.086,-0.565,10.088,-0.012,0.007,-0.028,26.305
21921,0.072,-0.536,10.074,-0.012,0.006,-0.027,26.305
21931,0.057,-0.536,10.088,-0.012,0.006,-0.027,26.305
21941,0.072,-0.526,10.088,-0.011,0.006,-0.027,26.266
21951,0.062,-0.522,10.098,-0.012,0.006,-0.027,26.266
21961,0.062,-0.526,10.098,-0.012,0.005,-0.028,26.320
21971,0.072,-0.526,10.102,-0.012,0.006,-0.028,26.320
21981,0.053,-0.531,10.083,-0.011,0.006,-0.028,26.270
21991,0.062,-0.526,10.079,-0.013,0.006,-0.028,26.270
22001,0.057,-0.531,10.074,-0.013,0.006,-0.027,26.320
22011,0.086,-0.531,10.088,-0.012,0.007,-0.027,26.320
22021,0.033,-0.541,10.074,-0.012,0.006,-0.027,26.305
22031,0.067,-0.560,10.074,-0.012,0.006,-0.027,26.305
22041,0.072,-0.550,10.069,-0.012,0.006,-0.027,26.266
22051,0.077,-0.550,10.102,-0.011,0.006,-0.026,26.266
22061,0.081,-0.541,10.093,-0.011,0.006,-0.027,26.305
22071,0.081,-0.546,10.069,-0.012,0.005,-0.028,26.305
22081,0.096,-0.536,10.083,-0.012,0.006,-0.027,26.332
22091,0.067,-0.531,10.098,-0.012,0.006,-0.027,26.332
22101,0.077,-0.536,10.079,-0.012,0.006,-0.027,26.324
22111,0.081,-0.517,10.088,-0.012,0.007,-0.027,26.324
22121,0.072,-0.517,10.102,-0.012,0.006,-0.027,26.285
22131,0.057,-0.546,10.083,-0.011,0.005,-0.028,26.285
22141,0.048,-0.517,10.074,-0.012,0.007,-0.028,26.281
22151,0.062,-0.536,10.098,-0.012,0.006,-0.028,26.281
22161,0.053,-0.550,10.088,-0.012,0.006,-0.027,26.340
22171,0.077,-0.555,10.079,-0.012,0.006,-0.027,26.340
22181,0.086,-0.555,10.064,-0.011,0.006,-0.027,26.289
22191,0.081,-0.541,10.074,-0.012,0.006,-0.027,26.289
22201,0.086,-0.560,10.083,-0.012,0.006,-0.027,26.309
22211,0.067,-0.546,10.088,-0.012,0.006,-0.027,26.309
22221,0.067,-0.536,10.098,-0.012,0.006,-0.027,26.254
22231,0.062,-0.526,10.112,-0.012,0.007,-0.027,26.254
22241,0.062,-0.512,10.093,-0.012,0.007,-0.027,26.313
22251,0.053,-0.493,10.083,-0.012,0.006,-0.027,26.313
22261,0.062,-0.493,10.093,-0.011,0.005,-0.027,26.289
22271,0.072,-0.507,10.107,-0.011,0.006,-0.027,26.289
22281,0.053,-0.522,10.093,-0.013,0.006,-0.027,26.277
22291,0.053,-0.546,10.088,-0.012,0.006,-0.027,26.277
22301,0.062,-0.541,10.079,-0.012,0.006,-0.027,26.332
22311,0.077,-0.541,10.088,-0.012,0.007,-0.027,26.332
22321,0.077,-0.555,10.079,-0.011,0.006,-0.028,26.277
22331,0.077,-0.565,10.074,-0.012,0.006,-0.028,26.277
22341,0.072,-0.565,10.083,-0.012,0.005,-0.028,26.289
22351,0.086,-0.555,10.093,-0.011,0.006,-0.027,26.289
22361,0.072,-0.546,10.088,-0.012,0.006,-0.026,26.293
22371,0.048,-0.522,10.102,-0.011,0.005,-0.027,26.293
22381,0.053,-0.522,10.098,-0.011,0.005,-0.027,26.281
22391,0.053,-0.512,10.074,-0.011,0.006,-0.027,26.281
22401,0.062,-0.498,10.098,-0.011,0.006,-0.027,26.301
22411,0.057,-0.512,10.098,-0.011,0.006,-0.027,26.301
22421,0.053,-0.526,10.102,-0.011,0.006,-0.027,26.273
22431,0.053,-0.526,10.102,-0.011,0.006,-0.027,26.273
22441,0.072,-0.507,10.083,-0.012,0.006,-0.027,26.297
22451,0.081,-0.517,10.074,-0.012,0.006,-0.027,26.297
22461,0.110,-0.531,10.083,-0.012,0.005,-0.027,26.313
22471,0.110,-0.541,10.079,-0.012,0.006,-0.027,26.313
22481,0.067,-0.550,10.093,-0.012,0.006,-0.027,26.328
22491,0.053,-0.565,10.098,-0.012,0.006,-0.027,26.328
22501,0.067,-0.546,10.083,-0.012,0.006,-0.027,26.332
22511,0.077,-0.560,10.083,-0.012,0.006,-0.027,26.332
22521,0.038,-0.555,10.083,-0.011,0.005,-0.027,26.313
22531,0.048,-0.531,10.093,-0.011,0.005,-0.027,26.313
22541,0.062,-0.531,10.107,-0.013,0.006,-0.027,26.305
22551,0.062,-0.522,10.107,-0.013,0.006,-0.027,26.305
22561,0.043,-0.512,10.069,-0.012,0.006,-0.027,26.301
22571,0.081,-0.512,10.088,-0.012,0.007,-0.027,26.301
22581,0.072,-0.517,10.083,-0.012,0.006,-0.028,26.297
22591,0.105,-0.522,10.117,-0.013,0.006,-0.027,26.297
22601,0.091,-0.541,10.088,-0.012,0.006,-0.027,26.281
22611,0.100,-0.541,10.088,-0.012,0.006,-0.026,26.281
22621,0.081,-0.517,10.088,-0.012,0.006,-0.027,26.277
22631,0.105,-0.522,10.079,-0.012,0.006,-0.027,26.277
22641,0.043,-0.522,10.083,-0.012,0.006,-0.026,26.309
22651,0.057,-0.526,10.093,-0.013,0.006,-0.027,26.309
22661,0.053,-0.546,10.102,-0.012,0.006,-0.027,26.301
22671,0.048,-0.546,10.083,-0.011,0.006,-0.027,26.301
22681,0.053,-0.541,10.102,-0.012,0.005,-0.027,26.258
22691,0.077,-0.550,10.079,-0.012,0.007,-0.027,26.258
22701,0.048,-0.555,10.074,-0.011,0.006,-0.027,26.293
22711,0.081,-0.560,10.088,-0.012,0.006,-0.026,26.293
22721,0.100,-0.555,10.083,-0.012,0.005,-0.027,26.285
22731,0.100,-0.541,10.064,-0.012,0.006,-0.027,26.285
22741,0.091,-0.536,10.098,-0.012,0.006,-0.026,26.273
22751,0.091,-0.526,10.074,-0.012,0.006,-0.026,26.273
22761,0.086,-0.498,10.055,-0.013,0.006,-0.027,26.281
22771,0.062,-0.498,10.074,-0.012,0.006,-0.026,26.281
22781,0.072,-0.526,10.083,-0.013,0.004,-0.028,26.324
22791,0.062,-0.526,10.126,-0.012,0.007,-0.027,26.324
22801,0.053,-0.541,10.059,-0.013,0.005,-0.027,26.301
22811,0.053,-0.531,10.074,-0.012,0.006,-0.027,26.301
22821,0.057,-0.536,10.083,-0.012,0.005,-0.027,26.305
22831,0.072,-0.550,10.059,-0.012,0.005,-0.027,26.305
22841,0.067,-0.536,10.079,-0.012,0.006,-0.027,26.281
22851,0.091,-0.555,10.069,-0.012,0.005,-0.027,26.281
22861,0.096,-0.546,10.098,-0.012,0.007,-0.027,26.266
22871,0.086,-0.555,10.031,-0.012,0.005,-0.027,26.266
22881,0.067,-0.526,10.112,-0.012,0.006,-0.027,26.297
22891,0.067,-0.512,10.088,-0.012,0.006,-0.027,26.297
22901,0.081,-0.541,10.064,-0.013,0.006,-0.027,26.320
22911,0.053,-0.541,10.098,-0.012,0.006,-0.028,26.320
22921,0.033,-0.517,10.088,-0.012,0.005,-0.027,26.297
22931,0.038,-0.522,10.074,-0.012,0.006,-0.027,26.297
22941,0.057,-0.531,10.069,-0.012,0.006,-0.027,26.301
22951,0.110,-0.550,10.093,-0.012,0.005,-0.027,26.301
22961,0.105,-0.531,10.098,-0.012,0.005,-0.027,26.281
22971,0.096,-0.526,10.088,-0.013,0.006,-0.026,26.281
22981,0.105,-0.517,10.083,-0.012,0.006,-0.026,26.332
22991,0.091,-0.507,10.083,-0.013,0.006,-0.027,26.332
23011,0.062,-0.517,10.074,-0.012,0.005,-0.027,26.270
23021,0.057,-0.536,10.107,-0.013,0.006,-0.027,26.270
23031,0.062,-0.541,10.079,-0.012,0.006,-0.026,26.254
23041,0.072,-0.541,10.102,-0.011,0.006,-0.027,26.254
23051,0.067,-0.541,10.069,-0.011,0.005,-0.027,26.324
23061,0.062,-0.531,10.079,-0.012,0.005,-0.027,26.324
23071,0.081,-0.536,10.083,-0.012,0.006,-0.026,26.293
23081,0.053,-0.550,10.069,-0.013,0.006,-0.026,26.293
23091,0.067,-0.550,10.074,-0.012,0.006,-0.027,26.320
23101,0.072,-0.531,10.079,-0.012,0.005,-0.027,26.320
23111,0.062,-0.517,10.074,-0.012,0.005,-0.027,26.305
23121,0.067,-0.546,10.112,-0.012,0.005,-0.027,26.305
23131,0.081,-0.522,10.102,-0.012,0.007,-0.027,26.293
23141,0.072,-0.522,10.098,-0.012,0.006,-0.026,26.293
23151,0.086,-0.517,10.074,-0.012,0.007,-0.026,26.266
23161,0.077,-0.517,10.093,-0.013,0.006,-0.026,26.266
23171,0.077,-0.526,10.074,-0.012,0.007,-0.026,26.273
23181,0.081,-0.555,10.083,-0.012,0.005,-0.027,26.273
23191,0.062,-0.546,10.083,-0.012,0.006,-0.027,26.305
23201,0.067,-0.546,10.102,-0.012,0.006,-0.027,26.305
23211,0.048,-0.526,10.088,-0.012,0.006,-0.026,26.305
23221,0.038,-0.526,10.079,-0.012,0.006,-0.026,26.305
23231,0.048,-0.555,10.088,-0.012,0.006,-0.027,26.316
23241,0.077,-0.546,10.098,-0.012,0.006,-0.027,26.316
23251,0.081,-0.536,10.074,-0.012,0.006,-0.027,26.340
23261,0.077,-0.531,10.083,-0.012,0.006,-0.027,26.340
23271,0.081,-0.531,10.112,-0.012,0.005,-0.027,26.301
23281,0.091,-0.531,10.069,-0.012,0.007,-0.026,26.301
23291,0.057,-0.517,10.098,-0.012,0.006,-0.026,26.293
23301,0.077,-0.526,10.093,-0.012,0.005,-0.027,26.293
23311,0.048,-0.531,10.069,-0.013,0.006,-0.027,26.270
23321,0.096,-0.536,10.102,-0.012,0.006,-0.027,26.270
23331,0.096,-0.522,10.064,-0.012,0.006,-0.027,26.316
23341,0.077,-0.517,10.069,-0.012,0.006,-0.026,26.316
23351,0.086,-0.541,10.074,-0.012,0.006,-0.027,26.262
23361,0.077,-0.531,10.117,-0.012,0.006,-0.027,26.262
23371,0.067,-0.536,10.079,-0.012,0.006,-0.027,26.316
23381,0.100,-0.550,10.083,-0.012,0.006,-0.027,26.316
23391,0.067,-0.536,10.083,-0.012,0.006,-0.027,26.293
23401,0.072,-0.526,10.079,-0.012,0.006,-0.027,26.293
23411,0.067,-0.536,10.093,-0.012,0.007,-0.027,26.305
23421,0.062,-0.541,10.093,-0.012,0.006,-0.027,26.305
23431,0.072,-0.522,10.088,-0.012,0.006,-0.027,26.320
23441,0.057,-0.507,10.069,-0.012,0.006,-0.027,26.320
23451,0.057,-0.517,10.112,-0.013,0.006,-0.026,26.254
23461,0.072,-0.517,10.064,-0.012,0.007,-0.027,26.254
23471,0.077,-0.526,10.083,-0.013,0.006,-0.026,26.273
23481,0.062,-0.531,10.088,-0.012,0.006,-0.027,26.273
23491,0.081,-0.536,10.098,-0.012,0.005,-0.027,26.281
23501,0.081,-0.531,10.064,-0.013,0.007,-0.027,26.281
23511,0.053,-0.536,10.102,-0.012,0.005,-0.027,26.316
23521,0.086,-0.546,10.102,-0.012,0.006,-0.027,26.316
23531,0.077,-0.569,10.098,-0.012,0.005,-0.027,26.242
23541,0.072,-0.541,10.074,-0.012,0.005,-0.026,26.242
23551,0.081,-0.531,10.098,-0.012,0.005,-0.026,26.301
23561,0.053,-0.526,10.093,-0.012,0.006,-0.027,26.301
23571,0.067,-0.526,10.088,-0.012,0.006,-0.027,26.270
23581,0.077,-0.517,10.083,-0.011,0.006,-0.026,26.270
23591,0.057,-0.536,10.093,-0.012,0.006,-0.026,26.273
23601,0.077,-0.531,10.083,-0.013,0.005,-0.026,26.273
23611,0.072,-0.526,10.083,-0.012,0.006,-0.026,26.289
23621,0.072,-0.536,10.069,-0.012,0.006,-0.027,26.289
23631,0.067,-0.522,10.055,-0.012,0.006,-0.027,26.285
23641,0.081,-0.531,10.098,-0.012,0.005,-0.027,26.285
23651,0.096,-0.531,10.102,-0.012,0.005,-0.027,26.281
23661,0.086,-0.536,10.102,-0.012,0.005,-0.026,26.281
23671,0.072,-0.512,10.074,-0.012,0.006,-0.027,26.305
23681,0.062,-0.526,10.064,-0.012,0.007,-0.027,26.305
23691,0.062,-0.541,10.098,-0.012,0.006,-0.027,26.285
23701,0.072,-0.550,10.093,-0.013,0.006,-0.027,26.285
23711,0.062,-0.555,10.098,-0.012,0.005,-0.027,26.289
23721,0.062,-0.531,10.088,-0.012,0.005,-0.027,26.289
23731,0.100,-0.531,10.088,-0.013,0.006,-0.027,26.297
23741,0.077,-0.522,10.088,-0.013,0.006,-0.027,26.297
23751,0.081,-0.536,10.093,-0.012,0.006,-0.026,26.293
23761,0.100,-0.517,10.074,-0.013,0.006,-0.027,26.293
23771,0.072,-0.522,10.107,-0.012,0.005,-0.026,26.277
23781,0.072,-0.541,10.107,-0.012,0.006,-0.027,26.277
23791,0.086,-0.550,10.069,-0.012,0.006,-0.027,26.277
23801,0.081,-0.536,10.074,-0.012,0.006,-0.027,26.277
23811,0.053,-0.550,10.088,-0.012,0.007,-0.026,26.305
23821,0.067,-0.550,10.102,-0.012,0.006,-0.026,26.305
23831,0.072,-0.550,10.088,-0.013,0.006,-0.026,26.309
23841,0.057,-0.541,10.064,-0.013,0.005,-0.027,26.309
23851,0.057,-0.536,10.083,-0.012,0.006,-0.026,26.309
23861,0.105,-0.536,10.079,-0.013,0.006,-0.027,26.309
23871,0.086,-0.541,10.059,-0.012,0.006,-0.026,26.293
23881,0.096,-0.517,10.074,-0.013,0.006,-0.027,26.293
23891,0.072,-0.546,10.093,-0.012,0.006,-0.027,26.277
23901,0.062,-0.536,10.088,-0.012,0.006,-0.026,26.277
23911,0.062,-0.531,10.083,-0.012,0.006,-0.027,26.301
23921,0.077,-0.550,10.093,-0.012,0.006,-0.027,26.301
23931,0.062,-0.526,10.079,-0.012,0.006,-0.027,26.277
23941,0.053,-0.531,10.083,-0.012,0.006,-0.027,26.277
23951,0.057,-0.555,10.088,-0.012,0.006,-0.027,26.332
23961,0.062,-0.526,10.088,-0.013,0.006,-0.027,26.332
23971,0.062,-0.555,10.093,-0.012,0.005,-0.026,26.293
23981,0.077,-0.526,10.083,-0.013,0.005,-0.027,26.293
23991,0.081,-0.541,10.102,-0.013,0.005,-0.027,26.270
24001,0.048,-0.531,10.079,-0.012,0.005,-0.027,26.270
24011,0.067,-0.541,10.079,-0.012,0.007,-0.026,26.254
24021,0.067,-0.550,10.088,-0.012,0.006,-0.028,26.254
24031,0.067,-0.541,10.098,-0.012,0.006,-0.026,26.293
24041,0.067,-0.541,10.098,-0.012,0.007,-0.027,26.293
24051,0.053,-0.546,10.098,-0.012,0.006,-0.027,26.297
24061,0.072,-0.526,10.083,-0.011,0.006,-0.027,26.297
24071,0.072,-0.517,10.074,-0.012,0.006,-0.027,26.285
24081,0.062,-0.526,10.083,-0.011,0.005,-0.026,26.285
24091,0.096,-0.517,10.083,-0.013,0.005,-0.026,26.324
24101,0.067,-0.507,10.098,-0.012,0.006,-0.027,26.324
24111,0.081,-0.517,10.093,-0.012,0.007,-0.027,26.309
24121,0.081,-0.517,10.083,-0.012,0.006,-0.027,26.309
24131,0.043,-0.526,10.088,-0.012,0.006,-0.027,26.281
24141,0.077,-0.536,10.093,-0.012,0.006,-0.028,26.281
24151,0.048,-0.536,10.102,-0.012,0.006,-0.027,26.313
24161,0.048,-0.550,10.079,-0.012,0.006,-0.027,26.313
24171,0.053,-0.541,10.093,-0.011,0.007,-0.027,26.313
24181,0.072,-0.536,10.079,-0.012,0.006,-0.027,26.313
24191,0.072,-0.546,10.098,-0.011,0.007,-0.026,26.293
24201,0.072,-0.541,10.093,-0.011,0.007,-0.026,26.293
24211,0.077,-0.541,10.112,-0.012,0.009,-0.027,26.285
24221,0.086,-0.522,10.079,-0.012,0.010,-0.026,26.285
24231,0.081,-0.507,10.093,-0.012,0.009,-0.026,26.297
24241,0.072,-0.531,10.045,-0.013,0.009,-0.027,26.297
24251,0.062,-0.531,10.055,-0.012,0.009,-0.027,26.293
24261,0.086,-0.565,10.083,-0.011,0.006,-0.028,26.293
24281,0.067,-0.560,10.098,-0.012,0.007,-0.027,26.266
24291,0.062,-0.555,10.093,-0.011,0.007,-0.027,26.266
24301,0.057,-0.584,10.083,-0.012,0.009,-0.027,26.293
24311,0.033,-0.560,10.045,-0.012,0.009,-0.026,26.293
24321,0.062,-0.546,10.059,-0.013,0.007,-0.026,26.297
24331,0.062,-0.560,10.064,-0.012,0.006,-0.026,26.297
24341,0.043,-0.541,10.079,-0.012,0.006,-0.026,26.297
24351,0.062,-0.517,10.098,-0.012,0.009,-0.027,26.297
24361,0.072,-0.522,10.102,-0.013,0.010,-0.026,26.277
24371,0.053,-0.526,10.059,-0.012,0.009,-0.027,26.277
24381,0.053,-0.536,10.064,-0.012,0.007,-0.027,26.250
24391,0.110,-0.507,10.040,-0.013,0.006,-0.027,26.250
24401,0.153,-0.502,10.045,-0.013,0.004,-0.027,26.320
24411,0.148,-0.493,10.098,-0.013,0.002,-0.027,26.320
24421,0.129,-0.507,10.074,-0.012,0.006,-0.027,26.285
24431,0.077,-0.517,10.093,-0.013,0.005,-0.027,26.285
24441,0.053,-0.546,10.098,-0.012,0.007,-0.027,26.277
24451,0.038,-0.541,10.074,-0.013,0.006,-0.027,26.277
24461,0.005,-0.560,10.069,-0.012,0.006,-0.027,26.281
24471,0.038,-0.565,10.098,-0.012,0.005,-0.026,26.281
24481,0.048,-0.560,10.112,-0.012,0.006,-0.026,26.262
24491,0.057,-0.555,10.083,-0.012,0.006,-0.027,26.262
24501,0.053,-0.550,10.079,-0.012,0.006,-0.027,26.273
24511,0.091,-0.536,10.074,-0.012,0.006,-0.027,26.273
24521,0.067,-0.531,10.079,-0.012,0.006,-0.027,26.262
24531,0.091,-0.517,10.098,-0.012,0.005,-0.027,26.262
24541,0.091,-0.522,10.083,-0.012,0.005,-0.027,26.305
24551,0.105,-0.474,10.098,-0.012,0.005,-0.027,26.305
24561,0.081,-0.502,10.069,-0.012,0.006,-0.026,26.258
24571,0.086,-0.512,10.079,-0.012,0.006,-0.026,26.258
24581,0.067,-0.507,10.050,-0.012,0.005,-0.027,26.281
24591,0.081,-0.512,10.112,-0.012,0.005,-0.028,26.281
24601,0.053,-0.531,10.098,-0.012,0.006,-0.026,26.273
24611,0.048,-0.555,10.093,-0.011,0.006,-0.027,26.273
24621,0.048,-0.560,10.074,-0.011,0.006,-0.027,26.305
24631,0.038,-0.569,10.074,-0.011,0.006,-0.028,26.305
24641,0.062,-0.569,10.074,-0.011,0.006,-0.027,26.273
24651,0.072,-0.555,10.093,-0.012,0.004,-0.027,26.273
24661,0.086,-0.550,10.069,-0.012,0.006,-0.027,26.285
24671,0.067,-0.541,10.059,-0.011,0.005,-0.027,26.285
24681,0.081,-0.536,10.079,-0.011,0.006,-0.026,26.277
24691,0.105,-0.517,10.059,-0.012,0.005,-0.026,26.277
24701,0.086,-0.493,10.079,-0.012,0.006,-0.027,26.285
24711,0.077,-0.493,10.079,-0.012,0.005,-0.027,26.285
24721,0.081,-0.502,10.093,-0.012,0.006,-0.027,26.285
24731,0.100,-0.526,10.112,-0.012,0.006,-0.026,26.285
24741,0.067,-0.522,10.102,-0.012,0.005,-0.027,26.324
24751,0.053,-0.531,10.074,-0.011,0.006,-0.027,26.324
24761,0.048,-0.550,10.093,-0.012,0.005,-0.027,26.305
24771,0.072,-0.560,10.074,-0.012,0.006,-0.027,26.305
24781,0.057,-0.536,10.088,-0.013,0.005,-0.027,26.281
24791,0.048,-0.560,10.093,-0.012,0.006,-0.027,26.281
24801,0.072,-0.555,10.079,-0.012,0.007,-0.027,26.301
24811,0.072,-0.541,10.064,-0.012,0.006,-0.027,26.301
24821,0.091,-0.569,10.079,-0.013,0.007,-0.027,26.285
24831,0.081,-0.546,10.079,-0.012,0.006,-0.027,26.285
24841,0.081,-0.531,10.074,-0.012,0.006,-0.026,26.281
24851,0.096,-0.512,10.079,-0.012,0.005,-0.027,26.281
24861,0.072,-0.507,10.079,-0.012,0.006,-0.027,26.281
24871,0.062,-0.512,10.079,-0.011,0.006,-0.027,26.281
24881,0.048,-0.502,10.093,-0.011,0.005,-0.027,26.324
24891,0.048,-0.517,10.083,-0.012,0.006,-0.027,26.324
24901,0.053,-0.526,10.088,-0.011,0.005,-0.027,26.316
24911,0.048,-0.536,10.083,-0.012,0.005,-0.027,26.316
24921,0.033,-0.536,10.083,-0.012,0.005,-0.027,26.301
24931,0.072,-0.560,10.098,-0.012,0.005,-0.027,26.301
24941,0.100,-0.546,10.079,-0.012,0.006,-0.026,26.273
24951,0.086,-0.569,10.079,-0.011,0.006,-0.027,26.273
24961,0.091,-0.555,10.079,-0.012,0.006,-0.027,26.273
24971,0.086,-0.536,10.059,-0.012,0.007,-0.027,26.273
24981,0.081,-0.541,10.079,-0.012,0.005,-0.027,26.313
24991,0.067,-0.546,10.093,-0.011,0.005,-0.027,26.313
25001,0.072,-0.531,10.102,-0.012,0.006,-0.027,26.301
25011,0.053,-0.502,10.074,-0.012,0.006,-0.027,26.301
25021,0.053,-0.512,10.117,-0.013,0.006,-0.027,26.246
25031,0.048,-0.517,10.088,-0.013,0.006,-0.027,26.246
25041,0.033,-0.517,10.079,-0.012,0.006,-0.027,26.281
25051,0.053,-0.522,10.079,-0.012,0.005,-0.027,26.281
25061,0.067,-0.526,10.079,-0.012,0.006,-0.027,26.305
25071,0.062,-0.550,10.083,-0.012,0.006,-0.027,26.305
25081,0.067,-0.541,10.074,-0.013,0.006,-0.026,26.301
25091,0.072,-0.560,10.093,-0.012,0.006,-0.027,26.301
25101,0.072,-0.560,10.074,-0.013,0.006,-0.026,26.297
25111,0.077,-0.546,10.083,-0.012,0.006,-0.026,26.297
25121,0.067,-0.550,10.064,-0.012,0.006,-0.026,26.277
25131,0.067,-0.541,10.059,-0.012,0.006,-0.027,26.277
25141,0.053,-0.531,10.093,-0.012,0.006,-0.027,26.230
25151,0.062,-0.522,10.074,-0.012,0.005,-0.027,26.230
25161,0.062,-0.550,10.093,-0.012,0.005,-0.027,26.297
25171,0.057,-0.546,10.107,-0.012,0.005,-0.027,26.297
25181,0.057,-0.526,10.102,-0.013,0.006,-0.027,26.270
25191,0.048,-0.517,10.083,-0.012,0.006,-0.027,26.270
25201,0.057,-0.536,10.079,-0.011,0.006,-0.027,26.293
25211,0.072,-0.522,10.088,-0.012,0.006,-0.027,26.293
25221,0.067,-0.546,10.093,-0.011,0.006,-0.027,26.281
25231,0.067,-0.541,10.093,-0.012,0.006,-0.026,26.281
25241,0.077,-0.531,10.069,-0.012,0.006,-0.027,26.305
25251,0.062,-0.541,10.074,-0.013,0.005,-0.027,26.305
25261,0.067,-0.536,10.122,-0.011,0.006,-0.027,26.285
25271,0.081,-0.522,10.059,-0.013,0.005,-0.027,26.285
25281,0.072,-0.536,10.126,-0.012,0.007,-0.027,26.273
25291,0.081,-0.531,10.055,-0.012,0.007,-0.027,26.273
25301,0.062,-0.522,10.074,-0.011,0.007,-0.027,26.277
25311,0.057,-0.541,10.059,-0.012,0.006,-0.026,26.277
25321,0.077,-0.555,10.098,-0.012,0.005,-0.027,26.332
25331,0.077,-0.546,10.069,-0.012,0.007,-0.027,26.332
25341,0.077,-0.546,10.098,-0.012,0.005,-0.026,26.270
25351,0.100,-0.536,10.093,-0.012,0.007,-0.027,26.270
25361,0.053,-0.517,10.088,-0.012,0.006,-0.027,26.301
25371,0.067,-0.536,10.079,-0.012,0.006,-0.027,26.301
25381,0.029,-0.526,10.079,-0.012,0.005,-0.026,26.305
25391,0.053,-0.526,10.083,-0.013,0.006,-0.027,26.305
25401,0.043,-0.526,10.107,-0.012,0.005,-0.027,26.289
25411,0.062,-0.526,10.098,-0.012,0.006,-0.027,26.289
25421,0.057,-0.522,10.079,-0.012,0.006,-0.027,26.234
25431,0.086,-0.517,10.083,-0.012,0.006,-0.027,26.234
25441,0.077,-0.526,10.074,-0.012,0.006,-0.027,26.266
25451,0.081,-0.531,10.074,-0.012,0.006,-0.027,26.266
25461,0.067,-0.536,10.074,-0.012,0.006,-0.027,26.262
25471,0.072,-0.546,10.083,-0.013,0.006,-0.027,26.262
25481,0.067,-0.546,10.083,-0.013,0.006,-0.027,26.320
25491,0.077,-0.546,10.083,-0.012,0.006,-0.027,26.320
25501,0.038,-0.546,10.079,-0.012,0.006,-0.027,26.285
25511,0.057,-0.531,10.079,-0.012,0.006,-0.027,26.285
25521,0.053,-0.522,10.083,-0.012,0.006,-0.027,26.281
25531,0.057,-0.531,10.088,-0.012,0.006,-0.027,26.281
25551,0.091,-0.541,10.083,-0.011,0.006,-0.026,26.289
25561,0.077,-0.531,10.093,-0.011,0.006,-0.026,26.289
25571,0.086,-0.522,10.074,-0.012,0.006,-0.027,26.297
25581,0.057,-0.526,10.069,-0.012,0.007,-0.026,26.297
25591,0.048,-0.531,10.079,-0.012,0.007,-0.027,26.273
25601,0.077,-0.550,10.074,-0.013,0.006,-0.027,26.273
25611,0.048,-0.541,10.112,-0.012,0.007,-0.026,26.258
25621,0.057,-0.536,10.098,-0.013,0.005,-0.027,26.258
25631,0.086,-0.531,10.098,-0.012,0.006,-0.027,26.297
25641,0.072,-0.526,10.079,-0.012,0.006,-0.027,26.297
25651,0.091,-0.541,10.069,-0.012,0.006,-0.026,26.281
25661,0.081,-0.546,10.064,-0.012,0.007,-0.026,26.281
25671,0.057,-0.531,10.083,-0.012,0.006,-0.026,26.281
25681,0.077,-0.536,10.088,-0.012,0.006,-0.027,26.281
25691,0.048,-0.555,10.079,-0.012,0.006,-0.027,26.309
25701,0.033,-0.550,10.074,-0.012,0.007,-0.026,26.309
25711,0.053,-0.541,10.098,-0.013,0.006,-0.027,26.211
25721,0.062,-0.546,10.083,-0.013,0.007,-0.027,26.211
25731,0.053,-0.522,10.093,-0.013,0.006,-0.027,26.293
25741,0.081,-0.541,10.093,-0.012,0.006,-0.027,26.293
25751,0.100,-0.526,10.079,-0.012,0.007,-0.026,26.258
25761,0.081,-0.522,10.069,-0.012,0.006,-0.027,26.258
25771,0.053,-0.541,10.079,-0.012,0.006,-0.027,26.262
25781,0.048,-0.546,10.059,-0.012,0.006,-0.027,26.262
25791,0.053,-0.546,10.098,-0.012,0.005,-0.027,26.313
25801,0.062,-0.546,10.088,-0.012,0.005,-0.027,26.313
25811,0.062,-0.536,10.117,-0.012,0.005,-0.026,26.293
25821,0.048,-0.526,10.064,-0.013,0.006,-0.027,26.293
25831,0.077,-0.536,10.102,-0.013,0.006,-0.027,26.277
25841,0.072,-0.536,10.107,-0.012,0.005,-0.027,26.277
25851,0.053,-0.526,10.059,-0.012,0.007,-0.026,26.297
25861,0.062,-0.550,10.093,-0.012,0.006,-0.027,26.297
25871,0.067,-0.546,10.083,-0.012,0.006,-0.027,26.332
25881,0.053,-0.560,10.093,-0.011,0.007,-0.027,26.332
25891,0.067,-0.546,10.088,-0.013,0.005,-0.026,26.293
25901,0.062,-0.536,10.088,-0.012,0.005,-0.027,26.293
25911,0.072,-0.526,10.074,-0.012,0.005,-0.026,26.281
25921,0.072,-0.531,10.102,-0.012,0.005,-0.027,26.281
25931,0.067,-0.541,10.088,-0.012,0.005,-0.027,26.277
25941,0.048,-0.541,10.088,-0.012,0.007,-0.027,26.277
25951,0.048,-0.541,10.112,-0.013,0.006,-0.027,26.238
25961,0.029,-0.526,10.079,-0.013,0.006,-0.027,26.238
25971,0.067,-0.536,10.093,-0.012,0.006,-0.027,26.215
25981,0.086,-0.555,10.088,-0.012,0.005,-0.027,26.215
25991,0.077,-0.536,10.064,-0.012,0.007,-0.027,26.270
26001,0.067,-0.531,10.098,-0.011,0.005,-0.026,26.270
26011,0.086,-0.526,10.093,-0.013,0.006,-0.026,26.281
26021,0.077,-0.546,10.093,-0.012,0.007,-0.028,26.281
26031,0.057,-0.536,10.083,-0.012,0.006,-0.027,26.301
26041,0.086,-0.536,10.088,-0.013,0.006,-0.027,26.301
26051,0.067,-0.517,10.083,-0.012,0.006,-0.027,26.281
26061,0.062,-0.526,10.098,-0.012,0.006,-0.027,26.281
26071,0.067,-0.526,10.088,-0.012,0.006,-0.027,26.262
26081,0.057,-0.536,10.083,-0.012,0.006,-0.027,26.262
26091,0.067,-0.531,10.088,-0.011,0.006,-0.026,26.266
26101,0.072,-0.526,10.079,-0.011,0.005,-0.027,26.266
26111,0.081,-0.531,10.093,-0.012,0.006,-0.027,26.309
26121,0.096,-0.526,10.064,-0.012,0.006,-0.027,26.309
26131,0.038,-0.546,10.083,-0.012,0.006,-0.027,26.293
26141,0.038,-0.546,10.102,-0.013,0.006,-0.027,26.293
26151,0.053,-0.541,10.093,-0.012,0.006,-0.026,26.223
26161,0.048,-0.574,10.102,-0.011,0.006,-0.026,26.223
26171,0.077,-0.536,10.079,-0.011,0.006,-0.026,26.266
26181,0.081,-0.555,10.064,-0.012,0.007,-0.027,26.266
26191,0.048,-0.546,10.083,-0.012,0.005,-0.026,26.266
26201,0.062,-0.546,10.083,-0.013,0.005,-0.026,26.266
26211,0.072,-0.546,10.088,-0.012,0.005,-0.026,26.293
26221,0.067,-0.536,10.112,-0.012,0.005,-0.027,26.293
26231,0.057,-0.531,10.102,-0.012,0.006,-0.027,26.332
26241,0.062,-0.522,10.093,-0.012,0.006,-0.027,26.332
26251,0.038,-0.531,10.088,-0.012,0.007,-0.027,26.266
26261,0.062,-0.517,10.079,-0.012,0.006,-0.027,26.266
26271,0.067,-0.536,10.074,-0.012,0.006,-0.026,26.344
26281,0.077,-0.526,10.098,-0.011,0.005,-0.026,26.344
26291,0.091,-0.555,10.093,-0.011,0.006,-0.027,26.305
26301,0.110,-0.522,10.093,-0.011,0.005,-0.027,26.305
26311,0.096,-0.536,10.074,-0.011,0.006,-0.027,26.277
26321,0.096,-0.526,10.074,-0.012,0.006,-0.027,26.277
26331,0.086,-0.531,10.059,-0.012,0.005,-0.027,26.301
26341,0.091,-0.555,10.088,-0.011,0.005,-0.028,26.301
26351,0.062,-0.555,10.083,-0.012,0.005,-0.027,26.262
26361,0.043,-0.531,10.088,-0.012,0.006,-0.027,26.262
26371,0.053,-0.546,10.093,-0.012,0.005,-0.026,26.336
26381,0.067,-0.522,10.107,-0.012,0.006,-0.027,26.336
26391,0.053,-0.546,10.083,-0.012,0.006,-0.026,26.336
26401,0.043,-0.526,10.088,-0.012,0.007,-0.027,26.336
26411,0.072,-0.498,10.107,-0.012,0.006,-0.027,26.281
26421,0.072,-0.541,10.079,-0.012,0.006,-0.027,26.281
26431,0.072,-0.522,10.102,-0.012,0.007,-0.026,26.285
26441,0.057,-0.541,10.074,-0.012,0.006,-0.027,26.285
26451,0.077,-0.546,10.079,-0.012,0.006,-0.027,26.320
26461,0.067,-0.531,10.079,-0.012,0.006,-0.027,26.320
26471,0.072,-0.541,10.088,-0.012,0.005,-0.027,26.309
26481,0.067,-0.550,10.083,-0.012,0.005,-0.027,26.309
26491,0.072,-0.536,10.093,-0.012,0.006,-0.027,26.258
26501,0.053,-0.560,10.102,-0.012,0.006,-0.027,26.258
26511,0.048,-0.560,10.088,-0.012,0.006,-0.027,26.254
26521,0.053,-0.565,10.098,-0.012,0.006,-0.026,26.254
26531,0.057,-0.522,10.083,-0.012,0.006,-0.027,26.340
26541,0.081,-0.512,10.079,-0.012,0.006,-0.027,26.340
26551,0.077,-0.531,10.093,-0.012,0.005,-0.027,26.301
26561,0.062,-0.522,10.079,-0.012,0.006,-0.026,26.301
26571,0.053,-0.517,10.107,-0.012,0.007,-0.026,26.266
26581,0.057,-0.502,10.112,-0.012,0.006,-0.026,26.266
26591,0.057,-0.546,10.102,-0.012,0.007,-0.026,26.305
26601,0.053,-0.541,10.088,-0.012,0.006,-0.027,26.305
26611,0.048,-0.546,10.093,-0.012,0.006,-0.027,26.270
26621,0.077,-0.541,10.093,-0.012,0.006,-0.027,26.270
26631,0.072,-0.546,10.074,-0.012,0.005,-0.027,26.281
26641,0.072,-0.546,10.107,-0.011,0.005,-0.026,26.281
26651,0.053,-0.550,10.074,-0.012,0.005,-0.027,26.313
26661,0.067,-0.550,10.098,-0.012,0.006,-0.027,26.313
26671,0.057,-0.550,10.093,-0.013,0.006,-0.027,26.316
26681,0.072,-0.536,10.088,-0.012,0.006,-0.026,26.316
26691,0.048,-0.541,10.107,-0.012,0.006,-0.027,26.301
26701,0.053,-0.526,10.083,-0.012,0.006,-0.027,26.301
26711,0.053,-0.522,10.088,-0.012,0.006,-0.027,26.281
26721,0.043,-0.541,10.098,-0.012,0.006,-0.027,26.281
26731,0.105,-0.526,10.083,-0.012,0.006,-0.027,26.316
26751,0.067,-0.512,10.083,-0.012,0.007,-0.027,26.297
26761,0.067,-0.526,10.079,-0.012,0.006,-0.027,26.285
26771,0.062,-0.526,10.093,-0.012,0.006,-0.027,26.285
26781,0.091,-0.517,10.064,-0.013,0.006,-0.026,26.285
26791,0.062,-0.531,10.098,-0.012,0.005,-0.027,26.285
26801,0.072,-0.541,10.093,-0.012,0.006,-0.028,26.305
26811,0.086,-0.546,10.083,-0.012,0.007,-0.026,26.305
26821,0.062,-0.560,10.083,-0.012,0.006,-0.027,26.328
26831,0.057,-0.565,10.098,-0.012,0.006,-0.027,26.328
26841,0.053,-0.541,10.069,-0.013,0.007,-0.027,26.293
26851,0.062,-0.526,10.093,-0.012,0.006,-0.027,26.293
26861,0.057,-0.541,10.083,-0.011,0.007,-0.026,26.289
26871,0.077,-0.517,10.079,-0.012,0.006,-0.026,26.289
26881,0.081,-0.531,10.088,-0.012,0.006,-0.026,26.324
26891,0.067,-0.531,10.088,-0.013,0.006,-0.027,26.324
26901,0.067,-0.512,10.079,-0.013,0.006,-0.027,26.305
26911,0.115,-0.517,10.098,-0.013,0.006,-0.027,26.305
26921,0.096,-0.522,10.102,-0.013,0.006,-0.026,26.270
26931,0.043,-0.531,10.088,-0.013,0.007,-0.027,26.270
26941,0.062,-0.522,10.069,-0.012,0.006,-0.027,26.320
26951,0.048,-0.546,10.083,-0.012,0.006,-0.027,26.320
26961,0.062,-0.531,10.088,-0.012,0.005,-0.027,26.309
26971,0.043,-0.512,10.093,-0.012,0.007,-0.026,26.309
26981,0.043,-0.546,10.088,-0.012,0.006,-0.027,26.289
26991,0.067,-0.569,10.083,-0.013,0.006,-0.026,26.289
27001,0.072,-0.560,10.079,-0.012,0.006,-0.027,26.344
27011,0.062,-0.565,10.069,-0.012,0.006,-0.027,26.344
27021,0.096,-0.569,10.059,-0.012,0.006,-0.026,26.285
27031,0.096,-0.541,10.079,-0.012,0.005,-0.026,26.285
27041,0.062,-0.550,10.083,-0.012,0.005,-0.027,26.258
27051,0.053,-0.526,10.079,-0.012,0.006,-0.027,26.258
27061,0.062,-0.531,10.079,-0.012,0.006,-0.027,26.301
27071,0.077,-0.526,10.083,-0.013,0.006,-0.027,26.301
27081,0.038,-0.526,10.098,-0.013,0.006,-0.027,26.297
27091,0.038,-0.536,10.098,-0.013,0.006,-0.028,26.297
27101,0.057,-0.550,10.117,-0.013,0.006,-0.027,26.309
27111,0.057,-0.531,10.069,-0.012,0.006,-0.026,26.309
27121,0.067,-0.517,10.093,-0.012,0.006,-0.026,26.258
27131,0.096,-0.536,10.074,-0.012,0.006,-0.027,26.258
27141,0.100,-0.536,10.074,-0.013,0.005,-0.027,26.301
27151,0.072,-0.536,10.093,-0.012,0.006,-0.027,26.301
27161,0.081,-0.550,10.079,-0.012,0.005,-0.027,26.289
27171,0.072,-0.541,10.069,-0.012,0.007,-0.027,26.289
27181,0.067,-0.546,10.093,-0.012,0.006,-0.026,26.301
27191,0.057,-0.536,10.074,-0.012,0.006,-0.026,26.301
27201,0.048,-0.546,10.102,-0.011,0.006,-0.027,26.273
27211,0.067,-0.526,10.093,-0.012,0.006,-0.026,26.273
27221,0.057,-0.536,10.093,-0.012,0.006,-0.027,26.285
27231,0.086,-0.526,10.083,-0.012,0.006,-0.027,26.285
27241,0.072,-0.531,10.098,-0.012,0.007,-0.026,26.262
27251,0.067,-0.536,10.093,-0.013,0.005,-0.026,26.262
27261,0.053,-0.546,10.083,-0.012,0.006,-0.027,26.273
27271,0.062,-0.546,10.079,-0.012,0.006,-0.027,26.273
27281,0.067,-0.546,10.079,-0.012,0.006,-0.027,26.293
27291,0.086,-0.536,10.102,-0.012,0.005,-0.027,26.293
27301,0.072,-0.550,10.098,-0.012,0.006,-0.027,26.289
27311,0.062,-0.536,10.079,-0.012,0.007,-0.026,26.289
27321,0.048,-0.536,10.088,-0.012,0.006,-0.026,26.289
27331,0.062,-0.522,10.083,-0.012,0.005,-0.026,26.289
27341,0.086,-0.522,10.093,-0.012,0.005,-0.026,26.289
27351,0.057,-0.541,10.112,-0.012,0.005,-0.027,26.289
27361,0.057,-0.541,10.112,-0.012,0.005,-0.027,26.266
27371,0.062,-0.555,10.083,-0.013,0.007,-0.027,26.266
27381,0.038,-0.541,10.083,-0.013,0.006,-0.027,26.316
27391,0.072,-0.550,10.093,-0.012,0.006,-0.027,26.316
27401,0.077,-0.550,10.093,-0.013,0.006,-0.027,26.262
27411,0.081,-0.531,10.093,-0.012,0.006,-0.027,26.262
27421,0.077,-0.522,10.098,-0.012,0.006,-0.026,26.301
27431,0.091,-0.517,10.074,-0.013,0.007,-0.027,26.301
27441,0.057,-0.546,10.088,-0.012,0.006,-0.027,26.301
27451,0.072,-0.555,10.088,-0.013,0.005,-0.027,26.301
27461,0.081,-0.522,10.098,-0.012,0.006,-0.026,26.262
27471,0.057,-0.526,10.083,-0.012,0.006,-0.026,26.262
27481,0.048,-0.541,10.098,-0.012,0.006,-0.027,26.273
27491,0.067,-0.536,10.102,-0.012,0.006,-0.026,26.273
27501,0.048,-0.536,10.102,-0.013,0.006,-0.027,26.289
27511,0.043,-0.546,10.074,-0.013,0.006,-0.027,26.289
27521,0.053,-0.565,10.098,-0.012,0.005,-0.027,26.293
27531,0.072,-0.560,10.088,-0.012,0.006,-0.027,26.293
27541,0.077,-0.546,10.088,-0.012,0.006,-0.027,26.258
27551,0.100,-0.541,10.088,-0.012,0.006,-0.027,26.258
27561,0.100,-0.531,10.074,-0.012,0.006,-0.027,26.309
27571,0.091,-0.507,10.083,-0.012,0.006,-0.026,26.309
27581,0.091,-0.507,10.079,-0.012,0.006,-0.026,26.281
27591,0.062,-0.507,10.079,-0.012,0.006,-0.026,26.281
27601,0.053,-0.512,10.069,-0.012,0.006,-0.027,26.289
27611,0.067,-0.493,10.088,-0.012,0.006,-0.027,26.289
27621,0.053,-0.522,10.093,-0.012,0.005,-0.027,26.285
27631,0.057,-0.536,10.083,-0.012,0.007,-0.027,26.285
27641,0.057,-0.550,10.074,-0.012,0.006,-0.027,26.285
27651,0.053,-0.574,10.093,-0.012,0.006,-0.027,26.285
27661,0.067,-0.569,10.083,-0.015,0.006,-0.027,26.305
27671,0.062,-0.589,10.064,-0.012,0.006,-0.026,26.305
27681,0.081,-0.555,10.088,-0.012,0.006,-0.026,26.293
27691,0.086,-0.546,10.083,-0.012,0.006,-0.027,26.293
27701,0.072,-0.531,10.069,-0.012,0.005,-0.026,26.281
27711,0.067,-0.531,10.117,-0.013,0.006,-0.026,26.281
27721,0.053,-0.546,10.112,-0.012,0.006,-0.026,26.273
27731,0.057,-0.526,10.093,-0.012,0.005,-0.026,26.273
27741,0.057,-0.550,10.088,-0.012,0.006,-0.027,26.281
27751,0.062,-0.522,10.079,-0.012,0.006,-0.027,26.281
27761,0.067,-0.517,10.088,-0.012,0.007,-0.027,26.316
27771,0.072,-0.531,10.088,-0.012,0.007,-0.027,26.316
27781,0.067,-0.531,10.088,-0.012,0.006,-0.026,26.273
27791,0.086,-0.555,10.079,-0.012,0.006,-0.026,26.273
27801,0.124,-0.541,10.079,-0.012,0.006,-0.026,26.285
27811,0.086,-0.550,10.112,-0.012,0.006,-0.027,26.285
27821,0.105,-0.546,10.059,-0.012,0.006,-0.026,26.266
27831,0.067,-0.546,10.079,-0.013,0.007,-0.027,26.266
27841,0.077,-0.536,10.079,-0.012,0.005,-0.026,26.309
27851,0.062,-0.531,10.098,-0.013,0.005,-0.026,26.309
27861,0.067,-0.522,10.069,-0.012,0.006,-0.027,26.313
27871,0.048,-0.531,10.102,-0.013,0.005,-0.027,26.313
27881,0.053,-0.526,10.122,-0.013,0.006,-0.026,26.273
27891,0.067,-0.502,10.112,-0.012,0.006,-0.027,26.273
27901,0.086,-0.522,10.088,-0.012,0.007,-0.026,26.293
27911,0.086,-0.517,10.074,-0.012,0.006,-0.027,26.293
27921,0.081,-0.517,10.093,-0.012,0.006,-0.027,26.277
27931,0.091,-0.517,10.074,-0.012,0.006,-0.027,26.277
27951,0.062,-0.541,10.088,-0.012,0.006,-0.027,26.301
27961,0.057,-0.550,10.083,-0.012,0.006,-0.027,26.301
27971,0.038,-0.565,10.088,-0.011,0.005,-0.027,26.270
27981,0.057,-0.560,10.064,-0.012,0.005,-0.027,26.270
27991,0.053,-0.541,10.088,-0.012,0.006,-0.027,26.262
28001,0.057,-0.541,10.079,-0.012,0.005,-0.027,26.262
28011,0.057,-0.560,10.117,-0.012,0.006,-0.027,26.297
28021,0.053,-0.531,10.069,-0.012,0.005,-0.027,26.297
28031,0.081,-0.531,10.079,-0.013,0.007,-0.026,26.258
28041,0.072,-0.541,10.088,-0.012,0.007,-0.027,26.258
28051,0.077,-0.526,10.074,-0.013,0.006,-0.027,26.301
28061,0.096,-0.502,10.074,-0.012,0.006,-0.027,26.301
28071,0.091,-0.512,10.098,-0.012,0.004,-0.027,26.289
28081,0.086,-0.522,10.083,-0.012,0.006,-0.027,26.289
28091,0.067,-0.522,10.079,-0.012,0.005,-0.027,26.340
28101,0.081,-0.502,10.102,-0.011,0.006,-0.026,26.340
28111,0.062,-0.502,10.069,-0.012,0.006,-0.027,26.277
28121,0.062,-0.517,10.079,-0.013,0.006,-0.027,26.277
28131,0.053,-0.550,10.088,-0.013,0.006,-0.027,26.285
28141,0.038,-0.550,10.102,-0.013,0.006,-0.027,26.285
28151,0.033,-0.555,10.088,-0.012,0.006,-0.027,26.316
28161,0.062,-0.565,10.102,-0.012,0.006,-0.027,26.316
28171,0.048,-0.560,10.102,-0.013,0.006,-0.027,26.320
28181,0.033,-0.555,10.112,-0.013,0.007,-0.027,26.320
28191,0.057,-0.569,10.069,-0.012,0.007,-0.027,26.332
28201,0.081,-0.565,10.045,-0.012,0.006,-0.026,26.332
28211,0.062,-0.546,10.083,-0.012,0.006,-0.027,26.289
28221,0.129,-0.536,10.088,-0.012,0.006,-0.026,26.289
28231,0.077,-0.522,10.079,-0.012,0.006,-0.026,26.270
28241,0.091,-0.526,10.102,-0.012,0.006,-0.027,26.270
28251,0.067,-0.502,10.093,-0.012,0.006,-0.027,26.270
28261,0.067,-0.526,10.093,-0.012,0.006,-0.027,26.270
28271,0.033,-0.512,10.064,-0.012,0.005,-0.027,26.277
28281,0.033,-0.522,10.117,-0.011,0.005,-0.028,26.277
28291,0.038,-0.517,10.107,-0.012,0.005,-0.027,26.316
28301,0.057,-0.512,10.088,-0.012,0.006,-0.027,26.316
28311,0.077,-0.541,10.074,-0.012,0.007,-0.027,26.281
28321,0.096,-0.546,10.098,-0.012,0.006,-0.027,26.281
28331,0.105,-0.546,10.064,-0.012,0.006,-0.027,26.324
28341,0.081,-0.555,10.079,-0.012,0.006,-0.027,26.324
28351,0.105,-0.550,10.083,-0.011,0.006,-0.027,26.289
28361,0.100,-0.574,10.088,-0.012,0.005,-0.027,26.289
28371,0.096,-0.555,10.074,-0.013,0.006,-0.027,26.305
28381,0.053,-0.541,10.079,-0.013,0.006,-0.027,26.305
28391,0.033,-0.546,10.083,-0.012,0.006,-0.027,26.309
28401,0.029,-0.555,10.093,-0.013,0.004,-0.027,26.309
28411,0.024,-0.526,10.093,-0.012,0.006,-0.027,26.305
28421,0.053,-0.531,10.112,-0.012,0.006,-0.027,26.305
28431,0.043,-0.526,10.098,-0.012,0.007,-0.027,26.301
28441,0.077,-0.531,10.088,-0.013,0.006,-0.027,26.301
28451,0.067,-0.512,10.083,-0.012,0.006,-0.026,26.289
28461,0.110,-0.536,10.074,-0.012,0.006,-0.027,26.289
28471,0.120,-0.531,10.064,-0.012,0.006,-0.026,26.313
28481,0.086,-0.550,10.069,-0.011,0.007,-0.027,26.313
28491,0.077,-0.555,10.083,-0.012,0.006,-0.027,26.250
28501,0.062,-0.541,10.088,-0.011,0.006,-0.027,26.250
28511,0.057,-0.550,10.083,-0.012,0.006,-0.027,26.324
28521,0.043,-0.536,10.083,-0.013,0.005,-0.027,26.324
28531,0.057,-0.555,10.074,-0.012,0.006,-0.027,26.328
28541,0.043,-0.512,10.102,-0.013,0.006,-0.027,26.328
28551,0.053,-0.526,10.079,-0.013,0.006,-0.026,26.277
28561,0.077,-0.517,10.083,-0.013,0.005,-0.027,26.277
28571,0.091,-0.522,10.107,-0.012,0.006,-0.027,26.305
28581,0.077,-0.531,10.083,-0.012,0.006,-0.027,26.305
28591,0.072,-0.536,10.079,-0.012,0.006,-0.027,26.301
28601,0.081,-0.531,10.069,-0.012,0.006,-0.026,26.301
28611,0.081,-0.560,10.088,-0.012,0.006,-0.027,26.289
28621,0.048,-0.555,10.093,-0.012,0.006,-0.027,26.289
28631,0.057,-0.565,10.088,-0.013,0.006,-0.026,26.301
28641,0.048,-0.550,10.059,-0.012,0.007,-0.027,26.301
28651,0.053,-0.550,10.045,-0.012,0.007,-0.026,26.328
28661,0.067,-0.531,10.069,-0.012,0.006,-0.026,26.328
28671,0.077,-0.507,10.093,-0.012,0.005,-0.027,26.309
28681,0.091,-0.488,10.088,-0.012,0.005,-0.026,26.309
28691,0.072,-0.498,10.093,-0.012,0.006,-0.026,26.332
28701,0.067,-0.507,10.088,-0.013,0.007,-0.026,26.332
28711,0.057,-0.498,10.083,-0.013,0.006,-0.026,26.332
28721,0.043,-0.522,10.093,-0.013,0.006,-0.027,26.332
28731,0.053,-0.555,10.074,-0.013,0.005,-0.027,26.305
28741,0.062,-0.565,10.083,-0.013,0.005,-0.027,26.305
28751,0.077,-0.584,10.079,-0.012,0.006,-0.026,26.320
28761,0.081,-0.584,10.112,-0.011,0.005,-0.027,26.320
28771,0.096,-0.584,10.079,-0.012,0.006,-0.026,26.313
28781,0.072,-0.546,10.059,-0.012,0.007,-0.026,26.313
28791,0.091,-0.536,10.088,-0.012,0.005,-0.027,26.305
28801,0.081,-0.512,10.098,-0.011,0.006,-0.027,26.305
28811,0.072,-0.502,10.098,-0.012,0.005,-0.027,26.301
28821,0.072,-0.517,10.093,-0.012,0.005,-0.027,26.301
28831,0.033,-0.498,10.107,-0.013,0.006,-0.027,26.273
28841,0.057,-0.531,10.098,-0.012,0.005,-0.027,26.273
28851,0.038,-0.541,10.069,-0.012,0.006,-0.026,26.332
28861,0.077,-0.512,10.059,-0.011,0.006,-0.026,26.332
28871,0.072,-0.531,10.088,-0.012,0.005,-0.027,26.301
28881,0.110,-0.555,10.098,-0.012,0.005,-0.027,26.301
28891,0.096,-0.531,10.093,-0.012,0.005,-0.026,26.316
28901,0.096,-0.546,10.088,-0.012,0.005,-0.026,26.316
28911,0.062,-0.536,10.083,-0.013,0.007,-0.027,26.277
28921,0.053,-0.531,10.059,-0.013,0.006,-0.027,26.277
28931,0.033,-0.526,10.102,-0.012,0.006,-0.027,26.309
28941,0.019,-0.531,10.093,-0.012,0.005,-0.027,26.309
28951,0.010,-0.531,10.107,-0.012,0.006,-0.027,26.328
28961,0.053,-0.522,10.098,-0.012,0.005,-0.027,26.328
28971,0.043,-0.531,10.107,-0.011,0.007,-0.026,26.332
28981,0.100,-0.522,10.069,-0.012,0.006,-0.026,26.332
28991,0.100,-0.541,10.093,-0.011,0.006,-0.026,26.324
29001,0.091,-0.536,10.050,-0.012,0.006,-0.026,26.324
29011,0.120,-0.531,10.055,-0.012,0.006,-0.027,26.305
29021,0.115,-0.536,10.074,-0.012,0.005,-0.026,26.305
29031,0.072,-0.536,10.069,-0.011,0.005,-0.027,26.270
29041,0.062,-0.536,10.112,-0.012,0.006,-0.027,26.270
29051,0.033,-0.536,10.112,-0.012,0.006,-0.027,26.313
29061,0.038,-0.550,10.098,-0.012,0.007,-0.026,26.313
29071,0.033,-0.555,10.102,-0.012,0.007,-0.027,26.313
29081,0.053,-0.541,10.088,-0.011,0.007,-0.026,26.313
29091,0.038,-0.546,10.107,-0.012,0.006,-0.026,26.297
29101,0.057,-0.555,10.074,-0.012,0.006,-0.027,26.297
29111,0.091,-0.536,10.074,-0.012,0.006,-0.027,26.270
29121,0.091,-0.541,10.074,-0.012,0.006,-0.027,26.270
29131,0.105,-0.531,10.088,-0.012,0.007,-0.027,26.289
29141,0.077,-0.526,10.093,-0.012,0.006,-0.027,26.289
29151,0.086,-0.517,10.079,-0.012,0.006,-0.027,26.297
29171,0.077,-0.541,10.093,-0.012,0.006,-0.027,26.320
29181,0.086,-0.541,10.059,-0.012,0.006,-0.027,26.293
29191,0.048,-0.546,10.083,-0.012,0.006,-0.027,26.293
29201,0.067,-0.536,10.102,-0.012,0.006,-0.026,26.270
29211,0.048,-0.522,10.088,-0.013,0.006,-0.026,26.270
29221,0.057,-0.531,10.069,-0.012,0.006,-0.027,26.316
29231,0.053,-0.546,10.093,-0.012,0.005,-0.027,26.316
29241,0.067,-0.536,10.050,-0.012,0.006,-0.026,26.242
29251,0.057,-0.536,10.131,-0.012,0.006,-0.027,26.242
29261,0.057,-0.555,10.079,-0.012,0.007,-0.027,26.273
29271,0.067,-0.536,10.074,-0.013,0.006,-0.027,26.273
29281,0.077,-0.536,10.079,-0.012,0.007,-0.027,26.285
29291,0.067,-0.536,10.079,-0.012,0.006,-0.027,26.285
29301,0.072,-0.531,10.088,-0.012,0.006,-0.026,26.289
29311,0.062,-0.531,10.107,-0.012,0.006,-0.027,26.289
29321,0.072,-0.536,10.112,-0.013,0.006,-0.027,26.309
29331,0.072,-0.541,10.102,-0.012,0.006,-0.027,26.309
29341,0.062,-0.531,10.098,-0.012,0.006,-0.026,26.281
29351,0.053,-0.555,10.069,-0.012,0.006,-0.026,26.281
29361,0.057,-0.565,10.093,-0.012,0.005,-0.026,26.293
29371,0.062,-0.555,10.107,-0.012,0.006,-0.027,26.293
29381,0.072,-0.560,10.098,-0.012,0.005,-0.027,26.289
29391,0.072,-0.555,10.083,-0.012,0.006,-0.026,26.289
29401,0.086,-0.541,10.074,-0.012,0.006,-0.027,26.305
29411,0.077,-0.536,10.088,-0.013,0.006,-0.026,26.305
29421,0.091,-0.546,10.088,-0.012,0.006,-0.027,26.285
29431,0.100,-0.536,10.098,-0.012,0.005,-0.027,26.285
29441,0.096,-0.531,10.079,-0.012,0.006,-0.026,26.309
29451,0.077,-0.526,10.088,-0.013,0.006,-0.027,26.309
29461,0.086,-0.522,10.083,-0.012,0.006,-0.027,26.332
29471,0.067,-0.517,10.102,-0.012,0.006,-0.027,26.332
29481,0.048,-0.536,10.088,-0.012,0.006,-0.026,26.254
29491,0.057,-0.526,10.074,-0.011,0.006,-0.027,26.254
29501,0.067,-0.522,10.069,-0.012,0.005,-0.027,26.328
29511,0.053,-0.536,10.069,-0.012,0.006,-0.027,26.328
29521,0.067,-0.526,10.098,-0.011,0.006,-0.027,26.285
29531,0.077,-0.546,10.088,-0.012,0.005,-0.027,26.285
29541,0.077,-0.550,10.059,-0.013,0.006,-0.027,26.293
29551,0.048,-0.550,10.055,-0.012,0.006,-0.027,26.293
29561,0.081,-0.550,10.079,-0.012,0.006,-0.026,26.305
29571,0.053,-0.565,10.059,-0.012,0.006,-0.027,26.305
29581,0.072,-0.555,10.093,-0.013,0.006,-0.027,26.305
29591,0.081,-0.550,10.098,-0.013,0.006,-0.027,26.305
29601,0.062,-0.531,10.079,-0.012,0.006,-0.026,26.309
29611,0.067,-0.526,10.083,-0.012,0.006,-0.027,26.309
29621,0.062,-0.546,10.088,-0.013,0.007,-0.027,26.297
29631,0.067,-0.507,10.088,-0.013,0.006,-0.027,26.297
29641,0.067,-0.531,10.069,-0.012,0.006,-0.026,26.320
29651,0.077,-0.522,10.074,-0.012,0.007,-0.026,26.320
29661,0.086,-0.526,10.093,-0.012,0.006,-0.026,26.328
29671,0.072,-0.526,10.088,-0.012,0.006,-0.026,26.328
29681,0.096,-0.531,10.093,-0.012,0.005,-0.027,26.332
29691,0.086,-0.526,10.083,-0.012,0.005,-0.027,26.332
29701,0.091,-0.541,10.050,-0.011,0.006,-0.026,26.297
29711,0.091,-0.550,10.074,-0.012,0.006,-0.027,26.297
29721,0.053,-0.560,10.083,-0.012,0.006,-0.027,26.273
29731,0.067,-0.546,10.112,-0.012,0.005,-0.027,26.273
29741,0.048,-0.574,10.112,-0.012,0.005,-0.028,26.293
29751,0.053,-0.541,10.093,-0.012,0.006,-0.027,26.293
29761,0.072,-0.531,10.074,-0.012,0.006,-0.027,26.324
29771,0.081,-0.522,10.107,-0.013,0.006,-0.027,26.324
29781,0.033,-0.526,10.093,-0.013,0.006,-0.027,26.316
29791,0.067,-0.522,10.107,-0.012,0.006,-0.027,26.316
29801,0.077,-0.507,10.117,-0.011,0.006,-0.027,26.262
29811,0.081,-0.526,10.088,-0.012,0.006,-0.027,26.262
29821,0.091,-0.546,10.093,-0.013,0.007,-0.027,26.316
29831,0.072,-0.526,10.079,-0.012,0.006,-0.027,26.316
29841,0.081,-0.526,10.088,-0.012,0.006,-0.027,26.324
29851,0.077,-0.550,10.079,-0.012,0.006,-0.027,26.324
29861,0.081,-0.541,10.107,-0.012,0.006,-0.026,26.289
29871,0.048,-0.517,10.059,-0.012,0.006,-0.027,26.289
29881,0.057,-0.526,10.074,-0.012,0.007,-0.027,26.301
29891,0.057,-0.550,10.059,-0.013,0.006,-0.027,26.301
29901,0.048,-0.565,10.088,-0.013,0.006,-0.027,26.270
29911,0.072,-0.565,10.107,-0.011,0.005,-0.026,26.270
29921,0.100,-0.546,10.098,-0.011,0.004,-0.026,26.270
29931,0.110,-0.536,10.107,-0.012,0.007,-0.026,26.270
29941,0.086,-0.522,10.079,-0.013,0.005,-0.027,26.293
29951,0.100,-0.498,10.093,-0.012,0.007,-0.026,26.293
29961,0.081,-0.507,10.074,-0.012,0.005,-0.027,26.297
29971,0.086,-0.522,10.088,-0.012,0.005,-0.027,26.297
29981,0.072,-0.507,10.098,-0.012,0.006,-0.027,26.266
29991,0.033,-0.541,10.083,-0.012,0.006,-0.027,26.266
30001,0.038,-0.541,10.107,-0.012,0.007,-0.027,26.301
30011,0.038,-0.574,10.112,-0.012,0.006,-0.027,26.301
30021,0.029,-0.565,10.098,-0.012,0.006,-0.027,26.332
30031,0.067,-0.555,10.064,-0.013,0.006,-0.027,26.332
30041,0.077,-0.569,10.088,-0.012,0.007,-0.027,26.297
30051,0.100,-0.546,10.093,-0.012,0.006,-0.027,26.297
30061,0.096,-0.536,10.069,-0.011,0.006,-0.026,26.289
30071,0.096,-0.522,10.102,-0.011,0.006,-0.026,26.289
30081,0.096,-0.493,10.098,-0.012,0.006,-0.026,26.324
30091,0.100,-0.507,10.083,-0.012,0.005,-0.027,26.324
30101,0.062,-0.512,10.093,-0.012,0.006,-0.027,26.305
30111,0.062,-0.512,10.102,-0.013,0.007,-0.027,26.305
30121,0.067,-0.507,10.098,-0.012,0.007,-0.027,26.309
30131,0.057,-0.507,10.088,-0.012,0.006,-0.027,26.309
30141,0.077,-0.550,10.074,-0.013,0.006,-0.027,26.332
30151,0.043,-0.560,10.102,-0.013,0.006,-0.027,26.332
30161,0.067,-0.550,10.093,-0.013,0.006,-0.027,26.293
30171,0.072,-0.560,10.074,-0.013,0.005,-0.026,26.293
30181,0.081,-0.574,10.098,-0.012,0.006,-0.027,26.313
30191,0.081,-0.565,10.074,-0.012,0.006,-0.026,26.313
30201,0.096,-0.555,10.079,-0.012,0.006,-0.027,26.316
30211,0.067,-0.574,10.088,-0.012,0.005,-0.026,26.316
30221,0.077,-0.555,10.098,-0.012,0.006,-0.027,26.336
30231,0.053,-0.541,10.102,-0.012,0.006,-0.026,26.336
30241,0.062,-0.526,10.079,-0.013,0.006,-0.027,26.266
30251,0.048,-0.550,10.088,-0.012,0.006,-0.027,26.266
30261,0.053,-0.526,10.107,-0.013,0.006,-0.027,26.320
30271,0.043,-0.536,10.088,-0.015,0.006,-0.026,26.320
30281,0.043,-0.536,10.098,-0.012,0.005,-0.026,26.254
30291,0.077,-0.541,10.112,-0.012,0.005,-0.026,26.254
30301,0.086,-0.517,10.122,-0.012,0.007,-0.026,26.293
30311,0.086,-0.536,10.050,-0.012,0.005,-0.026,26.293
30321,0.077,-0.550,10.112,-0.012,0.007,-0.027,26.305
30331,0.057,-0.560,10.069,-0.012,0.006,-0.027,26.305
30341,0.067,-0.569,10.093,-0.012,0.006,-0.027,26.289
30351,0.081,-0.550,10.107,-0.012,0.005,-0.027,26.289
30361,0.048,-0.550,10.083,-0.012,0.005,-0.027,26.301
30371,0.072,-0.517,10.088,-0.013,0.006,-0.026,26.301
30391,0.067,-0.531,10.098,-0.012,0.006,-0.027,26.316
30401,0.081,-0.522,10.083,-0.012,0.006,-0.027,26.316
30411,0.067,-0.546,10.093,-0.012,0.006,-0.027,26.336
30421,0.086,-0.526,10.074,-0.012,0.006,-0.027,26.336
30431,0.091,-0.522,10.079,-0.013,0.006,-0.027,26.270
30441,0.081,-0.541,10.098,-0.013,0.007,-0.026,26.270
30451,0.081,-0.536,10.088,-0.013,0.007,-0.027,26.285
30461,0.067,-0.517,10.074,-0.013,0.006,-0.027,26.285
30471,0.062,-0.546,10.093,-0.012,0.006,-0.027,26.262
30481,0.053,-0.526,10.112,-0.012,0.006,-0.026,26.262
30491,0.062,-0.546,10.079,-0.012,0.005,-0.027,26.277
30501,0.057,-0.517,10.083,-0.012,0.006,-0.027,26.277
30511,0.067,-0.555,10.098,-0.013,0.007,-0.027,26.340
30521,0.067,-0.531,10.102,-0.012,0.006,-0.027,26.340
30531,0.062,-0.546,10.083,-0.012,0.006,-0.027,26.289
30541,0.086,-0.541,10.083,-0.012,0.006,-0.027,26.289
30551,0.057,-0.531,10.112,-0.012,0.007,-0.027,26.313
30561,0.072,-0.522,10.074,-0.013,0.006,-0.027,26.313
30571,0.072,-0.531,10.098,-0.012,0.005,-0.027,26.324
30581,0.077,-0.531,10.093,-0.012,0.006,-0.027,26.324
30591,0.072,-0.536,10.098,-0.011,0.007,-0.027,26.316
30601,0.077,-0.522,10.045,-0.012,0.007,-0.026,26.316
30611,0.077,-0.531,10.088,-0.012,0.007,-0.026,26.324
30621,0.086,-0.550,10.083,-0.012,0.006,-0.027,26.324
30631,0.067,-0.526,10.112,-0.011,0.005,-0.027,26.281
30641,0.077,-0.546,10.093,-0.011,0.006,-0.027,26.281
30651,0.057,-0.546,10.117,-0.011,0.006,-0.026,26.309
30661,0.067,-0.541,10.093,-0.012,0.006,-0.027,26.309
30671,0.091,-0.541,10.079,-0.012,0.006,-0.027,26.340
30681,0.067,-0.546,10.102,-0.012,0.006,-0.027,26.340
30691,0.053,-0.546,10.069,-0.012,0.005,-0.026,26.324
30701,0.077,-0.536,10.093,-0.011,0.006,-0.026,26.324
30711,0.067,-0.536,10.093,-0.012,0.006,-0.027,26.297
30721,0.086,-0.536,10.102,-0.011,0.006,-0.027,26.297
30731,0.062,-0.522,10.102,-0.012,0.006,-0.027,26.309
30741,0.077,-0.507,10.102,-0.012,0.006,-0.027,26.309
30751,0.072,-0.512,10.112,-0.012,0.006,-0.027,26.313
30761,0.077,-0.522,10.098,-0.012,0.006,-0.027,26.313
30771,0.057,-0.536,10.088,-0.011,0.006,-0.027,26.336
30781,0.062,-0.560,10.093,-0.011,0.006,-0.027,26.336
30791,0.033,-0.550,10.093,-0.011,0.007,-0.026,26.313
30801,0.072,-0.546,10.098,-0.012,0.007,-0.026,26.313
30811,0.081,-0.569,10.102,-0.012,0.007,-0.026,26.324
30821,0.067,-0.546,10.083,-0.012,0.009,-0.027,26.324
30831,0.091,-0.536,10.088,-0.012,0.007,-0.027,26.324
30841,0.081,-0.536,10.079,-0.012,0.006,-0.026,26.324
30851,0.072,-0.536,10.074,-0.011,0.006,-0.027,26.340
30861,0.072,-0.531,10.102,-0.012,0.007,-0.027,26.340
30871,0.077,-0.546,10.107,-0.012,0.006,-0.027,26.320
30881,0.077,-0.522,10.102,-0.012,0.006,-0.027,26.320
30891,0.062,-0.526,10.102,-0.012,0.006,-0.027,26.316
30901,0.062,-0.536,10.102,-0.011,0.007,-0.027,26.316
30911,0.048,-0.526,10.088,-0.011,0.006,-0.027,26.332
30921,0.062,-0.526,10.074,-0.012,0.007,-0.027,26.332
30931,0.038,-0.536,10.088,-0.011,0.007,-0.027,26.305
30941,0.077,-0.522,10.107,-0.011,0.007,-0.027,26.305
30951,0.067,-0.526,10.098,-0.011,0.007,-0.027,26.332
30961,0.057,-0.536,10.102,-0.011,0.007,-0.026,26.332
30971,0.077,-0.565,10.083,-0.011,0.007,-0.026,26.309
30981,0.072,-0.526,10.107,-0.011,0.006,-0.027,26.309
30991,0.086,-0.555,10.098,-0.011,0.006,-0.027,26.316
31001,0.077,-0.574,10.079,-0.012,0.007,-0.026,26.316
31011,0.067,-0.550,10.083,-0.012,0.005,-0.027,26.324
31021,0.100,-0.541,10.083,-0.012,0.006,-0.026,26.324
31031,0.067,-0.517,10.079,-0.012,0.005,-0.027,26.328
31041,0.077,-0.526,10.102,-0.012,0.007,-0.027,26.328
31051,0.057,-0.512,10.093,-0.012,0.006,-0.027,26.316
31061,0.048,-0.512,10.064,-0.012,0.006,-0.027,26.316
31071,0.053,-0.502,10.098,-0.012,0.006,-0.027,26.332
31081,0.057,-0.517,10.074,-0.011,0.006,-0.026,26.332
31091,0.067,-0.507,10.083,-0.011,0.006,-0.026,26.324
31101,0.086,-0.512,10.088,-0.012,0.006,-0.026,26.324
31111,0.100,-0.536,10.107,-0.012,0.005,-0.027,26.324
31121,0.096,-0.531,10.069,-0.012,0.006,-0.027,26.324
31131,0.105,-0.541,10.088,-0.012,0.006,-0.027,26.301
31141,0.110,-0.550,10.088,-0.012,0.006,-0.027,26.301
31151,0.062,-0.555,10.093,-0.012,0.006,-0.026,26.309
31161,0.062,-0.555,10.088,-0.013,0.006,-0.026,26.309
31171,0.053,-0.546,10.083,-0.012,0.006,-0.026,26.285
31181,0.043,-0.531,10.079,-0.012,0.006,-0.027,26.285
31191,0.053,-0.531,10.088,-0.012,0.006,-0.027,26.336
31201,0.067,-0.536,10.093,-0.012,0.005,-0.026,26.336
31211,0.053,-0.531,10.093,-0.011,0.006,-0.027,26.332
31221,0.057,-0.531,10.093,-0.011,0.006,-0.027,26.332
31231,0.038,-0.541,10.079,-0.011,0.006,-0.027,26.273
31241,0.062,-0.541,10.059,-0.012,0.007,-0.026,26.273
31251,0.072,-0.526,10.064,-0.012,0.005,-0.027,26.340
31261,0.067,-0.522,10.088,-0.013,0.005,-0.027,26.340
31271,0.096,-0.522,10.083,-0.012,0.006,-0.027,26.324
31281,0.105,-0.531,10.098,-0.012,0.005,-0.027,26.324
31291,0.086,-0.546,10.098,-0.012,0.006,-0.027,26.324
31301,0.067,-0.536,10.059,-0.011,0.007,-0.027,26.324
31311,0.053,-0.550,10.079,-0.013,0.005,-0.027,26.332
31321,0.057,-0.536,10.074,-0.012,0.005,-0.027,26.332
31331,0.038,-0.546,10.088,-0.013,0.005,-0.028,26.363
31341,0.067,-0.565,10.088,-0.012,0.006,-0.027,26.363
31351,0.067,-0.546,10.107,-0.012,0.006,-0.027,26.313
31361,0.077,-0.536,10.083,-0.011,0.007,-0.027,26.313
31371,0.077,-0.541,10.083,-0.013,0.007,-0.027,26.328
31381,0.105,-0.526,10.083,-0.012,0.006,-0.027,26.328
31391,0.091,-0.536,10.079,-0.012,0.005,-0.026,26.250
31401,0.115,-0.531,10.122,-0.012,0.006,-0.027,26.250
31411,0.091,-0.526,10.112,-0.012,0.006,-0.026,26.305
31421,0.067,-0.536,10.059,-0.012,0.006,-0.027,26.305
31431,0.048,-0.546,10.064,-0.012,0.006,-0.027,26.336
31441,0.062,-0.522,10.079,-0.012,0.005,-0.027,26.336
31451,0.038,-0.536,10.083,-0.012,0.006,-0.026,26.293
31461,0.048,-0.536,10.083,-0.012,0.005,-0.027,26.293
31471,0.062,-0.569,10.107,-0.012,0.006,-0.028,26.363
31481,0.062,-0.541,10.098,-0.012,0.006,-0.028,26.363
31491,0.048,-0.541,10.083,-0.013,0.007,-0.027,26.332
31501,0.072,-0.536,10.079,-0.013,0.006,-0.026,26.332
31511,0.081,-0.550,10.112,-0.012,0.007,-0.027,26.336
31521,0.081,-0.531,10.088,-0.012,0.006,-0.027,26.336
31531,0.091,-0.541,10.055,-0.012,0.007,-0.027,26.332
31541,0.077,-0.522,10.107,-0.012,0.007,-0.026,26.340
31561,0.062,-0.512,10.083,-0.012,0.005,-0.027,26.301
31571,0.091,-0.512,10.093,-0.012,0.006,-0.027,26.301
31581,0.100,-0.541,10.093,-0.012,0.006,-0.027,26.301
31591,0.053,-0.522,10.088,-0.012,0.005,-0.027,26.301
31601,0.077,-0.536,10.079,-0.012,0.005,-0.027,26.340
31611,0.057,-0.526,10.079,-0.012,0.006,-0.027,26.340
31621,0.067,-0.526,10.079,-0.012,0.006,-0.027,26.336
31631,0.053,-0.541,10.083,-0.012,0.006,-0.027,26.336
31641,0.057,-0.550,10.083,-0.012,0.006,-0.026,26.332
31651,0.086,-0.550,10.102,-0.011,0.005,-0.026,26.332
31661,0.081,-0.536,10.088,-0.012,0.006,-0.027,26.340
31671,0.062,-0.541,10.083,-0.012,0.006,-0.027,26.340
31681,0.067,-0.531,10.083,-0.012,0.006,-0.027,26.277
31691,0.067,-0.546,10.093,-0.012,0.005,-0.028,26.277
31701,0.086,-0.541,10.098,-0.012,0.005,-0.027,26.332
31711,0.057,-0.531,10.093,-0.012,0.006,-0.027,26.332
31721,0.048,-0.526,10.088,-0.012,0.006,-0.027,26.328
31731,0.057,-0.536,10.074,-0.012,0.006,-0.027,26.328
31741,0.086,-0.517,10.107,-0.012,0.006,-0.026,26.359
31751,0.086,-0.541,10.083,-0.012,0.005,-0.027,26.359
31761,0.067,-0.531,10.093,-0.012,0.005,-0.026,26.316
31771,0.077,-0.536,10.074,-0.012,0.006,-0.026,26.316
31781,0.067,-0.522,10.102,-0.012,0.006,-0.027,26.348
31791,0.077,-0.541,10.074,-0.012,0.006,-0.027,26.348
31801,0.072,-0.546,10.093,-0.012,0.005,-0.027,26.301
31811,0.081,-0.526,10.093,-0.013,0.006,-0.027,26.301
31821,0.067,-0.536,10.069,-0.015,0.006,-0.027,26.301
31831,0.057,-0.526,10.088,-0.013,0.006,-0.027,26.301
31841,0.072,-0.536,10.083,-0.012,0.006,-0.026,26.340
31851,0.086,-0.526,10.107,-0.012,0.006,-0.027,26.340
31861,0.081,-0.536,10.083,-0.013,0.006,-0.026,26.332
31871,0.077,-0.541,10.093,-0.013,0.006,-0.026,26.332
31881,0.072,-0.522,10.102,-0.012,0.006,-0.027,26.332
31891,0.062,-0.517,10.093,-0.012,0.006,-0.026,26.332
31901,0.067,-0.526,10.079,-0.012,0.007,-0.027,26.320
31911,0.072,-0.550,10.088,-0.012,0.006,-0.027,26.320
31921,0.048,-0.541,10.059,-0.013,0.006,-0.027,26.309
31931,0.062,-0.550,10.069,-0.013,0.006,-0.027,26.309
31941,0.077,-0.565,10.088,-0.012,0.006,-0.027,26.352
31951,0.053,-0.555,10.131,-0.012,0.005,-0.027,26.352
31961,0.057,-0.579,10.064,-0.013,0.006,-0.027,26.367
31971,0.081,-0.546,10.093,-0.012,0.006,-0.027,26.367
31981,0.081,-0.550,10.059,-0.012,0.006,-0.027,26.348
31991,0.077,-0.512,10.102,-0.012,0.005,-0.027,26.348
32001,0.091,-0.517,10.083,-0.012,0.007,-0.027,26.324
32011,0.072,-0.531,10.102,-0.013,0.006,-0.027,26.324
32021,0.062,-0.507,10.102,-0.013,0.007,-0.027,26.320
32031,0.086,-0.522,10.079,-0.012,0.006,-0.027,26.320
32041,0.057,-0.507,10.088,-0.012,0.006,-0.027,26.332
32051,0.072,-0.517,10.098,-0.012,0.005,-0.027,26.332
32061,0.062,-0.522,10.098,-0.012,0.005,-0.027,26.301
32071,0.081,-0.522,10.107,-0.012,0.006,-0.028,26.301
32081,0.057,-0.546,10.064,-0.013,0.006,-0.027,26.316
32091,0.067,-0.560,10.074,-0.013,0.006,-0.026,26.316
32101,0.077,-0.555,10.064,-0.012,0.005,-0.027,26.305
32111,0.072,-0.541,10.074,-0.012,0.006,-0.027,26.305
32121,0.043,-0.550,10.079,-0.013,0.006,-0.027,26.379
32131,0.062,-0.550,10.088,-0.012,0.006,-0.028,26.379
32141,0.053,-0.555,10.112,-0.011,0.007,-0.027,26.320
32151,0.067,-0.526,10.079,-0.012,0.007,-0.027,26.320
32161,0.048,-0.546,10.093,-0.013,0.006,-0.026,26.324
32171,0.062,-0.522,10.074,-0.012,0.005,-0.026,26.324
32181,0.072,-0.522,10.102,-0.012,0.006,-0.027,26.313
32191,0.096,-0.536,10.107,-0.012,0.006,-0.026,26.313
32201,0.086,-0.526,10.102,-0.011,0.006,-0.026,26.262
32211,0.086,-0.526,10.083,-0.012,0.006,-0.027,26.262
32221,0.096,-0.531,10.088,-0.012,0.006,-0.027,26.277
32231,0.081,-0.536,10.093,-0.012,0.006,-0.028,26.277
32241,0.072,-0.536,10.069,-0.012,0.006,-0.027,26.309
32251,0.048,-0.526,10.074,-0.012,0.006,-0.026,26.309
32261,0.057,-0.550,10.098,-0.012,0.006,-0.027,26.344
32271,0.053,-0.546,10.093,-0.012,0.006,-0.027,26.344
32281,0.057,-0.546,10.079,-0.012,0.006,-0.026,26.367
32291,0.081,-0.541,10.083,-0.013,0.007,-0.027,26.367
32301,0.053,-0.536,10.093,-0.013,0.006,-0.027,26.297
32311,0.086,-0.541,10.083,-0.013,0.006,-0.026,26.297
32321,0.077,-0.498,10.093,-0.012,0.006,-0.026,26.328
32331,0.086,-0.531,10.098,-0.012,0.006,-0.027,26.328
32341,0.067,-0.517,10.088,-0.013,0.006,-0.027,26.336
32351,0.062,-0.526,10.088,-0.013,0.005,-0.027,26.336
32361,0.057,-0.526,10.055,-0.012,0.006,-0.027,26.328
32371,0.067,-0.550,10.083,-0.012,0.006,-0.026,26.328
32381,0.057,-0.546,10.079,-0.012,0.005,-0.027,26.324
32391,0.072,-0.536,10.093,-0.013,0.005,-0.026,26.324
32401,0.057,-0.546,10.107,-0.012,0.006,-0.027,26.332
32411,0.072,-0.560,10.093,-0.013,0.006,-0.027,26.332
32421,0.081,-0.569,10.088,-0.012,0.006,-0.027,26.352
32431,0.072,-0.555,10.098,-0.012,0.007,-0.027,26.352
32441,0.081,-0.555,10.093,-0.012,0.006,-0.026,26.305
32451,0.081,-0.541,10.102,-0.013,0.006,-0.026,26.305
32461,0.043,-0.541,10.069,-0.012,0.006,-0.026,26.316
32471,0.077,-0.512,10.083,-0.012,0.006,-0.027,26.316
32481,0.067,-0.526,10.083,-0.012,0.006,-0.027,26.332
32491,0.062,-0.526,10.083,-0.012,0.006,-0.027,26.332
32501,0.048,-0.526,10.093,-0.012,0.005,-0.027,26.293
32511,0.072,-0.526,10.069,-0.012,0.005,-0.026,26.293
32521,0.091,-0.512,10.088,-0.012,0.005,-0.027,26.332
32531,0.100,-0.517,10.083,-0.012,0.005,-0.027,26.332
32541,0.057,-0.522,10.093,-0.011,0.006,-0.026,26.313
32551,0.081,-0.526,10.083,-0.012,0.006,-0.027,26.313
32561,0.072,-0.541,10.079,-0.013,0.005,-0.027,26.352
32571,0.053,-0.560,10.050,-0.012,0.005,-0.027,26.352
32581,0.062,-0.579,10.179,-0.012,0.005,-0.027,26.359
32591,0.057,-0.546,9.992,-0.013,0.006,-0.027,26.359
32601,0.062,-0.555,10.184,-0.010,0.005,-0.026,26.328
32611,0.077,-0.536,10.098,-0.013,0.009,-0.026,26.328
32621,0.057,-0.541,10.088,-0.011,0.005,-0.027,26.316
32631,0.057,-0.522,10.088,-0.011,0.009,-0.027,26.316
32641,0.072,-0.536,10.059,-0.012,0.005,-0.027,26.316
32651,0.077,-0.526,10.107,-0.011,0.006,-0.027,26.316
32661,0.081,-0.526,10.079,-0.011,0.005,-0.026,26.309
32671,0.062,-0.522,10.107,-0.011,0.006,-0.027,26.309
32681,0.077,-0.536,10.083,-0.012,0.006,-0.026,26.355
32691,0.057,-0.517,10.093,-0.011,0.009,-0.027,26.355
32701,0.081,-0.526,10.083,-0.012,0.006,-0.026,26.328
32711,0.062,-0.550,10.074,-0.011,0.006,-0.027,26.328
32731,0.067,-0.569,10.088,-0.011,0.006,-0.026,26.332
32741,0.072,-0.574,10.074,-0.012,0.006,-0.027,26.332
32751,0.072,-0.560,10.098,-0.013,0.006,-0.026,26.340
32761,0.072,-0.550,10.064,-0.012,0.006,-0.026,26.340
32771,0.057,-0.555,10.079,-0.012,0.006,-0.027,26.352
32781,0.053,-0.536,10.088,-0.013,0.005,-0.027,26.352
32791,0.029,-0.507,10.107,-0.012,0.006,-0.027,26.324
32801,0.062,-0.526,10.093,-0.012,0.007,-0.026,26.324
32811,0.048,-0.507,10.083,-0.012,0.006,-0.027,26.375
32821,0.053,-0.522,10.088,-0.012,0.006,-0.027,26.375
32831,0.053,-0.512,10.088,-0.012,0.006,-0.026,26.332
32841,0.091,-0.522,10.088,-0.013,0.005,-0.026,26.332
32851,0.086,-0.517,10.088,-0.012,0.006,-0.026,26.328
32861,0.091,-0.536,10.112,-0.012,0.006,-0.027,26.328
32871,0.067,-0.541,10.083,-0.012,0.006,-0.027,26.344
32881,0.081,-0.522,10.079,-0.012,0.007,-0.026,26.344
32891,0.067,-0.550,10.079,-0.012,0.005,-0.027,26.363
32901,0.081,-0.550,10.102,-0.012,0.005,-0.027,26.363
32911,0.053,-0.550,10.083,-0.012,0.005,-0.027,26.316
32921,0.072,-0.550,10.107,-0.012,0.005,-0.027,26.316
32931,0.067,-0.546,10.074,-0.012,0.006,-0.026,26.320
32941,0.038,-0.546,10.083,-0.012,0.006,-0.026,26.320
32951,0.081,-0.541,10.083,-0.012,0.007,-0.026,26.340
32961,0.057,-0.536,10.088,-0.013,0.006,-0.026,26.340
32971,0.057,-0.526,10.088,-0.012,0.006,-0.027,26.332
32981,0.086,-0.517,10.083,-0.012,0.006,-0.027,26.332
32991,0.081,-0.517,10.093,-0.013,0.006,-0.026,26.340
33001,0.077,-0.531,10.083,-0.011,0.007,-0.027,26.340
33011,0.038,-0.526,10.079,-0.012,0.006,-0.027,26.309
33021,0.072,-0.536,10.079,-0.012,0.006,-0.027,26.309
33031,0.072,-0.526,10.079,-0.013,0.006,-0.026,26.348
33041,0.062,-0.555,10.098,-0.012,0.005,-0.026,26.348
33051,0.067,-0.531,10.093,-0.013,0.005,-0.026,26.289
33061,0.077,-0.555,10.016,-0.013,0.005,-0.027,26.289
33071,0.081,-0.555,10.174,-0.011,0.004,-0.027,26.344
33081,0.067,-0.579,10.012,-0.015,0.009,-0.027,26.344
33091,0.067,-0.546,10.079,-0.011,0.002,-0.027,26.313
33101,0.067,-0.550,10.079,-0.012,0.009,-0.026,26.313
33111,0.067,-0.550,10.059,-0.012,0.002,-0.027,26.332
33121,0.077,-0.526,10.146,-0.012,0.007,-0.027,26.332
33131,0.067,-0.522,10.059,-0.013,0.002,-0.027,26.305
33141,0.057,-0.498,10.117,-0.010,0.009,-0.026,26.305
33151,0.086,-0.488,10.064,-0.012,0.004,-0.028,26.320
33161,0.081,-0.488,10.098,-0.011,0.007,-0.026,26.320
33171,0.086,-0.493,10.069,-0.012,0.004,-0.026,26.305
33181,0.091,-0.512,10.136,-0.013,0.005,-0.027,26.305
33191,0.062,-0.526,10.088,-0.013,0.006,-0.027,26.340
33201,0.072,-0.536,10.126,-0.012,0.006,-0.027,26.340
33211,0.053,-0.579,10.040,-0.013,0.009,-0.027,26.293
33221,0.057,-0.579,10.074,-0.013,0.005,-0.028,26.293
33231,0.043,-0.598,9.978,-0.013,0.009,-0.028,26.320
33241,0.091,-0.569,10.155,-0.011,0.000,-0.029,26.320
33251,0.067,-0.574,10.107,-0.013,0.005,-0.027,26.293
33261,0.072,-0.546,10.169,-0.013,0.002,-0.026,26.293
33271,0.057,-0.507,10.083,-0.011,0.011,-0.024,26.324
33281,0.067,-0.522,10.074,-0.011,0.007,-0.026,26.324
33291,0.057,-0.507,10.002,-0.011,0.011,-0.026,26.320
33301,0.100,-0.502,10.098,-0.013,0.001,-0.027,26.320
33311,0.096,-0.517,10.141,-0.012,0.002,-0.027,26.352
33321,0.081,-0.555,10.150,-0.015,0.002,-0.028,26.352
33331,0.048,-0.555,10.069,-0.012,0.009,-0.027,26.352
33341,0.033,-0.555,10.093,-0.011,0.010,-0.027,26.352
33351,0.029,-0.531,10.059,-0.012,0.007,-0.027,26.289
33361,0.043,-0.541,10.083,-0.012,0.005,-0.027,26.289
33371,0.077,-0.541,10.112,-0.013,0.002,-0.026,26.324
33381,0.115,-0.541,10.107,-0.012,0.005,-0.026,26.324
33391,0.110,-0.541,10.059,-0.012,0.006,-0.024,26.316
33401,0.096,-0.526,10.074,-0.011,0.009,-0.026,26.316
33411,0.105,-0.536,10.079,-0.012,0.006,-0.027,26.270
33421,0.067,-0.522,10.098,-0.013,0.004,-0.027,26.270
33431,0.062,-0.555,10.112,-0.013,0.002,-0.028,26.293
33441,0.038,-0.526,10.093,-0.013,0.005,-0.027,26.293
33451,0.038,-0.555,10.088,-0.011,0.007,-0.027,26.320
33461,0.038,-0.546,10.098,-0.011,0.007,-0.027,26.320
33471,0.053,-0.569,10.088,-0.011,0.006,-0.027,26.328
33481,0.067,-0.541,10.102,-0.012,0.004,-0.027,26.328
33491,0.062,-0.550,10.098,-0.013,0.005,-0.027,26.344
33501,0.086,-0.541,10.088,-0.011,0.007,-0.026,26.344
33511,0.081,-0.522,10.083,-0.012,0.006,-0.026,26.332
33521,0.077,-0.507,10.074,-0.013,0.006,-0.026,26.332
33531,0.077,-0.546,10.088,-0.012,0.005,-0.027,26.316
33541,0.086,-0.536,10.112,-0.012,0.005,-0.027,26.316
33551,0.062,-0.531,10.093,-0.012,0.006,-0.027,26.344
33561,0.062,-0.526,10.098,-0.011,0.007,-0.027,26.344
33571,0.072,-0.517,10.088,-0.012,0.006,-0.027,26.328
33581,0.067,-0.522,10.083,-0.012,0.005,-0.026,26.328
33591,0.100,-0.555,10.088,-0.012,0.005,-0.027,26.301
33601,0.086,-0.546,10.083,-0.012,0.006,-0.026,26.301
33611,0.091,-0.531,10.079,-0.012,0.006,-0.026,26.316
33621,0.067,-0.546,10.083,-0.012,0.006,-0.026,26.316
33631,0.062,-0.541,10.083,-0.012,0.006,-0.026,26.324
33641,0.057,-0.546,10.079,-0.012,0.005,-0.027,26.324
33651,0.048,-0.536,10.088,-0.012,0.005,-0.027,26.301
33661,0.067,-0.531,10.079,-0.012,0.007,-0.027,26.301
33671,0.062,-0.536,10.098,-0.012,0.007,-0.026,26.313
33681,0.048,-0.522,10.083,-0.012,0.006,-0.027,26.313
33691,0.072,-0.531,10.079,-0.011,0.005,-0.026,26.313
33701,0.086,-0.526,10.098,-0.012,0.005,-0.027,26.313
33711,0.081,-0.526,10.093,-0.012,0.005,-0.026,26.336
33721,0.086,-0.541,10.102,-0.012,0.006,-0.027,26.336
33731,0.067,-0.546,10.088,-0.012,0.006,-0.028,26.363
33741,0.096,-0.536,10.074,-0.012,0.006,-0.027,26.363
33751,0.086,-0.536,10.102,-0.012,0.005,-0.027,26.332
33761,0.048,-0.555,10.088,-0.012,0.005,-0.028,26.332
33771,0.057,-0.541,10.126,-0.012,0.005,-0.027,26.336
33781,0.029,-0.579,10.074,-0.012,0.006,-0.027,26.336
33791,0.043,-0.550,10.074,-0.012,0.006,-0.026,26.332
33801,0.038,-0.550,10.079,-0.011,0.006,-0.027,26.332
33811,0.057,-0.541,10.079,-0.012,0.005,-0.027,26.328
33821,0.081,-0.546,10.079,-0.012,0.006,-0.026,26.328
33831,0.067,-0.522,10.083,-0.012,0.005,-0.027,26.375
33841,0.105,-0.531,10.079,-0.012,0.007,-0.027,26.375
33851,0.067,-0.512,10.074,-0.011,0.005,-0.027,26.348
33861,0.062,-0.517,10.098,-0.012,0.006,-0.027,26.348
33871,0.067,-0.507,10.107,-0.012,0.004,-0.027,26.340
33881,0.067,-0.522,10.112,-0.012,0.006,-0.027,26.340
33891,0.043,-0.526,10.069,-0.013,0.006,-0.027,26.324
33911,0.062,-0.541,10.079,-0.012,0.006,-0.026,26.301
33921,0.086,-0.546,10.093,-0.013,0.006,-0.026,26.320
33931,0.091,-0.555,10.093,-0.012,0.006,-0.026,26.320
33941,0.086,-0.555,10.098,-0.012,0.006,-0.027,26.305
33951,0.081,-0.531,10.074,-0.012,0.006,-0.027,26.305
33961,0.077,-0.555,10.088,-0.012,0.005,-0.026,26.309
33971,0.043,-0.536,10.083,-0.012,0.005,-0.027,26.309
33981,0.048,-0.536,10.083,-0.012,0.005,-0.027,26.324
33991,0.057,-0.541,10.088,-0.011,0.005,-0.026,26.324
34001,0.048,-0.541,10.098,-0.012,0.006,-0.027,26.336
34011,0.062,-0.522,10.112,-0.012,0.006,-0.027,26.336
34021,0.057,-0.541,10.088,-0.012,0.007,-0.026,26.273
34031,0.091,-0.512,10.069,-0.012,0.006,-0.027,26.273
34041,0.086,-0.536,10.083,-0.012,0.005,-0.027,26.332
34051,0.086,-0.541,10.079,-0.012,0.006,-0.027,26.332
34061,0.081,-0.541,10.074,-0.012,0.006,-0.027,26.320
34071,0.053,-0.555,10.083,-0.013,0.006,-0.026,26.320
34081,0.062,-0.546,10.093,-0.012,0.005,-0.026,26.324
34091,0.057,-0.565,10.098,-0.012,0.006,-0.026,26.324
34101,0.057,-0.546,10.069,-0.012,0.006,-0.026,26.285
34111,0.077,-0.560,10.102,-0.012,0.006,-0.026,26.285
34121,0.048,-0.531,10.074,-0.013,0.006,-0.026,26.297
34131,0.072,-0.512,10.083,-0.012,0.006,-0.027,26.297
34141,0.057,-0.522,10.117,-0.013,0.005,-0.027,26.324
34151,0.033,-0.541,10.102,-0.012,0.005,-0.027,26.324
34161,0.038,-0.517,10.107,-0.012,0.006,-0.027,26.316
34171,0.033,-0.531,10.093,-0.012,0.006,-0.027,26.316
34181,0.053,-0.546,10.059,-0.011,0.006,-0.026,26.348
34191,0.067,-0.546,10.107,-0.011,0.006,-0.027,26.348
34201,0.086,-0.531,10.074,-0.012,0.006,-0.026,26.313
34211,0.081,-0.546,10.088,-0.012,0.005,-0.026,26.313
34221,0.100,-0.536,10.069,-0.012,0.006,-0.027,26.340
34231,0.072,-0.541,10.102,-0.012,0.006,-0.026,26.340
34241,0.077,-0.555,10.074,-0.012,0.005,-0.026,26.289
34251,0.072,-0.536,10.088,-0.012,0.006,-0.027,26.289
34261,0.062,-0.536,10.093,-0.013,0.005,-0.026,26.332
34271,0.057,-0.546,10.079,-0.012,0.006,-0.027,26.332
34281,0.038,-0.526,10.102,-0.012,0.006,-0.027,26.277
34291,0.057,-0.565,10.112,-0.012,0.006,-0.027,26.277
34301,0.048,-0.541,10.098,-0.012,0.006,-0.027,26.316
34311,0.053,-0.541,10.079,-0.012,0.006,-0.027,26.316
34321,0.072,-0.541,10.098,-0.012,0.007,-0.027,26.332
34331,0.096,-0.526,10.088,-0.012,0.006,-0.027,26.332
34341,0.081,-0.512,10.079,-0.012,0.006,-0.027,26.313
34351,0.096,-0.517,10.079,-0.012,0.005,-0.027,26.313
34361,0.100,-0.522,10.079,-0.012,0.006,-0.027,26.293
34371,0.077,-0.546,10.079,-0.012,0.006,-0.026,26.293
34381,0.072,-0.541,10.093,-0.012,0.006,-0.026,26.309
34391,0.077,-0.531,10.083,-0.012,0.006,-0.026,26.309
34401,0.072,-0.541,10.117,-0.012,0.006,-0.026,26.281
34411,0.062,-0.536,10.079,-0.012,0.006,-0.027,26.281
34421,0.062,-0.536,10.064,-0.012,0.005,-0.027,26.293
34431,0.077,-0.565,10.098,-0.012,0.006,-0.027,26.293
34441,0.072,-0.555,10.083,-0.012,0.005,-0.027,26.316
34451,0.067,-0.555,10.098,-0.012,0.006,-0.027,26.316
34461,0.072,-0.531,10.088,-0.012,0.006,-0.026,26.313
34471,0.072,-0.546,10.083,-0.012,0.006,-0.027,26.313
34481,0.081,-0.536,10.069,-0.011,0.006,-0.027,26.313
34491,0.062,-0.531,10.074,-0.012,0.006,-0.027,26.313
34501,0.077,-0.522,10.102,-0.012,0.005,-0.027,26.320
34511,0.081,-0.522,10.102,-0.012,0.006,-0.026,26.320
34521,0.067,-0.526,10.088,-0.012,0.006,-0.026,26.324
34531,0.067,-0.512,10.074,-0.012,0.007,-0.026,26.324
34541,0.053,-0.522,10.083,-0.012,0.006,-0.027,26.348
34551,0.062,-0.526,10.074,-0.012,0.006,-0.027,26.348
34561,0.038,-0.536,10.093,-0.012,0.006,-0.027,26.328
34571,0.053,-0.546,10.093,-0.012,0.005,-0.027,26.328
34581,0.038,-0.565,10.079,-0.012,0.006,-0.027,26.289
34591,0.062,-0.584,10.069,-0.012,0.006,-0.027,26.289
34601,0.053,-0.579,10.064,-0.013,0.006,-0.026,26.324
34611,0.072,-0.565,10.064,-0.012,0.006,-0.026,26.324
34621,0.086,-0.550,10.122,-0.011,0.005,-0.026,26.324
34631,0.091,-0.536,10.064,-0.012,0.006,-0.026,26.324
34641,0.086,-0.546,10.098,-0.011,0.006,-0.027,26.336
34651,0.086,-0.531,10.102,-0.011,0.006,-0.026,26.336
34661,0.057,-0.531,10.107,-0.012,0.005,-0.026,26.285
34671,0.072,-0.541,10.064,-0.013,0.006,-0.027,26.285
34681,0.048,-0.536,10.098,-0.012,0.006,-0.027,26.328
34691,0.053,-0.526,10.088,-0.012,0.007,-0.027,26.328
34701,0.057,-0.526,10.083,-0.012,0.006,-0.027,26.309
34711,0.057,-0.526,10.107,-0.012,0.006,-0.026,26.309
34721,0.057,-0.536,10.102,-0.012,0.006,-0.027,26.297
34731,0.077,-0.526,10.079,-0.011,0.007,-0.026,26.297
34741,0.096,-0.531,10.050,-0.012,0.006,-0.026,26.316
34751,0.081,-0.555,10.083,-0.011,0.007,-0.027,26.316
34761,0.100,-0.541,10.083,-0.011,0.006,-0.026,26.332
34771,0.067,-0.569,10.079,-0.012,0.006,-0.027,26.332
34781,0.067,-0.565,10.093,-0.012,0.006,-0.027,26.313
34791,0.062,-0.550,10.079,-0.012,0.006,-0.027,26.313
34801,0.053,-0.550,10.088,-0.012,0.006,-0.027,26.309
34811,0.048,-0.546,10.098,-0.012,0.006,-0.026,26.309
34821,0.043,-0.536,10.088,-0.012,0.006,-0.027,26.293
34831,0.057,-0.512,10.088,-0.011,0.006,-0.026,26.293
34841,0.062,-0.512,10.102,-0.011,0.006,-0.027,26.309
34851,0.096,-0.517,10.083,-0.012,0.005,-0.027,26.309
34861,0.081,-0.512,10.102,-0.012,0.006,-0.027,26.332
34871,0.091,-0.502,10.102,-0.012,0.006,-0.027,26.332
34881,0.096,-0.526,10.083,-0.012,0.006,-0.027,26.316
34891,0.086,-0.536,10.107,-0.013,0.006,-0.027,26.316
34901,0.062,-0.541,10.064,-0.013,0.006,-0.026,26.293
34911,0.077,-0.555,10.055,-0.013,0.006,-0.027,26.293
34921,0.062,-0.579,10.064,-0.012,0.006,-0.027,26.305
34931,0.053,-0.574,10.050,-0.012,0.006,-0.026,26.305
34941,0.053,-0.565,10.069,-0.013,0.005,-0.026,26.309
34951,0.043,-0.560,10.093,-0.013,0.005,-0.027,26.309
34961,0.048,-0.550,10.098,-0.012,0.005,-0.027,26.285
34971,0.057,-0.522,10.093,-0.012,0.006,-0.027,26.285
34981,0.067,-0.507,10.093,-0.012,0.006,-0.027,26.305
34991,0.077,-0.498,10.093,-0.012,0.007,-0.027,26.305
35001,0.062,-0.522,10.079,-0.012,0.006,-0.028,26.336
35011,0.072,-0.526,10.074,-0.013,0.006,-0.027,26.336
35021,0.077,-0.502,10.093,-0.013,0.006,-0.026,26.301
35031,0.081,-0.517,10.088,-0.013,0.006,-0.027,26.301
35041,0.086,-0.512,10.074,-0.012,0.006,-0.026,26.316
35051,0.096,-0.536,10.064,-0.012,0.006,-0.027,26.316
35061,0.077,-0.546,10.098,-0.012,0.006,-0.027,26.313
35071,0.081,-0.546,10.050,-0.012,0.006,-0.027,26.313
35081,0.067,-0.546,10.093,-0.012,0.005,-0.027,26.293
35091,0.048,-0.555,10.117,-0.012,0.006,-0.027,26.293
35101,0.038,-0.546,10.088,-0.012,0.006,-0.027,26.293
35111,0.038,-0.569,10.069,-0.012,0.007,-0.027,26.293
35121,0.024,-0.569,10.117,-0.012,0.007,-0.027,26.344
35131,0.062,-0.550,10.050,-0.011,0.007,-0.026,26.344
35151,0.120,-0.550,10.088,-0.012,0.005,-0.027,26.324
35161,0.110,-0.512,10.064,-0.012,0.005,-0.026,26.324
35171,0.100,-0.502,10.083,-0.012,0.005,-0.026,26.313
35181,0.091,-0.502,10.079,-0.012,0.005,-0.027,26.313
35191,0.091,-0.498,10.064,-0.012,0.005,-0.027,26.297
35201,0.057,-0.498,10.093,-0.012,0.006,-0.027,26.297
35211,0.043,-0.522,10.088,-0.012,0.006,-0.027,26.332
35221,0.033,-0.541,10.093,-0.012,0.006,-0.026,26.332
35231,0.086,-0.550,10.098,-0.012,0.005,-0.026,26.293
35241,0.062,-0.555,10.088,-0.012,0.006,-0.026,26.293
35251,0.081,-0.555,10.107,-0.012,0.006,-0.026,26.328
35261,0.100,-0.565,10.083,-0.012,0.006,-0.027,26.328
35271,0.086,-0.555,10.064,-0.012,0.006,-0.026,26.332
35281,0.091,-0.560,10.088,-0.012,0.006,-0.027,26.332
35291,0.048,-0.546,10.088,-0.013,0.005,-0.027,26.332
35301,0.057,-0.546,10.074,-0.012,0.005,-0.027,26.332
35311,0.072,-0.546,10.083,-0.012,0.006,-0.027,26.309
35321,0.048,-0.522,10.059,-0.012,0.006,-0.027,26.309
35331,0.057,-0.536,10.079,-0.012,0.005,-0.027,26.328
35341,0.067,-0.526,10.102,-0.013,0.005,-0.027,26.328
35351,0.062,-0.531,10.102,-0.013,0.006,-0.027,26.316
35361,0.062,-0.526,10.112,-0.012,0.006,-0.027,26.316
35371,0.086,-0.541,10.059,-0.012,0.006,-0.027,26.328
35381,0.072,-0.541,10.088,-0.012,0.006,-0.026,26.328
35391,0.081,-0.546,10.083,-0.012,0.005,-0.027,26.316
35401,0.086,-0.541,10.079,-0.012,0.005,-0.027,26.316
35411,0.072,-0.569,10.093,-0.012,0.006,-0.027,26.297
35421,0.086,-0.550,10.093,-0.012,0.005,-0.026,26.297
35431,0.086,-0.541,10.102,-0.012,0.006,-0.027,26.332
35441,0.062,-0.546,10.069,-0.012,0.006,-0.027,26.332
35451,0.072,-0.536,10.079,-0.012,0.006,-0.027,26.332
35461,0.057,-0.531,10.088,-0.012,0.006,-0.027,26.332
35471,0.057,-0.541,10.098,-0.013,0.006,-0.027,26.355
35481,0.067,-0.502,10.079,-0.012,0.006,-0.027,26.355
35491,0.072,-0.531,10.107,-0.011,0.006,-0.026,26.340
35501,0.091,-0.517,10.098,-0.012,0.007,-0.027,26.340
35511,0.081,-0.531,10.088,-0.011,0.006,-0.026,26.316
35521,0.096,-0.536,10.069,-0.011,0.006,-0.027,26.316
35531,0.086,-0.531,10.083,-0.011,0.005,-0.026,26.289
35541,0.067,-0.550,10.093,-0.011,0.006,-0.027,26.289
35551,0.038,-0.555,10.088,-0.012,0.006,-0.027,26.316
35561,0.057,-0.536,10.093,-0.012,0.006,-0.027,26.316
35571,0.048,-0.541,10.098,-0.012,0.006,-0.027,26.355
35581,0.067,-0.560,10.102,-0.011,0.006,-0.027,26.355
35591,0.072,-0.555,10.088,-0.011,0.006,-0.027,26.316
35601,0.067,-0.546,10.064,-0.011,0.006,-0.027,26.316
35611,0.057,-0.531,10.083,-0.012,0.006,-0.026,26.336
35621,0.077,-0.536,10.098,-0.012,0.006,-0.026,26.336
35631,0.081,-0.541,10.088,-0.012,0.006,-0.026,26.340
35641,0.062,-0.546,10.098,-0.012,0.006,-0.027,26.340
35651,0.086,-0.546,10.083,-0.012,0.005,-0.027,26.277
35661,0.067,-0.550,10.083,-0.013,0.005,-0.028,26.277
35671,0.062,-0.536,10.093,-0.011,0.006,-0.028,26.336
35681,0.062,-0.546,10.098,-0.012,0.005,-0.027,26.336
35691,0.053,-0.546,10.102,-0.012,0.006,-0.027,26.313
35701,0.072,-0.526,10.112,-0.012,0.006,-0.027,26.313
35711,0.067,-0.531,10.045,-0.012,0.007,-0.026,26.313
35721,0.062,-0.526,10.064,-0.012,0.006,-0.026,26.313
35731,0.110,-0.502,10.160,-0.012,0.002,-0.026,26.320
35741,0.096,-0.507,10.059,-0.012,0.007,-0.026,26.320
35751,0.091,-0.498,10.126,-0.011,0.005,-0.026,26.324
35761,0.067,-0.526,10.059,-0.012,0.009,-0.026,26.324
35771,0.048,-0.550,10.064,-0.012,0.006,-0.027,26.316
35781,0.053,-0.546,10.136,-0.012,0.006,-0.027,26.316
35791,0.029,-0.589,10.155,-0.013,0.004,-0.027,26.340
35801,0.019,-0.579,10.079,-0.012,0.007,-0.027,26.340
35811,0.043,-0.598,10.069,-0.011,0.009,-0.027,26.313
35821,0.057,-0.555,10.112,-0.011,0.006,-0.026,26.313
35831,0.077,-0.546,10.074,-0.011,0.006,-0.026,26.320
35841,0.096,-0.546,10.146,-0.012,0.004,-0.027,26.320
35851,0.091,-0.536,10.045,-0.013,0.006,-0.027,26.352
35861,0.077,-0.498,10.031,-0.012,0.007,-0.027,26.352
35871,0.086,-0.502,10.122,-0.011,0.004,-0.027,26.324
35881,0.096,-0.522,10.069,-0.012,0.005,-0.026,26.324
35891,0.072,-0.479,10.021,-0.012,0.007,-0.026,26.328
35901,0.086,-0.531,10.280,-0.011,0.002,-0.028,26.328
35911,0.024,-0.555,9.897,-0.017,0.007,-0.027,26.324
35921,0.038,-0.517,10.012,-0.009,0.011,-0.027,26.324
35931,0.077,-0.531,10.370,-0.007,0.004,-0.027,26.352
35941,0.086,-0.589,9.882,-0.018,0.001,-0.027,26.352
35951,0.062,-0.579,10.007,-0.010,0.011,-0.024,26.301
35961,0.096,-0.555,10.375,-0.009,0.000,-0.027,26.301
35971,0.067,-0.579,9.839,-0.018,0.005,-0.026,26.328
35981,0.072,-0.565,10.012,-0.007,0.015,-0.024,26.328
35991,0.086,-0.502,10.414,-0.009,0.000,-0.027,26.352
36001,0.062,-0.522,9.868,-0.020,0.001,-0.027,26.352
36011,0.043,-0.522,10.102,-0.007,0.012,-0.026,26.328
36021,0.029,-0.522,10.208,-0.012,0.004,-0.027,26.328
36031,0.057,-0.526,9.959,-0.015,0.005,-0.027,26.332
36041,0.053,-0.522,10.122,-0.007,0.011,-0.026,26.332
36051,0.081,-0.488,10.299,-0.012,-0.001,-0.027,26.324
36061,0.077,-0.531,9.925,-0.018,0.009,-0.026,26.324
36071,0.048,-0.550,9.968,-0.011,0.010,-0.028,26.293
36081,0.096,-0.546,10.232,-0.007,0.005,-0.027,26.293
36091,0.124,-0.569,9.992,-0.017,0.004,-0.027,26.332
36101,0.062,-0.550,10.117,-0.011,0.006,-0.026,26.332
36111,0.091,-0.593,10.208,-0.012,0.005,-0.026,26.332
36121,0.091,-0.560,9.921,-0.016,0.006,-0.026,26.332
36131,0.048,-0.536,10.126,-0.006,0.009,-0.027,26.332
36141,0.053,-0.512,10.126,-0.011,0.006,-0.026,26.332
36151,0.053,-0.526,10.016,-0.016,0.002,-0.026,26.305
36161,0.053,-0.522,10.155,-0.010,0.005,-0.027,26.305
36171,0.048,-0.493,10.117,-0.012,0.005,-0.027,26.293
36181,0.033,-0.512,10.035,-0.012,0.009,-0.026,26.293
36191,0.053,-0.502,10.131,-0.011,0.007,-0.027,26.316
36201,0.091,-0.536,10.083,-0.013,0.005,-0.028,26.316
36211,0.067,-0.550,10.055,-0.013,0.006,-0.027,26.352
36221,0.067,-0.555,10.169,-0.011,0.005,-0.027,26.352
36231,0.038,-0.560,10.069,-0.013,0.007,-0.028,26.316
36241,0.067,-0.579,9.983,-0.012,0.011,-0.027,26.316
36251,0.091,-0.550,10.107,-0.010,0.007,-0.027,26.328
36261,0.067,-0.546,10.083,-0.015,0.004,-0.026,26.328
36271,0.091,-0.541,10.107,-0.015,0.004,-0.026,26.340
36281,0.105,-0.517,10.098,-0.011,0.006,-0.026,26.340
36291,0.072,-0.512,10.055,-0.012,0.007,-0.026,26.320
36301,0.048,-0.526,10.031,-0.011,0.009,-0.026,26.320
36311,0.053,-0.536,10.141,-0.011,0.005,-0.027,26.320
36321,0.072,-0.526,10.083,-0.015,0.005,-0.027,26.320
36331,0.033,-0.550,10.093,-0.013,0.005,-0.027,26.367
36341,0.048,-0.550,10.107,-0.011,0.007,-0.027,26.367
36351,0.067,-0.555,10.069,-0.011,0.007,-0.027,26.297
36361,0.086,-0.531,10.093,-0.011,0.009,-0.027,26.379
36381,0.100,-0.531,10.098,-0.013,0.005,-0.026,26.332
36391,0.100,-0.541,10.083,-0.012,0.007,-0.026,26.332
36401,0.072,-0.517,10.083,-0.011,0.006,-0.027,26.359
36411,0.067,-0.531,10.069,-0.012,0.006,-0.027,26.359
36421,0.062,-0.536,10.098,-0.012,0.005,-0.028,26.348
36431,0.053,-0.546,10.112,-0.012,0.006,-0.027,26.348
36441,0.048,-0.546,10.112,-0.013,0.006,-0.027,26.336
36451,0.033,-0.550,10.102,-0.013,0.009,-0.027,26.336
36461,0.048,-0.550,10.079,-0.013,0.007,-0.026,26.324
36471,0.077,-0.560,10.079,-0.012,0.007,-0.027,26.324
36481,0.072,-0.555,10.064,-0.012,0.006,-0.026,26.383
36491,0.100,-0.531,10.079,-0.012,0.005,-0.026,26.383
36501,0.105,-0.526,10.093,-0.012,0.007,-0.026,26.332
36511,0.100,-0.531,10.098,-0.012,0.006,-0.027,26.332
36521,0.100,-0.522,10.098,-0.012,0.007,-0.026,26.359
36531,0.072,-0.517,10.079,-0.012,0.007,-0.027,26.359
36541,0.062,-0.512,10.093,-0.011,0.006,-0.027,26.355
36551,0.053,-0.526,10.083,-0.011,0.006,-0.027,26.355
36561,0.043,-0.536,10.098,-0.012,0.006,-0.027,26.367
36571,0.057,-0.526,10.088,-0.013,0.006,-0.027,26.367
36581,0.057,-0.536,10.079,-0.012,0.006,-0.027,26.332
36591,0.048,-0.555,10.102,-0.012,0.005,-0.027,26.332
36601,0.077,-0.531,10.107,-0.011,0.006,-0.027,26.297
36611,0.048,-0.469,10.160,-0.012,0.006,-0.027,26.297
36621,0.033,-0.560,10.160,-0.012,0.009,-0.029,26.375
36631,0.057,-0.613,10.050,-0.015,0.010,-0.028,26.375
36641,0.053,-0.622,9.954,-0.012,0.011,-0.028,26.328
36651,0.077,-0.627,9.983,-0.011,0.006,-0.026,26.328
36661,0.129,-0.603,10.131,-0.010,0.002,-0.024,26.344
36671,0.163,-0.541,10.141,-0.013,0.001,-0.024,26.344
36681,0.134,-0.512,10.155,-0.012,0.004,-0.024,26.363
36691,0.091,-0.464,10.055,-0.011,0.010,-0.024,26.363
36701,0.048,-0.445,10.021,-0.012,0.009,-0.026,26.328
36711,0.000,-0.459,10.031,-0.011,0.009,-0.027,26.328
36721,-0.029,-0.502,10.122,-0.012,0.002,-0.029,26.355
36731,-0.019,-0.541,10.169,-0.013,0.002,-0.029,26.355
36741,0.005,-0.589,10.174,-0.015,0.004,-0.029,26.332
36751,0.019,-0.579,10.069,-0.012,0.011,-0.027,26.332
36761,0.067,-0.584,10.059,-0.009,0.011,-0.026,26.367
36771,0.091,-0.569,10.035,-0.010,0.009,-0.024,26.367
36781,0.144,-0.555,10.026,-0.011,0.005,-0.024,26.336
36791,0.158,-0.546,10.069,-0.012,0.002,-0.024,26.336
36801,0.172,-0.541,10.083,-0.013,0.002,-0.026,26.313
36811,0.158,-0.531,10.083,-0.012,0.006,-0.026,26.313
36821,0.072,-0.531,10.083,-0.011,0.007,-0.027,26.332
36831,0.024,-0.526,10.093,-0.012,0.007,-0.028,26.332
36841,-0.043,-0.526,10.107,-0.013,0.005,-0.028,26.332
36851,-0.029,-0.541,10.102,-0.012,0.006,-0.028,26.332
36861,-0.010,-0.546,10.102,-0.012,0.006,-0.027,26.301
36871,0.014,-0.526,10.117,-0.011,0.007,-0.027,26.301
36881,0.062,-0.555,10.098,-0.011,0.007,-0.026,26.313
36891,0.081,-0.555,10.088,-0.012,0.006,-0.026,26.313
36901,0.139,-0.546,10.059,-0.012,0.006,-0.026,26.293
36911,0.144,-0.546,10.059,-0.012,0.005,-0.026,26.293
36921,0.124,-0.541,10.069,-0.012,0.006,-0.026,26.340
36931,0.115,-0.555,10.088,-0.012,0.006,-0.026,26.340
36941,0.091,-0.560,10.074,-0.012,0.006,-0.027,26.340
36951,0.062,-0.565,10.093,-0.013,0.006,-0.027,26.340
36961,0.010,-0.560,10.112,-0.013,0.005,-0.027,26.348
36971,0.029,-0.541,10.102,-0.013,0.006,-0.027,26.348
36981,0.014,-0.536,10.107,-0.012,0.005,-0.027,26.371
36991,0.053,-0.526,10.126,-0.012,0.006,-0.027,26.371
37001,0.053,-0.531,10.122,-0.012,0.005,-0.026,26.352
37011,0.057,-0.522,10.079,-0.012,0.005,-0.026,26.352
37021,0.067,-0.531,10.050,-0.011,0.006,-0.026,26.289
37031,0.105,-0.517,10.083,-0.012,0.006,-0.026,26.289
37041,0.077,-0.541,10.074,-0.012,0.006,-0.026,26.344
37051,0.086,-0.569,10.102,-0.012,0.006,-0.026,26.344
37061,0.100,-0.574,10.093,-0.013,0.005,-0.027,26.309
37071,0.057,-0.569,10.059,-0.012,0.006,-0.027,26.309
37081,0.057,-0.555,10.098,-0.011,0.006,-0.027,26.328
37091,0.053,-0.546,10.079,-0.012,0.006,-0.027,26.328
37101,0.053,-0.526,10.069,-0.013,0.006,-0.027,26.355
37111,0.043,-0.512,10.107,-0.012,0.006,-0.026,26.355
37121,0.057,-0.522,10.098,-0.012,0.004,-0.026,26.359
37131,0.062,-0.517,10.079,-0.012,0.006,-0.026,26.359
37141,0.057,-0.507,10.069,-0.012,0.006,-0.027,26.324
37151,0.062,-0.526,10.098,-0.012,0.005,-0.028,26.324
37161,0.100,-0.541,10.102,-0.011,0.004,-0.028,26.375
37171,0.100,-0.550,10.074,-0.013,0.005,-0.027,26.375
37181,0.086,-0.560,10.074,-0.012,0.006,-0.027,26.313
37191,0.096,-0.560,10.074,-0.013,0.006,-0.027,26.313
37201,0.057,-0.574,10.064,-0.013,0.006,-0.026,26.363
37211,0.053,-0.569,10.088,-0.012,0.005,-0.027,26.363
37221,0.043,-0.546,10.093,-0.012,0.004,-0.027,26.352
37231,0.057,-0.546,10.093,-0.011,0.005,-0.027,26.352
37241,0.038,-0.546,10.102,-0.012,0.005,-0.026,26.355
37251,0.038,-0.522,10.093,-0.012,0.005,-0.027,26.355
37261,0.029,-0.512,10.083,-0.011,0.006,-0.026,26.340
37271,0.038,-0.531,10.093,-0.012,0.005,-0.027,26.340
37281,0.038,-0.531,10.083,-0.013,0.005,-0.027,26.301
37291,0.067,-0.531,10.088,-0.012,0.005,-0.027,26.301
37301,0.096,-0.555,10.102,-0.012,0.006,-0.027,26.340
37311,0.091,-0.541,10.112,-0.013,0.007,-0.027,26.340
37321,0.100,-0.536,10.088,-0.012,0.007,-0.027,26.359
37331,0.105,-0.560,10.088,-0.013,0.006,-0.027,26.359
37341,0.091,-0.550,10.064,-0.013,0.006,-0.027,26.332
37351,0.067,-0.550,10.064,-0.012,0.006,-0.026,26.332
37361,0.072,-0.550,10.102,-0.012,0.005,-0.026,26.328
37371,0.048,-0.550,10.079,-0.012,0.005,-0.027,26.328
37381,0.048,-0.560,10.107,-0.012,0.005,-0.027,26.348
37391,0.057,-0.531,10.088,-0.012,0.005,-0.027,26.348
37401,0.067,-0.555,10.079,-0.012,0.005,-0.027,26.348
37411,0.081,-0.541,10.079,-0.011,0.005,-0.027,26.348
37421,0.077,-0.541,10.093,-0.011,0.005,-0.027,26.332
37431,0.086,-0.531,10.093,-0.012,0.005,-0.026,26.332
37441,0.086,-0.517,10.074,-0.012,0.004,-0.026,26.352
37451,0.067,-0.522,10.098,-0.012,0.005,-0.026,26.352
37461,0.091,-0.522,10.112,-0.011,0.005,-0.027,26.367
37471,0.072,-0.531,10.098,-0.012,0.005,-0.027,26.367
37481,0.062,-0.550,10.098,-0.012,0.005,-0.027,26.313
37491,0.072,-0.555,10.059,-0.012,0.006,-0.027,26.313
37501,0.019,-0.560,10.117,-0.012,0.005,-0.027,26.316
37511,0.024,-0.555,10.093,-0.012,0.006,-0.026,26.316
37521,0.024,-0.565,10.098,-0.011,0.006,-0.027,26.352
37531,0.029,-0.565,10.098,-0.012,0.006,-0.027,26.352
37541,0.077,-0.574,10.093,-0.012,0.006,-0.026,26.355
37551,0.086,-0.550,10.107,-0.012,0.006,-0.026,26.355
37561,0.091,-0.526,10.074,-0.012,0.006,-0.026,26.359
37571,0.077,-0.512,10.079,-0.012,0.006,-0.026,26.359
37581,0.105,-0.498,10.079,-0.012,0.006,-0.026,26.289
37591,0.081,-0.507,10.112,-0.012,0.006,-0.027,26.289
37601,0.053,-0.512,10.098,-0.013,0.006,-0.027,26.305
37611,0.077,-0.522,10.093,-0.013,0.006,-0.027,26.305
37631,0.053,-0.536,10.107,-0.012,0.006,-0.027,26.324
37641,0.077,-0.550,10.102,-0.012,0.006,-0.027,26.324
37651,0.077,-0.531,10.112,-0.012,0.007,-0.026,26.332
37661,0.062,-0.546,10.074,-0.012,0.007,-0.027,26.332
37671,0.024,-0.541,10.083,-0.011,0.006,-0.028,26.348
37681,0.062,-0.536,10.069,-0.012,0.009,-0.028,26.348
37691,0.043,-0.536,10.055,-0.013,0.006,-0.028,26.336
37701,0.081,-0.560,10.079,-0.012,0.005,-0.028,26.336
37711,0.091,-0.550,10.098,-0.012,0.004,-0.026,26.332
37721,0.120,-0.555,10.093,-0.012,0.005,-0.026,26.332
37731,0.115,-0.531,10.098,-0.012,0.006,-0.024,26.281
37741,0.148,-0.507,10.088,-0.011,0.006,-0.024,26.281
37751,0.120,-0.498,10.055,-0.012,0.006,-0.026,26.359
37761,0.077,-0.488,10.088,-0.012,0.005,-0.027,26.359
37771,0.057,-0.479,10.117,-0.012,0.004,-0.027,26.363
37781,0.033,-0.502,10.098,-0.012,0.005,-0.028,26.363
37791,0.010,-0.555,10.093,-0.013,0.005,-0.028,26.297
37801,-0.005,-0.574,10.107,-0.012,0.006,-0.028,26.297
37811,0.005,-0.579,10.079,-0.012,0.009,-0.027,26.340
37821,0.024,-0.593,10.069,-0.011,0.006,-0.027,26.340
37831,0.072,-0.593,10.074,-0.012,0.006,-0.026,26.344
37841,0.115,-0.560,10.079,-0.012,0.005,-0.024,26.344
37851,0.139,-0.546,10.098,-0.012,0.006,-0.024,26.340
37861,0.134,-0.526,10.083,-0.012,0.006,-0.024,26.340
37871,0.144,-0.517,10.083,-0.012,0.005,-0.026,26.359
37881,0.110,-0.502,10.112,-0.011,0.007,-0.026,26.359
37891,0.057,-0.483,10.102,-0.012,0.005,-0.027,26.332
37901,0.038,-0.488,10.102,-0.012,0.007,-0.027,26.332
37911,0.010,-0.498,10.102,-0.013,0.006,-0.027,26.332
37921,-0.014,-0.531,10.098,-0.013,0.006,-0.028,26.332
37931,0.005,-0.546,10.083,-0.013,0.007,-0.028,26.340
37941,0.019,-0.560,10.093,-0.012,0.006,-0.027,26.340
37951,0.086,-0.579,10.088,-0.012,0.006,-0.027,26.313
37961,0.096,-0.574,10.098,-0.012,0.005,-0.026,26.313
37971,0.129,-0.560,10.064,-0.012,0.007,-0.024,26.367
37981,0.124,-0.579,10.055,-0.012,0.006,-0.024,26.367
37991,0.105,-0.584,10.055,-0.012,0.007,-0.026,26.348
38001,0.096,-0.550,10.064,-0.012,0.006,-0.026,26.348
38011,0.081,-0.555,10.093,-0.012,0.006,-0.027,26.344
38021,0.067,-0.531,10.074,-0.012,0.005,-0.026,26.344
38031,0.048,-0.522,10.112,-0.012,0.006,-0.028,26.355
38041,0.029,-0.507,10.102,-0.011,0.006,-0.028,26.355
38051,0.019,-0.507,10.093,-0.012,0.006,-0.027,26.340
38061,0.033,-0.502,10.088,-0.012,0.005,-0.027,26.340
38071,0.057,-0.526,10.079,-0.011,0.005,-0.027,26.336
38081,0.086,-0.522,10.165,-0.011,0.004,-0.027,26.336
38091,0.096,-0.536,10.117,-0.012,0.007,-0.027,26.328
38101,0.086,-0.546,10.069,-0.012,0.007,-0.026,26.328
38111,0.081,-0.541,10.064,-0.011,0.009,-0.026,26.328
38121,0.057,-0.565,10.059,-0.012,0.005,-0.027,26.328
38131,0.072,-0.560,10.059,-0.012,0.005,-0.026,26.332
38141,0.057,-0.569,10.098,-0.011,0.004,-0.028,26.332
38151,0.062,-0.574,10.098,-0.012,0.005,-0.027,26.375
38161,0.048,-0.555,10.102,-0.011,0.007,-0.027,26.375
38171,0.048,-0.546,10.079,-0.011,0.007,-0.027,26.340
38181,0.053,-0.507,10.093,-0.012,0.006,-0.026,26.340
38191,0.043,-0.531,10.098,-0.011,0.005,-0.026,26.324
38201,0.072,-0.536,10.088,-0.012,0.005,-0.026,26.324
38211,0.067,-0.541,10.107,-0.012,0.006,-0.026,26.348
38221,0.086,-0.517,10.102,-0.011,0.006,-0.027,26.348
38231,0.096,-0.507,10.107,-0.011,0.007,-0.027,26.305
38241,0.096,-0.536,10.083,-0.012,0.006,-0.027,26.305
38251,0.100,-0.536,10.107,-0.013,0.007,-0.027,26.355
38261,0.077,-0.555,10.102,-0.013,0.006,-0.027,26.355
38271,0.062,-0.555,10.083,-0.012,0.007,-0.027,26.359
38281,0.062,-0.541,10.055,-0.012,0.009,-0.027,26.359
38291,0.038,-0.555,10.079,-0.011,0.006,-0.027,26.379
38301,0.048,-0.541,10.098,-0.012,0.005,-0.027,26.379
38311,0.043,-0.536,10.107,-0.012,0.005,-0.026,26.355
38321,0.062,-0.541,10.126,-0.012,0.006,-0.026,26.355
38331,0.072,-0.526,10.112,-0.013,0.007,-0.026,26.344
38341,0.062,-0.517,10.064,-0.012,0.007,-0.027,26.344
38351,0.062,-0.526,10.050,-0.013,0.007,-0.027,26.316
38361,0.077,-0.526,10.093,-0.012,0.006,-0.027,26.316
38371,0.072,-0.531,10.093,-0.013,0.005,-0.027,26.305
38381,0.062,-0.546,10.083,-0.013,0.005,-0.027,26.305
38391,0.072,-0.565,10.093,-0.011,0.006,-0.027,26.328
38401,0.072,-0.555,10.102,-0.012,0.007,-0.026,26.328
38411,0.081,-0.569,10.093,-0.012,0.007,-0.026,26.332
38421,0.077,-0.550,10.093,-0.012,0.006,-0.026,26.332
38431,0.077,-0.541,10.064,-0.012,0.006,-0.027,26.340
38441,0.072,-0.531,10.088,-0.012,0.006,-0.027,26.340
38451,0.062,-0.522,10.088,-0.012,0.006,-0.027,26.332
38461,0.072,-0.517,10.112,-0.012,0.006,-0.027,26.332
38471,0.038,-0.560,10.059,-0.012,0.006,-0.027,26.332
38481,0.048,-0.560,10.088,-0.013,0.007,-0.028,26.332
38491,0.062,-0.541,10.083,-0.012,0.007,-0.026,26.348
38501,0.067,-0.550,10.083,-0.012,0.007,-0.026,26.348
38511,0.081,-0.560,10.083,-0.012,0.005,-0.026,26.316
38521,0.086,-0.565,10.093,-0.012,0.006,-0.026,26.316
38531,0.110,-0.560,10.088,-0.013,0.006,-0.026,26.367
38541,0.086,-0.546,10.069,-0.012,0.006,-0.026,26.367
38551,0.077,-0.526,10.050,-0.011,0.006,-0.027,26.324
38561,0.077,-0.536,10.079,-0.012,0.006,-0.027,26.324
38571,0.048,-0.531,10.102,-0.012,0.005,-0.027,26.355
38581,0.062,-0.536,10.126,-0.012,0.005,-0.027,26.355
38591,0.067,-0.517,10.098,-0.012,0.005,-0.027,26.340
38601,0.043,-0.531,10.107,-0.012,0.006,-0.027,26.340
38611,0.053,-0.536,10.079,-0.012,0.009,-0.027,26.332
38621,0.077,-0.531,10.064,-0.012,0.006,-0.026,26.332
38631,0.062,-0.522,10.069,-0.012,0.006,-0.027,26.316
38641,0.096,-0.550,10.074,-0.012,0.005,-0.027,26.316
38651,0.105,-0.531,10.083,-0.012,0.005,-0.027,26.324
38661,0.105,-0.550,10.079,-0.012,0.005,-0.026,26.324
38671,0.081,-0.555,10.064,-0.011,0.007,-0.027,26.309
38681,0.096,-0.550,10.117,-0.012,0.005,-0.027,26.309
38691,0.062,-0.546,10.146,-0.012,0.006,-0.027,26.277
38701,0.033,-0.555,10.069,-0.013,0.006,-0.027,26.277
38711,0.019,-0.565,10.045,-0.012,0.007,-0.027,26.293
38721,0.029,-0.536,10.069,-0.012,0.006,-0.027,26.293
38731,0.057,-0.565,10.126,-0.011,0.005,-0.027,26.313
38741,0.057,-0.550,10.112,-0.012,0.006,-0.026,26.313
38751,0.062,-0.541,10.088,-0.012,0.006,-0.026,26.313
38761,0.077,-0.550,10.055,-0.011,0.007,-0.026,26.313
38771,0.086,-0.507,10.074,-0.010,0.007,-0.027,26.332
38781,0.072,-0.522,10.117,-0.012,0.006,-0.026,26.332
38791,0.110,-0.507,10.088,-0.011,0.006,-0.027,26.316
38801,0.091,-0.502,10.074,-0.012,0.006,-0.026,26.316
38811,0.081,-0.522,10.064,-0.013,0.006,-0.027,26.332
38821,0.057,-0.541,10.083,-0.011,0.007,-0.026,26.332
38831,0.038,-0.526,10.122,-0.012,0.005,-0.027,26.355
38841,0.062,-0.560,10.088,-0.012,0.006,-0.026,26.355
38851,0.043,-0.574,10.088,-0.012,0.005,-0.027,26.328
38861,0.038,-0.579,10.083,-0.012,0.006,-0.027,26.328
38881,0.053,-0.565,10.102,-0.013,0.006,-0.027,26.309
38891,0.077,-0.565,10.069,-0.012,0.006,-0.026,26.309
38901,0.062,-0.531,10.069,-0.012,0.006,-0.027,26.289
38911,0.077,-0.531,10.074,-0.012,0.006,-0.027,26.289
38921,0.081,-0.507,10.093,-0.012,0.006,-0.027,26.332
38931,0.086,-0.507,10.102,-0.012,0.006,-0.027,26.332
38941,0.091,-0.507,10.079,-0.013,0.006,-0.026,26.359
38951,0.096,-0.522,10.083,-0.012,0.006,-0.028,26.359
38961,0.067,-0.522,10.083,-0.012,0.006,-0.027,26.340
38971,0.072,-0.526,10.074,-0.012,0.005,-0.027,26.340
38981,0.077,-0.536,10.107,-0.012,0.005,-0.027,26.344
38991,0.072,-0.550,10.102,-0.012,0.005,-0.026,26.344
39001,0.048,-0.560,10.074,-0.012,0.005,-0.026,26.316
39011,0.053,-0.560,10.083,-0.012,0.006,-0.026,26.316
39021,0.072,-0.565,10.102,-0.012,0.006,-0.027,26.309
39031,0.057,-0.589,10.079,-0.013,0.006,-0.026,26.309
39041,0.033,-0.584,10.074,-0.012,0.006,-0.027,26.332
39051,0.048,-0.565,10.083,-0.012,0.005,-0.027,26.332
39061,0.072,-0.569,10.083,-0.012,0.006,-0.026,26.348
39071,0.062,-0.555,10.117,-0.012,0.005,-0.027,26.348
39081,0.067,-0.536,10.117,-0.012,0.006,-0.027,26.297
39091,0.077,-0.531,10.083,-0.012,0.006,-0.026,26.297
39101,0.057,-0.517,10.031,-0.012,0.007,-0.027,26.316
39111,0.057,-0.517,10.083,-0.012,0.006,-0.027,26.316
39121,0.081,-0.526,10.112,-0.012,0.005,-0.027,26.355
39131,0.072,-0.531,10.122,-0.012,0.005,-0.027,26.355
39141,0.062,-0.550,10.102,-0.013,0.006,-0.027,26.355
39151,0.081,-0.536,10.079,-0.012,0.009,-0.027,26.355
39161,0.053,-0.546,10.069,-0.012,0.009,-0.027,26.297
39171,0.077,-0.560,10.069,-0.012,0.007,-0.027,26.297
39181,0.057,-0.574,10.098,-0.012,0.006,-0.027,26.332
39191,0.077,-0.565,10.093,-0.013,0.005,-0.026,26.332
39201,0.077,-0.550,10.074,-0.012,0.006,-0.026,26.316
39211,0.072,-0.536,10.098,-0.012,0.006,-0.027,26.316
39221,0.081,-0.546,10.079,-0.012,0.007,-0.027,26.371
39231,0.067,-0.526,10.102,-0.011,0.006,-0.027,26.371
39241,0.077,-0.531,10.074,-0.012,0.005,-0.027,26.332
39251,0.081,-0.526,10.117,-0.011,0.005,-0.027,26.332
39261,0.081,-0.531,10.069,-0.012,0.007,-0.027,26.340
39271,0.072,-0.531,10.059,-0.012,0.006,-0.027,26.340
39281,0.081,-0.531,10.083,-0.012,0.006,-0.026,26.293
39291,0.081,-0.536,10.083,-0.012,0.005,-0.026,26.293
39301,0.096,-0.531,10.093,-0.013,0.005,-0.027,26.313
39311,0.086,-0.550,10.088,-0.012,0.006,-0.027,26.313
39321,0.077,-0.550,10.093,-0.012,0.007,-0.026,26.328
39331,0.077,-0.531,10.069,-0.012,0.007,-0.027,26.328
39341,0.038,-0.531,10.055,-0.011,0.006,-0.027,26.332
39351,0.048,-0.555,10.074,-0.013,0.006,-0.027,26.332
39361,0.043,-0.560,10.083,-0.012,0.006,-0.026,26.281
39371,0.043,-0.550,10.093,-0.012,0.007,-0.027,26.281
39381,0.053,-0.541,10.098,-0.012,0.007,-0.027,26.293
39391,0.086,-0.546,10.093,-0.012,0.006,-0.027,26.293
39401,0.081,-0.531,10.083,-0.013,0.007,-0.026,26.332
39411,0.072,-0.526,10.088,-0.012,0.006,-0.027,26.332
39421,0.086,-0.517,10.055,-0.011,0.006,-0.027,26.340
39431,0.105,-0.522,10.064,-0.012,0.006,-0.027,26.340
39441,0.096,-0.522,10.069,-0.012,0.006,-0.026,26.309
39451,0.077,-0.546,10.098,-0.012,0.006,-0.027,26.309
39461,0.077,-0.536,10.093,-0.012,0.005,-0.027,26.305
39471,0.057,-0.536,10.079,-0.011,0.005,-0.026,26.305
39481,0.067,-0.546,10.083,-0.012,0.006,-0.026,26.344
39491,0.043,-0.569,10.088,-0.012,0.006,-0.027,26.344
39501,0.053,-0.560,10.079,-0.012,0.006,-0.027,26.328
39511,0.062,-0.555,10.102,-0.012,0.006,-0.027,26.328
39521,0.057,-0.541,10.083,-0.012,0.006,-0.026,26.297
39531,0.067,-0.550,10.088,-0.012,0.006,-0.027,26.297
39541,0.053,-0.550,10.083,-0.013,0.006,-0.027,26.305
39551,0.096,-0.550,10.074,-0.013,0.006,-0.026,26.305
39561,0.091,-0.536,10.122,-0.013,0.006,-0.027,26.332
39571,0.100,-0.550,10.098,-0.012,0.006,-0.027,26.332
39581,0.086,-0.512,10.079,-0.012,0.007,-0.027,26.281
39591,0.077,-0.512,10.074,-0.012,0.006,-0.026,26.281
39601,0.077,-0.531,10.093,-0.011,0.006,-0.026,26.316
39611,0.057,-0.522,10.074,-0.012,0.007,-0.026,26.316
39621,0.053,-0.526,10.079,-0.012,0.006,-0.026,26.301
39631,0.062,-0.531,10.079,-0.012,0.005,-0.026,26.301
39641,0.081,-0.550,10.083,-0.012,0.006,-0.026,26.301
39651,0.091,-0.536,10.064,-0.013,0.006,-0.027,26.301
39661,0.077,-0.560,10.083,-0.012,0.006,-0.027,26.320
39671,0.057,-0.541,10.093,-0.012,0.005,-0.027,26.320
39681,0.048,-0.574,10.088,-0.012,0.006,-0.027,26.313
39691,0.053,-0.555,10.131,-0.012,0.005,-0.027,26.313
39701,0.053,-0.579,10.093,-0.011,0.006,-0.027,26.258
39711,0.038,-0.546,10.083,-0.012,0.006,-0.027,26.258
39721,0.053,-0.541,10.098,-0.011,0.006,-0.027,26.340
39731,0.048,-0.517,10.069,-0.012,0.007,-0.027,26.340
39741,0.062,-0.541,10.074,-0.012,0.005,-0.027,26.273
39751,0.072,-0.517,10.102,-0.013,0.005,-0.027,26.273
39761,0.105,-0.498,10.107,-0.012,0.006,-0.026,26.309
39771,0.086,-0.502,10.064,-0.012,0.007,-0.026,26.309
39781,0.072,-0.531,10.074,-0.012,0.006,-0.026,26.328
39791,0.096,-0.512,10.107,-0.012,0.006,-0.028,26.328
39801,0.062,-0.536,10.112,-0.012,0.006,-0.027,26.344
39811,0.062,-0.569,10.074,-0.012,0.007,-0.027,26.344
39821,0.043,-0.569,10.069,-0.012,0.006,-0.027,26.328
39831,0.029,-0.555,10.079,-0.012,0.006,-0.027,26.328
39841,0.048,-0.550,10.093,-0.012,0.005,-0.027,26.355
39851,0.053,-0.560,10.079,-0.012,0.006,-0.027,26.355
39861,0.072,-0.560,10.098,-0.013,0.006,-0.026,26.340
39871,0.086,-0.531,10.098,-0.011,0.006,-0.026,26.340
39881,0.053,-0.546,10.088,-0.012,0.006,-0.026,26.293
39891,0.067,-0.541,10.074,-0.013,0.006,-0.027,26.293
39901,0.077,-0.526,10.102,-0.013,0.006,-0.027,26.289
39911,0.067,-0.512,10.074,-0.013,0.005,-0.027,26.289
39921,0.067,-0.512,10.088,-0.012,0.006,-0.027,26.340
39931,0.057,-0.498,10.102,-0.012,0.006,-0.027,26.340
39941,0.057,-0.502,10.088,-0.012,0.006,-0.027,26.344
39951,0.072,-0.526,10.088,-0.012,0.006,-0.027,26.344
39961,0.067,-0.517,10.093,-0.012,0.006,-0.027,26.324
39971,0.086,-0.522,10.122,-0.012,0.005,-0.027,26.324
39981,0.062,-0.541,10.126,-0.012,0.006,-0.027,26.328
39991,0.048,-0.555,10.045,-0.011,0.009,-0.028,26.328
40001,0.019,-0.550,10.012,-0.012,0.007,-0.027,26.359
40011,0.038,-0.579,10.079,-0.013,0.004,-0.027,26.359
40021,0.091,-0.584,10.117,-0.012,0.002,-0.027,26.309
40031,0.105,-0.574,10.169,-0.013,0.002,-0.027,26.309
40041,0.100,-0.541,10.122,-0.012,0.007,-0.026,26.332
40051,0.081,-0.541,10.031,-0.011,0.010,-0.026,26.332
40061,0.057,-0.507,10.002,-0.010,0.010,-0.026,26.293
40071,0.053,-0.498,10.079,-0.010,0.005,-0.026,26.293
40081,0.067,-0.517,10.112,-0.013,0.001,-0.027,26.332
40091,0.067,-0.507,10.131,-0.012,0.002,-0.027,26.332
40101,0.038,-0.522,10.107,-0.011,0.006,-0.028,26.328
40111,0.048,-0.531,10.088,-0.011,0.007,-0.027,26.328
40121,0.057,-0.507,10.079,-0.011,0.009,-0.026,26.363
40131,0.062,-0.526,10.079,-0.012,0.006,-0.026,26.363
40141,0.062,-0.536,10.083,-0.012,0.005,-0.027,26.332
40151,0.081,-0.565,10.069,-0.012,0.005,-0.027,26.332
40161,0.091,-0.541,10.083,-0.011,0.006,-0.027,26.332
40171,0.086,-0.555,10.098,-0.012,0.006,-0.026,26.332
40181,0.072,-0.550,10.102,-0.011,0.006,-0.026,26.352
40201,0.043,-0.536,10.083,-0.013,0.006,-0.027,26.336
40211,0.043,-0.546,10.083,-0.012,0.007,-0.027,26.340
40221,0.057,-0.522,10.079,-0.011,0.006,-0.026,26.340
40231,0.038,-0.526,10.079,-0.012,0.006,-0.027,26.348
40241,0.077,-0.522,10.112,-0.012,0.005,-0.027,26.348
40251,0.062,-0.512,10.083,-0.010,0.005,-0.026,26.344
40261,0.053,-0.522,10.055,-0.011,0.007,-0.027,26.344
40271,0.057,-0.526,10.098,-0.011,0.006,-0.027,26.348
40281,0.067,-0.546,10.079,-0.011,0.006,-0.027,26.348
40291,0.086,-0.541,10.088,-0.011,0.005,-0.027,26.348
40301,0.100,-0.536,10.059,-0.012,0.006,-0.028,26.348
40311,0.077,-0.555,10.069,-0.012,0.006,-0.027,26.336
40321,0.072,-0.546,10.074,-0.012,0.006,-0.027,26.336
40331,0.096,-0.550,10.083,-0.012,0.006,-0.027,26.332
40341,0.067,-0.526,10.088,-0.011,0.005,-0.027,26.332
40351,0.062,-0.550,10.083,-0.012,0.005,-0.027,26.328
40361,0.062,-0.512,10.074,-0.012,0.006,-0.026,26.328
40371,0.062,-0.526,10.093,-0.012,0.006,-0.026,26.328
40381,0.091,-0.507,10.079,-0.012,0.006,-0.026,26.328
40391,0.072,-0.488,10.074,-0.012,0.006,-0.026,26.363
40401,0.091,-0.507,10.102,-0.012,0.005,-0.027,26.363
40411,0.062,-0.526,10.112,-0.013,0.006,-0.026,26.383
40421,0.091,-0.555,10.083,-0.012,0.006,-0.027,26.383
40431,0.062,-0.569,10.102,-0.012,0.006,-0.027,26.359
40441,0.077,-0.574,10.112,-0.011,0.006,-0.027,26.359
40451,0.072,-0.555,10.083,-0.011,0.006,-0.026,26.320
40461,0.081,-0.569,10.069,-0.012,0.004,-0.026,26.320
40471,0.062,-0.560,10.079,-0.011,0.007,-0.026,26.348
40481,0.081,-0.536,10.088,-0.012,0.004,-0.026,26.348
40491,0.086,-0.536,10.088,-0.012,0.006,-0.027,26.316
40501,0.072,-0.531,10.093,-0.012,0.004,-0.027,26.316
40511,0.077,-0.531,10.131,-0.012,0.005,-0.027,26.340
40521,0.081,-0.526,10.093,-0.012,0.006,-0.028,26.340
40531,0.057,-0.522,10.079,-0.011,0.006,-0.028,26.352
40541,0.062,-0.512,10.064,-0.011,0.006,-0.027,26.352
40551,0.062,-0.531,10.102,-0.011,0.006,-0.027,26.348
40561,0.091,-0.507,10.083,-0.012,0.005,-0.026,26.348
40571,0.067,-0.536,10.098,-0.012,0.004,-0.027,26.359
40581,0.096,-0.555,10.098,-0.012,0.005,-0.028,26.359
40591,0.091,-0.565,10.079,-0.011,0.006,-0.027,26.340
40601,0.100,-0.574,10.064,-0.011,0.006,-0.027,26.340
40611,0.072,-0.555,10.088,-0.011,0.005,-0.027,26.359
40621,0.067,-0.550,10.102,-0.011,0.005,-0.027,26.359
40631,0.057,-0.584,10.102,-0.011,0.004,-0.027,26.375
40641,0.048,-0.560,10.083,-0.012,0.005,-0.027,26.375
40651,0.043,-0.536,10.098,-0.011,0.005,-0.027,26.375
40661,0.081,-0.555,10.112,-0.010,0.004,-0.027,26.375
40671,0.086,-0.522,10.079,-0.011,0.006,-0.028,26.340
40681,0.091,-0.522,10.093,-0.010,0.006,-0.028,26.340
40691,0.081,-0.526,10.088,-0.010,0.006,-0.028,26.352
40701,0.067,-0.507,10.055,-0.011,0.005,-0.027,26.352
40711,0.096,-0.517,10.102,-0.011,0.004,-0.028,26.324
40721,0.086,-0.512,10.102,-0.011,0.004,-0.028,26.324
40731,0.096,-0.512,10.098,-0.011,0.004,-0.027,26.371
40741,0.067,-0.517,10.083,-0.011,0.005,-0.028,26.371
40751,0.077,-0.512,10.069,-0.010,0.006,-0.028,26.320
40761,0.091,-0.507,10.088,-0.010,0.006,-0.028,26.320
40771,0.081,-0.522,10.098,-0.012,0.005,-0.028,26.328
40781,0.062,-0.526,10.064,-0.011,0.005,-0.027,26.328
40791,0.072,-0.550,10.055,-0.011,0.005,-0.027,26.379
40801,0.057,-0.550,10.069,-0.010,0.004,-0.026,26.379
40811,0.067,-0.569,10.107,-0.011,0.004,-0.027,26.367
40821,0.067,-0.565,10.079,-0.011,0.005,-0.028,26.367
40831,0.062,-0.560,10.093,-0.012,0.002,-0.028,26.328
40841,0.062,-0.536,10.126,-0.012,0.004,-0.027,26.328
40851,0.033,-0.531,10.074,-0.011,0.006,-0.027,26.344
40861,0.067,-0.550,10.098,-0.011,0.004,-0.028,26.344
40871,0.077,-0.526,10.102,-0.012,0.005,-0.027,26.371
40881,0.100,-0.522,10.122,-0.012,0.006,-0.027,26.371
40891,0.110,-0.498,10.102,-0.012,0.006,-0.027,26.379
40901,0.105,-0.493,10.102,-0.012,0.006,-0.026,26.379
40911,0.096,-0.512,10.083,-0.012,0.006,-0.026,26.379
40921,0.096,-0.517,10.069,-0.012,0.005,-0.027,26.379
40931,0.086,-0.546,10.093,-0.012,0.005,-0.028,26.359
40941,0.077,-0.560,10.088,-0.011,0.005,-0.027,26.359
40951,0.067,-0.569,10.083,-0.012,0.005,-0.028,26.328
40961,0.053,-0.593,10.074,-0.012,0.005,-0.028,26.328
40971,0.038,-0.598,10.083,-0.011,0.005,-0.027,26.316
40981,0.057,-0.574,10.093,-0.012,0.007,-0.027,26.316
40991,0.043,-0.560,10.074,-0.012,0.005,-0.026,26.348
41001,0.077,-0.536,10.088,-0.012,0.007,-0.026,26.348
41011,0.081,-0.517,10.079,-0.012,0.006,-0.027,26.383
41021,0.105,-0.498,10.079,-0.012,0.005,-0.027,26.383
41031,0.096,-0.483,10.117,-0.012,0.006,-0.027,26.363
41041,0.072,-0.498,10.112,-0.011,0.006,-0.027,26.363
41051,0.100,-0.493,10.136,-0.013,0.006,-0.027,26.379
41061,0.077,-0.507,10.093,-0.012,0.007,-0.028,26.379
41071,0.057,-0.507,10.040,-0.011,0.007,-0.028,26.336
41081,0.057,-0.531,10.055,-0.012,0.005,-0.027,26.336
41091,0.062,-0.526,10.079,-0.012,0.006,-0.028,26.371
41101,0.077,-0.565,10.098,-0.013,0.005,-0.027,26.371
41111,0.072,-0.560,10.107,-0.012,0.006,-0.026,26.332
41121,0.091,-0.560,10.083,-0.012,0.006,-0.027,26.332
41131,0.081,-0.569,10.055,-0.012,0.010,-0.026,26.375
41141,0.096,-0.550,10.083,-0.012,0.006,-0.026,26.375
41151,0.100,-0.536,10.093,-0.012,0.006,-0.026,26.367
41161,0.081,-0.541,10.112,-0.012,0.005,-0.027,26.367
41171,0.086,-0.517,10.069,-0.012,0.004,-0.027,26.332
41181,0.077,-0.531,10.088,-0.012,0.005,-0.027,26.332
41191,0.048,-0.498,10.093,-0.012,0.007,-0.026,26.332
41201,0.053,-0.502,10.074,-0.011,0.006,-0.027,26.332
41211,0.086,-0.512,10.112,-0.011,0.005,-0.027,26.332
41221,0.086,-0.526,10.093,-0.012,0.006,-0.027,26.332
41231,0.062,-0.507,10.093,-0.012,0.006,-0.026,26.348
41241,0.091,-0.512,10.102,-0.012,0.007,-0.026,26.348
41251,0.096,-0.512,10.098,-0.012,0.006,-0.027,26.332
41261,0.081,-0.517,10.079,-0.011,0.007,-0.027,26.332
41271,0.081,-0.531,10.074,-0.012,0.005,-0.027,26.367
41281,0.077,-0.546,10.102,-0.012,0.005,-0.027,26.367
41291,0.067,-0.550,10.098,-0.011,0.005,-0.027,26.313
41301,0.048,-0.555,10.107,-0.012,0.006,-0.027,26.313
41311,0.048,-0.569,10.098,-0.012,0.006,-0.027,26.332
41321,0.057,-0.550,10.088,-0.013,0.006,-0.026,26.332
41331,0.048,-0.541,10.093,-0.012,0.006,-0.027,26.344
41341,0.062,-0.531,10.107,-0.012,0.006,-0.027,26.344
41351,0.081,-0.522,10.035,-0.012,0.007,-0.026,26.316
41361,0.086,-0.522,10.160,-0.011,0.006,-0.027,26.316
41371,0.100,-0.526,10.117,-0.012,0.009,-0.026,26.359
41381,0.067,-0.517,10.055,-0.012,0.007,-0.027,26.359
41391,0.100,-0.536,10.026,-0.013,0.002,-0.027,26.328
41401,0.105,-0.522,10.136,-0.011,0.010,-0.026,26.328
41411,0.086,-0.502,10.069,-0.012,0.002,-0.027,26.328
41421,0.072,-0.493,10.016,-0.012,0.009,-0.027,26.328
41431,0.077,-0.512,10.198,-0.012,0.005,-0.028,26.336
41441,0.053,-0.502,10.107,-0.012,0.009,-0.027,26.336
41451,0.043,-0.507,10.055,-0.013,0.004,-0.027,26.344
41461,0.038,-0.536,10.107,-0.011,0.010,-0.027,26.344
41471,0.043,-0.536,10.069,-0.012,0.002,-0.028,26.344
41481,0.077,-0.574,10.102,-0.012,0.007,-0.027,26.344
41501,0.086,-0.550,10.079,-0.012,0.004,-0.028,26.328
41511,0.100,-0.555,10.074,-0.011,0.007,-0.026,26.328
41521,0.100,-0.574,10.079,-0.012,0.006,-0.026,26.336
41531,0.081,-0.541,10.079,-0.012,0.006,-0.027,26.336
41541,0.067,-0.526,10.131,-0.012,0.005,-0.027,26.359
41551,0.072,-0.531,10.074,-0.013,0.007,-0.027,26.359
41561,0.043,-0.517,10.122,-0.012,0.005,-0.026,26.363
41571,0.029,-0.507,10.107,-0.013,0.005,-0.027,26.363
41581,0.057,-0.507,10.064,-0.013,0.005,-0.027,26.301
41591,0.067,-0.522,10.107,-0.012,0.007,-0.027,26.301
41601,0.077,-0.512,10.083,-0.013,0.006,-0.027,26.348
41611,0.077,-0.536,10.098,-0.012,0.007,-0.027,26.348
41621,0.086,-0.546,10.079,-0.013,0.007,-0.027,26.324
41631,0.105,-0.550,10.102,-0.013,0.006,-0.027,26.324
41641,0.091,-0.546,10.055,-0.012,0.007,-0.027,26.332
41651,0.081,-0.565,10.083,-0.012,0.006,-0.027,26.332
41661,0.072,-0.536,10.079,-0.012,0.005,-0.027,26.328
41671,0.062,-0.555,10.093,-0.012,0.006,-0.027,26.328
41681,0.062,-0.546,10.083,-0.013,0.005,-0.027,26.332
41691,0.057,-0.555,10.112,-0.013,0.005,-0.028,26.332
41701,0.043,-0.517,10.102,-0.012,0.005,-0.027,26.320
41711,0.072,-0.507,10.117,-0.012,0.006,-0.027,26.320
41721,0.072,-0.526,10.098,-0.012,0.006,-0.027,26.328
41731,0.057,-0.526,10.098,-0.011,0.006,-0.027,26.328
41741,0.081,-0.531,10.074,-0.012,0.006,-0.027,26.336
41751,0.048,-0.536,10.083,-0.011,0.007,-0.027,26.336
41761,0.086,-0.531,10.083,-0.013,0.004,-0.027,26.387
41771,0.086,-0.565,10.083,-0.012,0.007,-0.027,26.387
41781,0.115,-0.546,10.088,-0.012,0.004,-0.028,26.340
41791,0.081,-0.546,10.122,-0.012,0.007,-0.027,26.340
41801,0.062,-0.555,10.064,-0.012,0.007,-0.027,26.367
41811,0.057,-0.531,10.079,-0.012,0.007,-0.027,26.367
41821,0.072,-0.536,10.093,-0.012,0.006,-0.027,26.313
41831,0.077,-0.531,10.112,-0.012,0.006,-0.026,26.313
41841,0.072,-0.526,10.093,-0.012,0.006,-0.026,26.359
41851,0.067,-0.512,10.112,-0.011,0.006,-0.026,26.359
41861,0.091,-0.512,10.093,-0.011,0.006,-0.026,26.375
41871,0.067,-0.493,10.079,-0.011,0.007,-0.027,26.375
41881,0.053,-0.517,10.098,-0.012,0.006,-0.027,26.332
41891,0.077,-0.507,10.093,-0.012,0.005,-0.027,26.332
41901,0.081,-0.522,10.102,-0.012,0.005,-0.027,26.332
41911,0.086,-0.541,10.102,-0.011,0.006,-0.027,26.332
41921,0.091,-0.569,10.088,-0.012,0.009,-0.027,26.363
41931,0.077,-0.565,10.074,-0.011,0.007,-0.027,26.363
41941,0.086,-0.555,10.050,-0.012,0.006,-0.027,26.379
41951,0.091,-0.536,10.083,-0.012,0.005,-0.026,26.379
41961,0.072,-0.555,10.102,-0.013,0.005,-0.027,26.352
41971,0.053,-0.555,10.098,-0.013,0.005,-0.027,26.352
41981,0.038,-0.546,10.107,-0.011,0.006,-0.026,26.332
41991,0.057,-0.526,10.093,-0.012,0.006,-0.026,26.332
42001,0.053,-0.522,10.112,-0.012,0.006,-0.027,26.352
42011,0.081,-0.531,10.102,-0.012,0.005,-0.027,26.352
42021,0.086,-0.507,10.088,-0.012,0.007,-0.026,26.383
42031,0.077,-0.498,10.074,-0.012,0.006,-0.027,26.383
42041,0.086,-0.479,10.083,-0.012,0.006,-0.027,26.332
42051,0.086,-0.502,10.069,-0.012,0.006,-0.026,26.332
42061,0.110,-0.531,10.088,-0.012,0.005,-0.027,26.355
42071,0.096,-0.555,10.102,-0.012,0.006,-0.026,26.355
42081,0.067,-0.536,10.074,-0.012,0.006,-0.026,26.340
42091,0.077,-0.579,10.074,-0.012,0.006,-0.027,26.340
42101,0.067,-0.555,10.088,-0.012,0.006,-0.027,26.359
42111,0.062,-0.579,10.074,-0.012,0.006,-0.026,26.359
42121,0.043,-0.574,10.074,-0.012,0.005,-0.027,26.387
42131,0.067,-0.555,10.083,-0.011,0.004,-0.027,26.387
42141,0.072,-0.565,10.146,-0.012,0.005,-0.027,26.332
42151,0.043,-0.531,10.131,-0.012,0.009,-0.026,26.332
42161,0.062,-0.522,10.059,-0.012,0.006,-0.027,26.348
42171,0.053,-0.522,10.064,-0.012,0.007,-0.027,26.348
42181,0.081,-0.507,10.098,-0.012,0.005,-0.028,26.316
42191,0.081,-0.526,10.102,-0.013,0.006,-0.028,26.316
42201,0.077,-0.526,10.098,-0.013,0.006,-0.028,26.402
42211,0.105,-0.517,10.093,-0.012,0.006,-0.027,26.402
42221,0.086,-0.531,10.079,-0.012,0.007,-0.027,26.348
42231,0.105,-0.536,10.079,-0.012,0.005,-0.027,26.348
42241,0.096,-0.541,10.079,-0.012,0.005,-0.026,26.332
42251,0.096,-0.526,10.146,-0.011,0.002,-0.027,26.332
42261,0.072,-0.536,10.107,-0.012,0.007,-0.026,26.328
42271,0.062,-0.502,10.074,-0.012,0.009,-0.027,26.328
42281,0.029,-0.517,10.079,-0.012,0.007,-0.027,26.328
42291,0.029,-0.522,10.074,-0.012,0.005,-0.027,26.328
42301,0.038,-0.526,10.088,-0.012,0.005,-0.027,26.309
42311,0.043,-0.526,10.083,-0.013,0.006,-0.027,26.309
42321,0.062,-0.536,10.107,-0.012,0.007,-0.027,26.344
42331,0.081,-0.522,10.107,-0.012,0.007,-0.027,26.344
42341,0.096,-0.517,10.098,-0.012,0.007,-0.027,26.344
42351,0.091,-0.536,10.074,-0.012,0.007,-0.026,26.344
42361,0.086,-0.536,10.069,-0.011,0.006,-0.026,26.332
42371,0.105,-0.546,10.079,-0.011,0.006,-0.027,26.332
42381,0.091,-0.546,10.064,-0.011,0.006,-0.026,26.320
42391,0.086,-0.541,10.074,-0.012,0.005,-0.027,26.320
42401,0.077,-0.546,10.083,-0.013,0.006,-0.026,26.293
42411,0.072,-0.526,10.098,-0.013,0.006,-0.027,26.293
42421,0.057,-0.546,10.093,-0.012,0.007,-0.027,26.336
42431,0.053,-0.536,10.069,-0.012,0.006,-0.027,26.336
42441,0.033,-0.541,10.088,-0.013,0.006,-0.027,26.340
42451,0.067,-0.541,10.102,-0.013,0.005,-0.027,26.340
42461,0.077,-0.555,10.098,-0.012,0.006,-0.027,26.328
42471,0.077,-0.541,10.088,-0.012,0.006,-0.027,26.328
42481,0.057,-0.531,10.088,-0.012,0.006,-0.027,26.355
42491,0.096,-0.522,10.098,-0.012,0.006,-0.026,26.355
42501,0.091,-0.517,10.074,-0.012,0.005,-0.028,26.355
42511,0.081,-0.498,10.083,-0.012,0.005,-0.027,26.355
42521,0.086,-0.522,10.079,-0.011,0.006,-0.026,26.328
42531,0.086,-0.498,10.079,-0.012,0.006,-0.026,26.328
42541,0.072,-0.488,10.083,-0.011,0.006,-0.027,26.340
42551,0.067,-0.502,10.083,-0.012,0.005,-0.027,26.340
42561,0.029,-0.531,10.093,-0.012,0.006,-0.027,26.316
42571,0.072,-0.531,10.074,-0.012,0.006,-0.027,26.316
42581,0.057,-0.522,10.088,-0.013,0.006,-0.027,26.336
42591,0.048,-0.555,10.088,-0.012,0.006,-0.027,26.336
42601,0.053,-0.546,10.074,-0.013,0.007,-0.027,26.332
42611,0.072,-0.550,10.083,-0.012,0.006,-0.026,26.332
42621,0.053,-0.574,10.093,-0.012,0.006,-0.026,26.379
42631,0.086,-0.560,10.083,-0.012,0.006,-0.026,26.379
42641,0.091,-0.550,10.102,-0.012,0.006,-0.026,26.336
42651,0.086,-0.546,10.083,-0.012,0.006,-0.027,26.336
42661,0.077,-0.565,10.069,-0.012,0.007,-0.026,26.359
42671,0.048,-0.550,10.064,-0.012,0.006,-0.027,26.359
42681,0.077,-0.541,10.074,-0.013,0.006,-0.027,26.348
42691,0.072,-0.512,10.088,-0.012,0.006,-0.027,26.348
42701,0.072,-0.522,10.069,-0.012,0.006,-0.026,26.305
42711,0.072,-0.522,10.088,-0.011,0.007,-0.027,26.305
42721,0.057,-0.507,10.112,-0.012,0.006,-0.027,26.332
42731,0.048,-0.517,10.122,-0.012,0.007,-0.027,26.332
42741,0.043,-0.541,10.093,-0.012,0.007,-0.027,26.367
42751,0.038,-0.531,10.083,-0.011,0.009,-0.027,26.367
42761,0.043,-0.541,10.064,-0.011,0.009,-0.027,26.348
42781,0.067,-0.550,10.117,-0.011,0.006,-0.027,26.340
42791,0.067,-0.522,10.098,-0.011,0.007,-0.026,26.320
42801,0.096,-0.526,10.074,-0.010,0.007,-0.026,26.320
42811,0.124,-0.517,10.093,-0.011,0.009,-0.027,26.355
42821,0.110,-0.502,10.059,-0.012,0.007,-0.027,26.355
42831,0.124,-0.502,10.031,-0.011,0.010,-0.027,26.387
42841,0.100,-0.541,10.146,-0.013,0.004,-0.028,26.387
42851,0.105,-0.560,10.112,-0.011,0.009,-0.027,26.328
42861,0.038,-0.565,10.016,-0.012,0.007,-0.027,26.328
42871,-0.010,-0.550,10.059,-0.013,0.009,-0.026,26.332
42881,0.000,-0.565,10.150,-0.012,0.006,-0.027,26.332
42891,0.005,-0.546,10.079,-0.012,0.006,-0.026,26.359
42901,0.033,-0.550,10.083,-0.013,0.007,-0.026,26.359
42911,0.067,-0.536,10.079,-0.012,0.004,-0.026,26.332
42921,0.062,-0.546,10.016,-0.010,0.010,-0.026,26.332
42931,0.105,-0.541,10.069,-0.013,0.001,-0.027,26.340
42941,0.105,-0.560,10.150,-0.012,0.004,-0.027,26.340
42951,0.134,-0.541,10.093,-0.012,0.005,-0.027,26.355
42961,0.100,-0.541,10.069,-0.013,0.007,-0.028,26.355
42971,0.067,-0.541,10.079,-0.012,0.009,-0.027,26.352
42981,0.038,-0.531,10.031,-0.011,0.007,-0.028,26.352
42991,0.057,-0.517,10.083,-0.012,0.005,-0.027,26.410
43001,0.053,-0.512,10.136,-0.013,0.002,-0.027,26.410
43011,0.062,-0.512,10.126,-0.013,0.005,-0.026,26.344
43021,0.081,-0.498,10.083,-0.012,0.007,-0.026,26.344
43031,0.072,-0.483,10.102,-0.011,0.007,-0.026,26.316
43041,0.057,-0.498,10.035,-0.012,0.009,-0.026,26.316
43051,0.057,-0.522,10.064,-0.013,0.005,-0.027,26.305
43061,0.081,-0.555,10.112,-0.013,0.004,-0.026,26.305
43071,0.077,-0.574,10.074,-0.012,0.006,-0.026,26.309
43081,0.091,-0.584,10.112,-0.012,0.005,-0.026,26.309
43091,0.096,-0.589,10.136,-0.013,0.005,-0.026,26.344
43101,0.077,-0.569,10.059,-0.011,0.009,-0.026,26.344
43111,0.048,-0.560,10.064,-0.012,0.006,-0.027,26.336
43121,0.048,-0.565,10.093,-0.012,0.005,-0.027,26.336
43131,0.000,-0.541,10.055,-0.012,0.006,-0.027,26.355
43141,0.014,-0.541,10.102,-0.012,0.005,-0.027,26.355
43151,0.043,-0.531,10.131,-0.012,0.004,-0.026,26.359
43161,0.081,-0.512,10.083,-0.012,0.006,-0.026,26.359
43171,0.086,-0.502,10.088,-0.011,0.006,-0.026,26.332
43181,0.134,-0.493,10.064,-0.012,0.006,-0.024,26.332
43191,0.129,-0.507,10.069,-0.012,0.006,-0.026,26.348
43201,0.124,-0.502,10.050,-0.012,0.005,-0.026,26.348
43211,0.100,-0.522,10.098,-0.012,0.005,-0.027,26.363
43221,0.086,-0.531,10.093,-0.013,0.005,-0.027,26.363
43231,0.067,-0.546,10.083,-0.013,0.005,-0.027,26.348
43241,0.029,-0.546,10.088,-0.012,0.006,-0.027,26.348
43251,-0.014,-0.579,10.088,-0.012,0.007,-0.028,26.355
43261,0.014,-0.555,10.093,-0.012,0.006,-0.028,26.355
43271,0.005,-0.565,10.102,-0.012,0.006,-0.027,26.328
43281,0.038,-0.522,10.093,-0.012,0.006,-0.026,26.328
43291,0.067,-0.531,10.083,-0.012,0.006,-0.026,26.355
43301,0.105,-0.522,10.098,-0.012,0.006,-0.027,26.355
43311,0.105,-0.507,10.064,-0.012,0.006,-0.027,26.332
43321,0.134,-0.493,10.064,-0.012,0.005,-0.027,26.332
43331,0.124,-0.502,10.079,-0.011,0.005,-0.027,26.367
43341,0.124,-0.502,10.088,-0.011,0.005,-0.027,26.367
43351,0.100,-0.526,10.098,-0.012,0.005,-0.027,26.355
43361,0.062,-0.522,10.093,-0.012,0.005,-0.027,26.355
43371,0.053,-0.550,10.088,-0.012,0.007,-0.026,26.379
43381,0.043,-0.541,10.079,-0.012,0.007,-0.026,26.379
43391,0.029,-0.541,10.088,-0.012,0.006,-0.027,26.402
43401,0.043,-0.569,10.093,-0.012,0.006,-0.027,26.402
43411,0.057,-0.541,10.102,-0.012,0.007,-0.027,26.371
43421,0.072,-0.550,10.074,-0.012,0.006,-0.027,26.371
43431,0.072,-0.550,10.069,-0.011,0.006,-0.027,26.328
43441,0.100,-0.555,10.093,-0.012,0.006,-0.027,26.328
43451,0.081,-0.541,10.059,-0.013,0.006,-0.027,26.320
43461,0.086,-0.541,10.093,-0.012,0.007,-0.027,26.320
43471,0.077,-0.536,10.098,-0.012,0.006,-0.027,26.379
43481,0.096,-0.502,10.102,-0.013,0.007,-0.026,26.379
43491,0.062,-0.517,10.083,-0.012,0.006,-0.027,26.344
43501,0.077,-0.517,10.079,-0.012,0.007,-0.027,26.344
43511,0.077,-0.507,10.088,-0.012,0.006,-0.026,26.367
43521,0.100,-0.502,10.102,-0.013,0.005,-0.027,26.367
43531,0.077,-0.507,10.074,-0.013,0.007,-0.026,26.324
43541,0.048,-0.550,10.093,-0.012,0.004,-0.027,26.324
43551,0.067,-0.560,10.102,-0.013,0.009,-0.028,26.324
43561,0.043,-0.555,10.069,-0.012,0.004,-0.027,26.324
43571,0.062,-0.569,10.117,-0.012,0.009,-0.028,26.359
43581,0.067,-0.550,10.074,-0.011,0.009,-0.027,26.359
43591,0.062,-0.555,10.074,-0.013,0.002,-0.028,26.332
43601,0.077,-0.536,10.098,-0.012,0.007,-0.028,26.332
43611,0.067,-0.536,10.117,-0.012,0.007,-0.027,26.324
43621,0.072,-0.502,10.083,-0.012,0.005,-0.026,26.324
43631,0.077,-0.512,10.112,-0.013,0.007,-0.027,26.332
43641,0.120,-0.488,10.064,-0.013,0.006,-0.027,26.332
43651,0.072,-0.488,10.050,-0.012,0.006,-0.028,26.289
43661,0.081,-0.502,10.122,-0.011,0.009,-0.028,26.289
43671,0.072,-0.517,10.059,-0.013,0.002,-0.028,26.328
43681,0.048,-0.526,10.107,-0.012,0.006,-0.028,26.328
43691,0.067,-0.555,10.088,-0.015,0.002,-0.027,26.328
43701,0.033,-0.560,10.064,-0.013,0.007,-0.028,26.328
43711,0.067,-0.598,10.083,-0.012,0.006,-0.027,26.320
43721,0.100,-0.579,10.112,-0.012,0.007,-0.026,26.320
43731,0.077,-0.584,10.031,-0.013,0.005,-0.026,26.289
43741,0.115,-0.560,10.098,-0.012,0.004,-0.027,26.289
43751,0.053,-0.569,10.093,-0.013,0.007,-0.026,26.340
43761,0.067,-0.522,10.083,-0.013,0.005,-0.026,26.340
43771,0.067,-0.531,10.093,-0.012,0.009,-0.027,26.332
43781,0.048,-0.507,10.093,-0.012,0.006,-0.027,26.332
43791,0.048,-0.512,10.102,-0.013,0.007,-0.027,26.355
43801,0.053,-0.502,10.093,-0.012,0.006,-0.027,26.355
43811,0.086,-0.502,10.055,-0.012,0.007,-0.027,26.344
43821,0.077,-0.502,10.093,-0.012,0.006,-0.027,26.344
43831,0.096,-0.517,10.074,-0.013,0.007,-0.027,26.363
43841,0.129,-0.531,10.059,-0.012,0.004,-0.026,26.363
43851,0.100,-0.526,10.079,-0.012,0.007,-0.026,26.371
43861,0.105,-0.541,10.107,-0.012,0.004,-0.027,26.371
43871,0.081,-0.541,10.050,-0.012,0.007,-0.027,26.383
43881,0.057,-0.550,10.055,-0.012,0.006,-0.027,26.383
43891,0.038,-0.541,10.112,-0.012,0.005,-0.027,26.301
43901,0.043,-0.550,10.069,-0.012,0.005,-0.027,26.301
43911,0.024,-0.541,10.117,-0.012,0.005,-0.026,26.332
43921,0.048,-0.517,10.083,-0.012,0.005,-0.026,26.332
43931,0.043,-0.546,10.117,-0.012,0.007,-0.026,26.367
43941,0.057,-0.536,10.102,-0.012,0.007,-0.026,26.367
43951,0.072,-0.531,10.074,-0.012,0.006,-0.026,26.344
43961,0.077,-0.522,10.083,-0.012,0.006,-0.027,26.344
43971,0.081,-0.536,10.074,-0.011,0.007,-0.026,26.328
43981,0.077,-0.531,10.098,-0.011,0.006,-0.026,26.328
43991,0.081,-0.522,10.102,-0.012,0.005,-0.026,26.328
44001,0.081,-0.531,10.059,-0.012,0.005,-0.026,26.328
44011,0.091,-0.522,10.064,-0.012,0.006,-0.026,26.309
44021,0.077,-0.526,10.064,-0.011,0.007,-0.026,26.309
44031,0.067,-0.541,10.088,-0.012,0.007,-0.027,26.328
44041,0.077,-0.555,10.102,-0.012,0.006,-0.026,26.328
44051,0.081,-0.546,10.088,-0.012,0.006,-0.027,26.332
44061,0.053,-0.541,10.074,-0.012,0.006,-0.027,26.332
44071,0.057,-0.550,10.069,-0.012,0.006,-0.027,26.328
44091,0.067,-0.536,10.093,-0.012,0.006,-0.027,26.340
44101,0.081,-0.546,10.083,-0.012,0.006,-0.027,26.344
44111,0.110,-0.522,10.074,-0.012,0.006,-0.026,26.344
44121,0.105,-0.531,10.079,-0.012,0.006,-0.027,26.336
44131,0.115,-0.546,10.059,-0.012,0.006,-0.027,26.336
44141,0.091,-0.507,10.088,-0.011,0.006,-0.027,26.332
44151,0.077,-0.512,10.083,-0.012,0.004,-0.027,26.332
44161,0.072,-0.526,10.093,-0.012,0.004,-0.027,26.359
44171,0.053,-0.541,10.141,-0.012,0.006,-0.027,26.359
44181,0.043,-0.541,10.098,-0.012,0.006,-0.027,26.344
44191,0.038,-0.541,10.102,-0.011,0.007,-0.027,26.344
44201,0.033,-0.531,10.112,-0.011,0.007,-0.027,26.340
44211,0.053,-0.526,10.079,-0.012,0.007,-0.027,26.340
44221,0.062,-0.531,10.083,-0.012,0.006,-0.026,26.313
44231,0.100,-0.531,10.079,-0.012,0.006,-0.027,26.313
44241,0.100,-0.531,10.074,-0.012,0.006,-0.027,26.359
44251,0.091,-0.550,10.088,-0.012,0.005,-0.027,26.359
44261,0.115,-0.560,10.064,-0.012,0.006,-0.027,26.301
44271,0.100,-0.550,10.069,-0.012,0.006,-0.027,26.301
44281,0.086,-0.546,10.069,-0.013,0.006,-0.027,26.344
44291,0.077,-0.541,10.059,-0.012,0.006,-0.026,26.344
44301,0.062,-0.531,10.102,-0.012,0.005,-0.027,26.348
44311,0.053,-0.522,10.083,-0.012,0.006,-0.026,26.348
44321,0.053,-0.522,10.102,-0.011,0.005,-0.026,26.332
44331,0.048,-0.512,10.083,-0.012,0.007,-0.026,26.332
44341,0.057,-0.507,10.117,-0.013,0.004,-0.026,26.332
44351,0.057,-0.522,10.083,-0.012,0.006,-0.024,26.332
44361,0.057,-0.531,10.074,-0.012,0.005,-0.026,26.316
44371,0.086,-0.531,10.102,-0.012,0.005,-0.027,26.316
44381,0.062,-0.526,10.074,-0.011,0.006,-0.027,26.355
44391,0.077,-0.560,10.083,-0.012,0.006,-0.027,26.355
44401,0.086,-0.546,10.079,-0.012,0.006,-0.027,26.316
44411,0.077,-0.541,10.069,-0.012,0.006,-0.027,26.316
44421,0.081,-0.550,10.083,-0.012,0.006,-0.026,26.352
44431,0.053,-0.560,10.102,-0.012,0.006,-0.026,26.352
44441,0.053,-0.541,10.098,-0.012,0.006,-0.026,26.328
44451,0.029,-0.550,10.083,-0.012,0.006,-0.026,26.328
44461,0.038,-0.512,10.102,-0.012,0.007,-0.027,26.309
44471,0.072,-0.517,10.112,-0.012,0.006,-0.027,26.309
44481,0.048,-0.517,10.064,-0.012,0.006,-0.027,26.348
44491,0.081,-0.531,10.074,-0.013,0.006,-0.026,26.348
44501,0.086,-0.522,10.083,-0.012,0.006,-0.027,26.293
44511,0.115,-0.517,10.055,-0.012,0.006,-0.027,26.293
44521,0.100,-0.536,10.074,-0.011,0.005,-0.027,26.336
44531,0.086,-0.550,10.083,-0.011,0.005,-0.027,26.336
44541,0.081,-0.541,10.074,-0.013,0.005,-0.027,26.367
44551,0.096,-0.541,10.074,-0.012,0.006,-0.027,26.367
44561,0.067,-0.541,10.088,-0.012,0.006,-0.027,26.332
44571,0.062,-0.550,10.083,-0.012,0.007,-0.027,26.332
44581,0.072,-0.541,10.093,-0.012,0.006,-0.027,26.332
44591,0.053,-0.526,10.098,-0.012,0.006,-0.026,26.332
44601,0.048,-0.517,10.107,-0.012,0.005,-0.027,26.316
44611,0.043,-0.517,10.088,-0.012,0.007,-0.027,26.316
44621,0.043,-0.512,10.093,-0.012,0.006,-0.027,26.316
44631,0.057,-0.526,10.079,-0.012,0.007,-0.027,26.316
44641,0.067,-0.546,10.079,-0.012,0.005,-0.027,26.293
44651,0.091,-0.536,10.045,-0.012,0.009,-0.026,26.293
44661,0.100,-0.546,10.064,-0.012,0.005,-0.027,26.301
44671,0.129,-0.565,10.150,-0.012,0.006,-0.027,26.301
44681,0.115,-0.546,10.026,-0.012,0.007,-0.026,26.328
44691,0.072,-0.546,10.059,-0.011,0.007,-0.027,26.328
44701,0.048,-0.531,10.069,-0.012,0.007,-0.026,26.340
44711,0.062,-0.517,10.098,-0.012,0.005,-0.027,26.340
44721,0.019,-0.526,10.098,-0.012,0.005,-0.027,26.332
44731,0.038,-0.512,10.093,-0.012,0.005,-0.027,26.332
44741,0.033,-0.546,10.107,-0.012,0.007,-0.027,26.309
44751,0.048,-0.536,10.074,-0.011,0.007,-0.027,26.309
44761,0.057,-0.555,10.069,-0.011,0.007,-0.027,26.309
44771,0.086,-0.531,10.069,-0.012,0.006,-0.027,26.309
44781,0.096,-0.541,10.088,-0.012,0.005,-0.027,26.344
44791,0.105,-0.555,10.093,-0.012,0.005,-0.026,26.344
44801,0.110,-0.546,10.083,-0.012,0.006,-0.026,26.332
44811,0.096,-0.541,10.074,-0.012,0.006,-0.027,26.332
44821,0.086,-0.507,10.050,-0.012,0.005,-0.027,26.332
44831,0.067,-0.531,10.088,-0.012,0.005,-0.027,26.332
44841,0.062,-0.531,10.040,-0.013,0.006,-0.027,26.320
44851,0.029,-0.550,10.102,-0.012,0.006,-0.027,26.320
44861,0.053,-0.536,10.088,-0.012,0.007,-0.027,26.336
44871,0.067,-0.536,10.093,-0.011,0.007,-0.026,26.336
44881,0.053,-0.555,10.059,-0.012,0.006,-0.026,26.297
44891,0.077,-0.546,10.074,-0.012,0.006,-0.026,26.297
44901,0.086,-0.546,10.102,-0.012,0.005,-0.026,26.352
44911,0.096,-0.555,10.088,-0.012,0.006,-0.027,26.352
44921,0.081,-0.555,10.079,-0.012,0.007,-0.026,26.324
44931,0.100,-0.536,10.102,-0.011,0.006,-0.027,26.324
44941,0.057,-0.536,10.088,-0.011,0.006,-0.027,26.371
44951,0.033,-0.541,10.064,-0.012,0.007,-0.027,26.371
44961,0.072,-0.531,10.083,-0.012,0.007,-0.028,26.320
44971,0.067,-0.526,10.079,-0.012,0.006,-0.027,26.320
44981,0.048,-0.541,10.083,-0.012,0.006,-0.026,26.332
44991,0.057,-0.526,10.093,-0.012,0.006,-0.026,26.332
45001,0.067,-0.512,10.069,-0.011,0.006,-0.026,26.328
45011,0.077,-0.517,10.122,-0.012,0.005,-0.027,26.328
45021,0.081,-0.522,10.064,-0.012,0.006,-0.027,26.344
45031,0.086,-0.541,10.083,-0.012,0.006,-0.027,26.344
45041,0.053,-0.531,10.074,-0.012,0.007,-0.026,26.359
45051,0.057,-0.546,10.079,-0.012,0.006,-0.027,26.359
45061,0.072,-0.536,10.088,-0.012,0.006,-0.027,26.348
45071,0.053,-0.541,10.107,-0.012,0.006,-0.026,26.348
45081,0.053,-0.541,10.074,-0.012,0.006,-0.026,26.324
45091,0.081,-0.546,10.055,-0.011,0.006,-0.027,26.324
45101,0.057,-0.536,10.069,-0.011,0.005,-0.027,26.344
45111,0.077,-0.512,10.107,-0.012,0.004,-0.027,26.344
45121,0.077,-0.512,10.079,-0.012,0.005,-0.026,26.383
45131,0.057,-0.517,10.098,-0.011,0.005,-0.026,26.383
45141,0.077,-0.531,10.098,-0.012,0.007,-0.027,26.355
45151,0.057,-0.526,10.045,-0.012,0.006,-0.027,26.355
45161,0.072,-0.536,10.064,-0.012,0.006,-0.027,26.305
45171,0.081,-0.522,10.102,-0.012,0.005,-0.027,26.305
45181,0.072,-0.550,10.102,-0.012,0.006,-0.027,26.273
45191,0.100,-0.541,10.079,-0.011,0.006,-0.026,26.273
45201,0.086,-0.546,10.064,-0.012,0.007,-0.026,26.355
45211,0.072,-0.536,10.088,-0.012,0.006,-0.027,26.355
45221,0.067,-0.526,10.098,-0.012,0.006,-0.026,26.355
45231,0.057,-0.512,10.069,-0.012,0.006,-0.027,26.355
45241,0.043,-0.507,10.098,-0.012,0.006,-0.027,26.316
45251,0.048,-0.522,10.079,-0.012,0.005,-0.026,26.316
45261,0.038,-0.517,10.074,-0.012,0.007,-0.026,26.316
45271,0.057,-0.517,10.093,-0.012,0.006,-0.027,26.316
45281,0.067,-0.526,10.079,-0.012,0.006,-0.027,26.301
45291,0.062,-0.522,10.069,-0.012,0.006,-0.027,26.301
45301,0.067,-0.531,10.074,-0.012,0.006,-0.027,26.336
45311,0.100,-0.536,10.059,-0.011,0.005,-0.027,26.336
45321,0.086,-0.565,10.079,-0.012,0.005,-0.027,26.359
45331,0.077,-0.550,10.055,-0.012,0.005,-0.027,26.359
45341,0.072,-0.522,10.093,-0.011,0.004,-0.027,26.344
45351,0.053,-0.512,10.107,-0.013,0.006,-0.026,26.348
45371,0.038,-0.512,10.050,-0.012,0.006,-0.026,26.297
45381,0.038,-0.531,10.088,-0.012,0.006,-0.027,26.297
45391,0.053,-0.512,10.083,-0.013,0.005,-0.027,26.305
45401,0.072,-0.488,9.983,-0.012,0.006,-0.027,26.305
45411,0.100,-0.574,10.390,-0.011,0.000,-0.028,26.344
45421,0.072,-0.579,9.935,-0.016,0.011,-0.026,26.344
45431,0.043,-0.560,10.040,-0.011,0.009,-0.027,26.328
45441,0.077,-0.550,10.102,-0.012,0.009,-0.026,26.328
45451,0.077,-0.560,9.997,-0.012,0.004,-0.026,26.332
45461,0.100,-0.546,10.083,-0.012,0.005,-0.026,26.332
45471,0.086,-0.550,10.155,-0.013,0.000,-0.026,26.355
45481,0.067,-0.550,10.088,-0.012,0.010,-0.026,26.355
45491,0.057,-0.541,10.059,-0.013,0.005,-0.027,26.355
45501,0.024,-0.517,10.088,-0.011,0.011,-0.027,26.355
45511,0.033,-0.522,10.074,-0.012,0.005,-0.027,26.324
45521,0.057,-0.526,10.093,-0.013,0.004,-0.027,26.324
45531,0.043,-0.517,10.083,-0.012,0.005,-0.027,26.316
45541,0.067,-0.526,10.107,-0.012,0.006,-0.027,26.316
45551,0.091,-0.502,10.074,-0.012,0.007,-0.026,26.355
45561,0.100,-0.536,9.921,-0.012,0.007,-0.026,26.355
45571,0.139,-0.546,10.418,-0.010,0.001,-0.028,26.305
45581,0.081,-0.560,9.830,-0.021,0.007,-0.026,26.305
45591,0.086,-0.546,10.083,-0.010,0.002,-0.027,26.336
45601,0.038,-0.550,10.107,-0.010,0.011,-0.026,26.336
45611,0.053,-0.569,10.055,-0.011,0.001,-0.028,26.328
45621,0.043,-0.569,10.112,-0.011,0.010,-0.027,26.328
45631,0.062,-0.565,10.107,-0.015,-0.001,-0.028,26.293
45641,0.043,-0.569,10.122,-0.011,0.012,-0.026,26.293
45651,0.057,-0.522,10.026,-0.013,0.002,-0.027,26.332
45661,0.057,-0.536,10.098,-0.010,0.011,-0.027,26.332
45671,0.067,-0.531,10.050,-0.012,0.005,-0.028,26.328
45681,0.077,-0.512,10.083,-0.012,0.005,-0.026,26.328
45691,0.100,-0.517,10.088,-0.013,0.004,-0.026,26.379
45701,0.105,-0.512,10.074,-0.012,0.006,-0.026,26.379
45711,0.067,-0.512,10.107,-0.012,0.006,-0.026,26.305
45721,0.053,-0.531,10.069,-0.011,0.006,-0.026,26.305
45731,0.072,-0.536,10.069,-0.012,0.006,-0.026,26.324
45741,0.048,-0.555,10.117,-0.013,0.005,-0.027,26.324
45751,0.048,-0.507,10.083,-0.012,0.006,-0.026,26.313
45761,0.043,-0.536,10.074,-0.012,0.007,-0.027,26.313
45771,0.029,-0.517,10.074,-0.011,0.009,-0.027,26.359
45781,0.067,-0.541,10.093,-0.012,0.005,-0.027,26.359
45791,0.057,-0.541,10.079,-0.012,0.007,-0.027,26.316
45801,0.091,-0.541,10.088,-0.012,0.004,-0.027,26.316
45811,0.067,-0.550,10.102,-0.011,0.006,-0.027,26.336
45821,0.062,-0.526,10.079,-0.011,0.007,-0.027,26.336
45831,0.086,-0.541,10.074,-0.012,0.007,-0.027,26.332
45841,0.077,-0.541,10.079,-0.012,0.006,-0.027,26.332
45851,0.077,-0.507,10.079,-0.012,0.006,-0.026,26.309
45861,0.091,-0.531,10.064,-0.012,0.005,-0.027,26.309
45871,0.081,-0.550,10.093,-0.012,0.006,-0.027,26.301
45881,0.077,-0.555,10.083,-0.013,0.005,-0.026,26.301
45891,0.096,-0.522,10.107,-0.013,0.005,-0.026,26.332
45901,0.077,-0.522,10.102,-0.013,0.006,-0.027,26.332
45911,0.053,-0.526,10.088,-0.012,0.006,-0.027,26.305
45921,0.053,-0.517,10.079,-0.012,0.007,-0.027,26.305
45931,0.014,-0.531,10.083,-0.012,0.006,-0.027,26.316
45941,0.048,-0.565,10.088,-0.012,0.006,-0.028,26.316
45951,0.062,-0.569,10.093,-0.012,0.005,-0.027,26.340
45961,0.100,-0.565,10.069,-0.012,0.006,-0.026,26.340
45971,0.100,-0.569,10.083,-0.011,0.006,-0.026,26.340
45981,0.105,-0.536,10.083,-0.012,0.006,-0.026,26.340
45991,0.124,-0.531,10.069,-0.013,0.005,-0.027,26.359
46001,0.081,-0.502,10.064,-0.011,0.006,-0.026,26.359
46011,0.067,-0.483,10.093,-0.013,0.005,-0.026,26.348
46021,0.081,-0.488,10.098,-0.012,0.006,-0.027,26.348
46031,0.038,-0.488,10.098,-0.012,0.006,-0.028,26.273
46041,0.029,-0.517,10.098,-0.012,0.006,-0.027,26.273
46051,0.043,-0.531,10.098,-0.012,0.006,-0.028,26.348
46061,0.067,-0.550,10.098,-0.012,0.007,-0.026,26.348
46071,0.067,-0.546,10.098,-0.011,0.007,-0.026,26.363
46081,0.091,-0.565,10.074,-0.012,0.007,-0.026,26.363
46091,0.105,-0.560,10.069,-0.012,0.006,-0.026,26.344
46101,0.134,-0.536,10.064,-0.013,0.005,-0.027,26.344
46111,0.105,-0.541,10.074,-0.013,0.005,-0.027,26.328
46121,0.081,-0.555,10.098,-0.012,0.005,-0.027,26.328
46131,0.057,-0.546,10.093,-0.012,0.006,-0.028,26.328
46141,0.033,-0.555,10.083,-0.011,0.006,-0.027,26.328
46151,0.014,-0.531,10.098,-0.012,0.007,-0.027,26.359
46161,0.010,-0.531,10.069,-0.012,0.005,-0.027,26.359
46171,0.048,-0.531,10.102,-0.011,0.005,-0.026,26.313
46181,0.062,-0.498,10.112,-0.011,0.005,-0.026,26.313
46191,0.110,-0.493,10.074,-0.012,0.005,-0.026,26.328
46201,0.129,-0.512,10.098,-0.011,0.006,-0.027,26.328
46211,0.110,-0.522,10.040,-0.011,0.007,-0.027,26.301
46221,0.096,-0.526,10.059,-0.012,0.006,-0.028,26.301
46231,0.086,-0.550,10.079,-0.012,0.004,-0.028,26.309
46241,0.081,-0.565,10.083,-0.011,0.006,-0.027,26.309
46251,0.033,-0.569,10.079,-0.012,0.005,-0.028,26.344
46261,0.029,-0.574,10.107,-0.012,0.006,-0.027,26.344
46271,0.005,-0.565,10.093,-0.012,0.007,-0.026,26.344
46281,0.024,-0.546,10.102,-0.011,0.006,-0.026,26.344
46291,0.067,-0.541,10.088,-0.011,0.007,-0.026,26.355
46301,0.086,-0.522,10.083,-0.012,0.006,-0.026,26.355
46311,0.100,-0.502,10.088,-0.013,0.006,-0.027,26.340
46321,0.115,-0.522,10.079,-0.012,0.006,-0.027,26.340
46331,0.096,-0.517,10.088,-0.012,0.007,-0.027,26.363
46341,0.100,-0.555,10.112,-0.012,0.005,-0.027,26.363
46351,0.100,-0.536,10.045,-0.011,0.007,-0.027,26.332
46361,0.077,-0.526,10.122,-0.012,0.005,-0.027,26.332
46371,0.038,-0.526,10.107,-0.012,0.006,-0.026,26.297
46381,0.048,-0.536,10.107,-0.012,0.006,-0.026,26.297
46391,0.057,-0.536,10.079,-0.012,0.007,-0.024,26.324
46401,0.057,-0.517,10.055,-0.012,0.006,-0.024,26.324
46411,0.053,-0.512,10.069,-0.012,0.007,-0.026,26.352
46421,0.105,-0.522,10.098,-0.013,0.004,-0.027,26.352
46431,0.091,-0.536,10.107,-0.013,0.005,-0.027,26.352
46441,0.057,-0.531,10.088,-0.012,0.006,-0.027,26.352
46451,0.072,-0.574,10.098,-0.012,0.007,-0.028,26.348
46461,0.072,-0.569,10.102,-0.012,0.006,-0.027,26.348
46471,0.033,-0.565,10.079,-0.013,0.007,-0.027,26.320
46481,0.081,-0.574,10.169,-0.013,0.004,-0.027,26.320
46491,0.005,-0.512,9.887,-0.013,0.009,-0.026,26.383
46501,0.100,-0.526,10.136,-0.005,0.009,-0.026,26.383
46511,0.129,-0.474,10.313,-0.007,-0.005,-0.027,26.340
46521,0.110,-0.541,9.748,-0.033,0.020,-0.024,26.340
46531,0.124,-0.498,10.270,0.006,-0.006,-0.029,26.383
46541,0.043,-0.512,10.131,-0.015,0.021,-0.023,26.383
46551,0.038,-0.493,9.160,-0.023,-0.012,-0.031,26.344
46561,0.100,-0.622,11.648,0.027,0.015,-0.026,26.344
46571,0.053,-0.502,9.547,-0.044,-0.017,-0.031,26.340
46581,0.033,-0.641,9.964,-0.023,0.031,-0.024,26.340
46591,0.000,-0.512,9.940,0.005,0.002,-0.028,26.363
46601,0.043,-0.555,10.323,-0.007,0.023,-0.023,26.363
46611,0.110,-0.569,9.595,-0.023,-0.011,-0.028,26.398
46621,0.182,-0.493,9.930,0.004,0.009,-0.024,26.398
46641,0.067,-0.498,9.935,-0.009,0.017,-0.026,26.352
46651,0.077,-0.541,10.012,-0.011,0.004,-0.027,26.352
46661,0.033,-0.493,10.165,-0.010,0.007,-0.027,26.348
46671,0.072,-0.546,10.112,-0.017,-0.006,-0.028,26.348
46681,0.043,-0.493,10.055,-0.013,0.009,-0.026,26.387
46691,0.067,-0.512,10.213,-0.011,0.002,-0.027,26.387
46701,0.048,-0.512,10.035,-0.009,0.017,-0.026,26.344
46711,0.081,-0.526,10.098,-0.011,0.004,-0.027,26.344
46721,0.072,-0.522,10.074,-0.013,0.010,-0.026,26.371
46731,0.100,-0.536,10.074,-0.013,-0.001,-0.027,26.371
46741,0.091,-0.569,10.117,-0.011,0.007,-0.027,26.348
46751,0.100,-0.565,10.055,-0.011,0.006,-0.027,26.348
46761,0.081,-0.593,10.112,-0.011,0.010,-0.027,26.355
46771,0.096,-0.555,10.069,-0.012,0.006,-0.027,26.355
46781,0.072,-0.560,10.083,-0.013,0.004,-0.026,26.352
46791,0.057,-0.536,10.055,-0.011,0.006,-0.027,26.352
46801,0.072,-0.517,10.107,-0.012,0.006,-0.026,26.324
46811,0.062,-0.526,10.088,-0.012,0.007,-0.027,26.324
46821,0.072,-0.512,10.102,-0.012,0.005,-0.026,26.363
46831,0.072,-0.502,10.102,-0.012,0.005,-0.026,26.363
46841,0.077,-0.507,10.074,-0.012,0.006,-0.027,26.383
46851,0.057,-0.526,10.093,-0.011,0.006,-0.027,26.383
46861,0.081,-0.541,10.098,-0.011,0.006,-0.027,26.402
46871,0.077,-0.526,10.098,-0.012,0.006,-0.026,26.402
46881,0.072,-0.565,10.117,-0.012,0.005,-0.027,26.383
46891,0.091,-0.546,10.083,-0.011,0.007,-0.027,26.383
46901,0.096,-0.536,10.059,-0.012,0.007,-0.027,26.383
46911,0.062,-0.550,10.093,-0.011,0.009,-0.026,26.383
46921,0.077,-0.536,10.079,-0.012,0.006,-0.027,26.332
46931,0.072,-0.584,10.126,-0.012,0.006,-0.027,26.332
46941,0.053,-0.502,9.954,-0.013,0.007,-0.026,26.309
46951,0.048,-0.541,10.174,-0.009,0.009,-0.027,26.309
46961,0.081,-0.498,10.083,-0.012,0.004,-0.027,26.371
46971,0.053,-0.502,10.117,-0.012,0.010,-0.027,26.371
46981,0.067,-0.493,10.055,-0.012,0.006,-0.028,26.414
46991,0.081,-0.517,10.155,-0.011,0.007,-0.027,26.414
47001,0.077,-0.536,10.059,-0.012,0.009,-0.027,26.352
47011,0.077,-0.512,10.088,-0.012,0.007,-0.026,26.352
47021,0.038,-0.531,10.098,-0.012,0.009,-0.026,26.359
47031,0.091,-0.550,10.040,-0.013,0.006,-0.026,26.359
47041,0.091,-0.555,10.083,-0.012,0.007,-0.026,26.352
47051,0.129,-0.536,10.059,-0.011,0.005,-0.026,26.352
47061,0.105,-0.536,10.107,-0.012,0.006,-0.026,26.371
47071,0.124,-0.555,10.131,-0.012,0.005,-0.027,26.371
47081,0.062,-0.550,10.055,-0.013,0.007,-0.027,26.383
47091,0.038,-0.536,10.107,-0.013,0.006,-0.028,26.383
47101,0.019,-0.536,10.083,-0.011,0.006,-0.027,26.375
47111,0.005,-0.536,10.102,-0.012,0.005,-0.027,26.375
47121,0.024,-0.522,10.098,-0.012,0.006,-0.027,26.367
47131,0.029,-0.531,10.112,-0.012,0.005,-0.026,26.367
47141,0.053,-0.526,10.112,-0.011,0.005,-0.026,26.359
47151,0.110,-0.522,10.079,-0.012,0.007,-0.026,26.359
47161,0.096,-0.507,10.102,-0.012,0.006,-0.027,26.309
47171,0.134,-0.507,10.083,-0.012,0.006,-0.026,26.309
47181,0.134,-0.522,10.093,-0.012,0.005,-0.027,26.324
47191,0.091,-0.531,10.083,-0.012,0.006,-0.027,26.324
47201,0.072,-0.541,10.107,-0.012,0.005,-0.027,26.355
47211,0.067,-0.550,10.059,-0.012,0.007,-0.027,26.355
47221,0.029,-0.565,10.079,-0.013,0.007,-0.027,26.367
47231,0.014,-0.560,10.069,-0.012,0.007,-0.026,26.367
47241,0.029,-0.541,10.102,-0.012,0.006,-0.027,26.367
47251,0.048,-0.541,10.088,-0.011,0.006,-0.026,26.367
47261,0.081,-0.555,10.088,-0.011,0.005,-0.026,26.355
47271,0.072,-0.546,10.098,-0.012,0.006,-0.026,26.355
47281,0.086,-0.526,10.102,-0.012,0.005,-0.027,26.387
47291,0.124,-0.522,10.098,-0.012,0.006,-0.026,26.387
47301,0.115,-0.493,10.074,-0.012,0.006,-0.027,26.359
47311,0.081,-0.512,10.098,-0.012,0.006,-0.027,26.359
47321,0.053,-0.498,10.088,-0.013,0.006,-0.027,26.324
47331,0.077,-0.507,10.083,-0.012,0.006,-0.026,26.324
47341,0.043,-0.512,10.088,-0.012,0.006,-0.027,26.391
47351,0.048,-0.546,10.064,-0.012,0.005,-0.027,26.391
47361,0.081,-0.541,10.079,-0.012,0.006,-0.026,26.348
47371,0.053,-0.522,10.098,-0.012,0.006,-0.026,26.348
47381,0.067,-0.550,10.102,-0.011,0.006,-0.027,26.352
47391,0.057,-0.550,10.098,-0.012,0.005,-0.027,26.352
47401,0.057,-0.565,10.093,-0.012,0.006,-0.027,26.344
47411,0.053,-0.541,10.083,-0.012,0.006,-0.027,26.344
47421,0.053,-0.550,10.083,-0.012,0.006,-0.027,26.340
47431,0.057,-0.560,10.098,-0.012,0.006,-0.027,26.340
47441,0.072,-0.536,10.083,-0.012,0.005,-0.026,26.367
47451,0.081,-0.536,10.102,-0.012,0.006,-0.026,26.367
47461,0.081,-0.502,10.079,-0.011,0.006,-0.026,26.348
47471,0.096,-0.493,10.093,-0.012,0.006,-0.027,26.348
47481,0.100,-0.502,10.102,-0.012,0.006,-0.026,26.383
47491,0.110,-0.498,10.093,-0.012,0.005,-0.027,26.383
47501,0.110,-0.502,10.107,-0.012,0.005,-0.028,26.336
47511,0.062,-0.560,10.083,-0.012,0.006,-0.027,26.336
47521,0.043,-0.560,10.074,-0.012,0.007,-0.027,26.348
47531,0.072,-0.569,10.083,-0.011,0.006,-0.027,26.348
47541,0.053,-0.579,10.112,-0.012,0.006,-0.027,26.383
47551,0.033,-0.569,10.079,-0.013,0.005,-0.027,26.383
47561,0.043,-0.584,10.088,-0.011,0.006,-0.027,26.344
47571,0.062,-0.560,10.088,-0.012,0.006,-0.026,26.344
47581,0.067,-0.526,10.102,-0.012,0.006,-0.027,26.348
47591,0.077,-0.536,10.093,-0.012,0.005,-0.026,26.348
47601,0.072,-0.517,10.088,-0.012,0.006,-0.027,26.359
47611,0.067,-0.512,10.098,-0.012,0.006,-0.028,26.359
47621,0.081,-0.507,10.102,-0.012,0.006,-0.027,26.367
47631,0.067,-0.522,10.102,-0.012,0.006,-0.027,26.367
47641,0.048,-0.526,10.093,-0.012,0.007,-0.027,26.332
47651,0.057,-0.531,10.088,-0.012,0.006,-0.027,26.332
47661,0.043,-0.531,10.093,-0.011,0.006,-0.027,26.293
47671,0.077,-0.536,10.098,-0.012,0.006,-0.026,26.293
47681,0.081,-0.522,10.064,-0.012,0.005,-0.026,26.355
47691,0.072,-0.526,9.858,-0.012,0.007,-0.026,26.355
47701,0.129,-0.584,10.428,-0.010,-0.004,-0.027,26.367
47711,0.120,-0.541,10.074,-0.018,0.007,-0.026,26.367
47721,0.072,-0.550,10.083,-0.015,0.006,-0.028,26.367
47731,0.024,-0.531,10.016,-0.011,0.012,-0.026,26.367
47741,0.029,-0.546,10.083,-0.010,0.006,-0.028,26.344
47751,0.024,-0.531,9.992,-0.012,0.009,-0.027,26.344
47761,0.048,-0.526,10.146,-0.013,-0.002,-0.029,26.332
47771,0.062,-0.546,10.155,-0.011,0.007,-0.027,26.332
47781,0.086,-0.541,10.112,-0.012,0.005,-0.027,26.363
47791,0.081,-0.522,10.059,-0.011,0.012,-0.027,26.363
47801,0.081,-0.507,10.083,-0.011,0.007,-0.027,26.332
47811,0.105,-0.526,10.069,-0.013,0.005,-0.026,26.332
47821,0.129,-0.531,10.079,-0.013,0.002,-0.026,26.328
47831,0.077,-0.502,10.064,-0.012,0.007,-0.026,26.328
47841,0.086,-0.526,10.117,-0.013,0.005,-0.027,26.301
47851,0.038,-0.526,10.083,-0.012,0.009,-0.026,26.301
47861,0.048,-0.507,10.102,-0.012,0.005,-0.027,26.352
47871,0.019,-0.541,10.098,-0.012,0.006,-0.027,26.352
47881,0.024,-0.546,10.117,-0.013,0.004,-0.027,26.359
47891,0.053,-0.546,10.055,-0.011,0.009,-0.027,26.359
47901,0.057,-0.531,10.059,-0.011,0.007,-0.027,26.375
47911,0.120,-0.536,10.026,-0.012,0.004,-0.027,26.375
47931,0.144,-0.512,10.251,-0.009,-0.001,-0.028,26.313
47941,0.167,-0.536,10.270,-0.015,-0.002,-0.027,26.313
47951,0.105,-0.512,10.126,-0.015,0.010,-0.027,26.371
47961,0.053,-0.517,10.083,-0.012,0.009,-0.027,26.371
47971,-0.067,-0.507,10.079,-0.010,0.016,-0.026,26.359
47981,-0.048,-0.507,9.921,-0.011,0.007,-0.026,26.359
47991,-0.029,-0.536,10.107,-0.011,0.006,-0.027,26.293
48001,0.057,-0.565,10.179,-0.012,-0.004,-0.027,26.293
48011,0.067,-0.560,10.160,-0.012,0.005,-0.026,26.367
48021,0.115,-0.569,10.069,-0.012,0.007,-0.026,26.367
48031,0.134,-0.555,10.055,-0.010,0.011,-0.027,26.324
48041,0.115,-0.550,10.021,-0.011,0.007,-0.027,26.324
48051,0.139,-0.531,10.059,-0.013,0.000,-0.027,26.348
48061,0.115,-0.517,10.079,-0.011,0.004,-0.027,26.348
48071,0.086,-0.507,10.112,-0.012,0.004,-0.028,26.395
48081,0.077,-0.522,10.093,-0.011,0.006,-0.027,26.395
48091,0.019,-0.498,10.093,-0.011,0.006,-0.027,26.352
48101,-0.005,-0.507,10.074,-0.012,0.006,-0.027,26.352
48111,0.000,-0.507,10.098,-0.013,0.002,-0.027,26.336
48121,0.053,-0.517,10.112,-0.012,0.002,-0.026,26.336
48131,0.081,-0.541,10.174,-0.012,0.005,-0.027,26.363
48141,0.110,-0.541,10.136,-0.013,0.007,-0.026,26.363
48151,0.091,-0.569,10.045,-0.012,0.010,-0.026,26.340
48161,0.077,-0.560,10.021,-0.012,0.006,-0.026,26.340
48171,0.077,-0.574,10.040,-0.013,0.004,-0.027,26.387
48181,0.072,-0.579,10.050,-0.013,0.004,-0.027,26.387
48191,0.081,-0.550,10.131,-0.012,0.002,-0.027,26.359
48201,0.062,-0.560,10.122,-0.012,0.006,-0.027,26.359
48211,0.057,-0.541,10.122,-0.011,0.007,-0.026,26.348
48221,0.038,-0.517,10.088,-0.012,0.006,-0.026,26.348
48231,0.067,-0.507,10.083,-0.011,0.006,-0.026,26.383
48241,0.067,-0.488,10.093,-0.012,0.005,-0.026,26.383
48251,0.072,-0.502,10.117,-0.012,0.005,-0.026,26.363
48261,0.067,-0.493,10.093,-0.012,0.006,-0.027,26.363
48271,0.067,-0.507,10.093,-0.011,0.006,-0.027,26.391
48281,0.062,-0.526,10.098,-0.011,0.006,-0.027,26.391
48291,0.086,-0.569,10.079,-0.012,0.005,-0.027,26.363
48301,0.077,-0.584,10.107,-0.012,0.006,-0.027,26.363
48311,0.077,-0.569,10.093,-0.012,0.006,-0.026,26.383
48321,0.077,-0.565,10.079,-0.012,0.007,-0.027,26.383
48331,0.062,-0.550,10.050,-0.012,0.006,-0.026,26.379
48341,0.081,-0.550,10.074,-0.012,0.006,-0.027,26.379
48351,0.096,-0.541,10.079,-0.011,0.005,-0.026,26.391
48361,0.100,-0.502,10.117,-0.012,0.005,-0.027,26.391
48371,0.086,-0.517,10.122,-0.012,0.005,-0.027,26.363
48381,0.072,-0.493,10.069,-0.013,0.007,-0.027,26.363
48391,0.077,-0.493,10.083,-0.012,0.007,-0.027,26.406
48401,0.053,-0.488,10.098,-0.013,0.006,-0.027,26.406
48411,0.067,-0.517,10.102,-0.013,0.005,-0.027,26.355
48421,0.081,-0.531,10.107,-0.012,0.006,-0.027,26.355
48431,0.072,-0.546,10.098,-0.012,0.007,-0.027,26.406
48441,0.081,-0.541,10.093,-0.012,0.007,-0.026,26.406
48451,0.086,-0.560,10.093,-0.013,0.007,-0.026,26.344
48461,0.081,-0.574,10.079,-0.013,0.006,-0.026,26.344
48471,0.086,-0.550,10.059,-0.013,0.006,-0.027,26.395
48481,0.062,-0.569,10.083,-0.013,0.005,-0.027,26.395
48491,0.038,-0.546,10.093,-0.012,0.006,-0.027,26.395
48501,0.038,-0.522,10.107,-0.012,0.006,-0.028,26.395
48511,0.053,-0.522,10.088,-0.012,0.006,-0.027,26.371
48521,0.057,-0.512,10.079,-0.012,0.005,-0.026,26.371
48531,0.062,-0.498,10.098,-0.012,0.006,-0.026,26.375
48541,0.067,-0.507,10.093,-0.012,0.006,-0.026,26.375
48551,0.081,-0.502,10.098,-0.011,0.006,-0.027,26.355
48561,0.081,-0.517,10.088,-0.011,0.007,-0.027,26.355
48571,0.091,-0.531,10.083,-0.012,0.005,-0.027,26.379
48581,0.100,-0.550,10.088,-0.012,0.006,-0.027,26.379
48591,0.081,-0.565,10.059,-0.012,0.006,-0.027,26.363
48601,0.062,-0.560,10.064,-0.012,0.006,-0.027,26.363
48611,0.072,-0.593,10.083,-0.012,0.005,-0.028,26.383
48621,0.033,-0.574,10.098,-0.012,0.005,-0.027,26.383
48631,0.033,-0.555,10.093,-0.012,0.005,-0.026,26.355
48641,0.043,-0.541,10.079,-0.012,0.005,-0.027,26.355
48651,0.048,-0.526,10.098,-0.012,0.006,-0.027,26.363
48661,0.053,-0.517,10.093,-0.012,0.006,-0.026,26.363
48671,0.062,-0.507,10.074,-0.011,0.006,-0.026,26.348
48681,0.057,-0.507,10.079,-0.012,0.006,-0.027,26.348
48691,0.100,-0.507,10.093,-0.012,0.006,-0.027,26.344
48701,0.077,-0.488,10.088,-0.012,0.007,-0.027,26.344
48711,0.105,-0.517,10.088,-0.012,0.006,-0.027,26.344
48721,0.086,-0.517,10.093,-0.012,0.006,-0.027,26.344
48731,0.100,-0.536,10.088,-0.012,0.006,-0.027,26.363
48741,0.067,-0.531,10.083,-0.012,0.005,-0.027,26.363
48751,0.077,-0.526,10.093,-0.012,0.005,-0.027,26.352
48761,0.057,-0.546,10.074,-0.012,0.006,-0.027,26.352
48771,0.033,-0.531,10.083,-0.012,0.006,-0.026,26.379
48781,0.067,-0.550,10.079,-0.012,0.006,-0.026,26.379
48791,0.067,-0.560,10.079,-0.012,0.007,-0.027,26.375
48801,0.043,-0.541,10.083,-0.012,0.006,-0.026,26.375
48811,0.091,-0.541,10.098,-0.012,0.006,-0.027,26.367
48821,0.072,-0.522,10.102,-0.012,0.006,-0.027,26.367
48831,0.062,-0.526,10.069,-0.012,0.006,-0.027,26.367
48841,0.067,-0.526,10.093,-0.012,0.006,-0.027,26.367
48851,0.096,-0.531,10.083,-0.012,0.006,-0.026,26.379
48861,0.077,-0.522,10.093,-0.012,0.006,-0.027,26.379
48871,0.105,-0.507,10.102,-0.011,0.005,-0.026,26.375
48881,0.091,-0.512,10.074,-0.013,0.006,-0.026,26.375
48891,0.086,-0.541,10.079,-0.012,0.007,-0.026,26.383
48901,0.077,-0.517,10.064,-0.012,0.006,-0.026,26.383
48911,0.077,-0.536,10.079,-0.012,0.006,-0.027,26.367
48921,0.062,-0.546,10.064,-0.012,0.006,-0.027,26.367
48931,0.057,-0.546,10.074,-0.012,0.005,-0.027,26.383
48941,0.067,-0.541,10.102,-0.012,0.005,-0.027,26.383
48951,0.072,-0.560,10.102,-0.012,0.005,-0.027,26.348
48961,0.067,-0.531,10.107,-0.011,0.006,-0.027,26.348
48971,0.077,-0.546,10.050,-0.013,0.005,-0.027,26.344
48981,0.077,-0.517,10.074,-0.012,0.006,-0.027,26.344
48991,0.077,-0.522,10.083,-0.012,0.005,-0.027,26.352
49001,0.086,-0.502,10.069,-0.012,0.005,-0.027,26.352
49011,0.077,-0.493,10.079,-0.012,0.005,-0.026,26.336
49021,0.096,-0.502,10.107,-0.012,0.006,-0.027,26.336
49031,0.077,-0.507,10.098,-0.012,0.006,-0.027,26.410
49041,0.081,-0.488,10.093,-0.012,0.006,-0.027,26.410
49051,0.081,-0.498,10.083,-0.012,0.006,-0.027,26.387
49061,0.081,-0.522,10.079,-0.012,0.005,-0.026,26.387
49071,0.077,-0.541,10.102,-0.011,0.006,-0.027,26.391
49081,0.067,-0.546,10.079,-0.012,0.006,-0.027,26.391
49091,0.053,-0.546,10.088,-0.012,0.006,-0.027,26.387
49101,0.062,-0.555,10.093,-0.012,0.007,-0.026,26.387
49111,0.072,-0.565,10.079,-0.012,0.006,-0.027,26.379
49121,0.062,-0.565,10.088,-0.012,0.006,-0.026,26.379
49131,0.072,-0.565,10.107,-0.012,0.006,-0.027,26.383
49141,0.067,-0.546,10.088,-0.011,0.005,-0.027,26.383
49151,0.086,-0.541,10.098,-0.011,0.005,-0.027,26.363
49161,0.072,-0.512,10.083,-0.012,0.006,-0.027,26.363
49171,0.081,-0.512,10.093,-0.012,0.006,-0.027,26.367
49181,0.067,-0.493,10.088,-0.012,0.006,-0.027,26.367
49191,0.072,-0.517,10.079,-0.012,0.006,-0.027,26.359
49201,0.081,-0.531,10.079,-0.012,0.006,-0.028,26.359
49221,0.091,-0.522,10.088,-0.013,0.006,-0.027,26.371
49231,0.043,-0.531,10.083,-0.011,0.006,-0.027,26.371
49241,0.072,-0.550,10.074,-0.012,0.006,-0.026,26.371
49251,0.072,-0.546,10.102,-0.012,0.006,-0.027,26.371
49261,0.067,-0.550,10.107,-0.012,0.006,-0.026,26.344
49271,0.057,-0.565,10.112,-0.012,0.006,-0.028,26.344
49281,0.053,-0.526,10.122,-0.013,0.007,-0.027,26.355
49291,0.062,-0.550,10.083,-0.011,0.006,-0.027,26.355
49301,0.057,-0.526,10.088,-0.012,0.007,-0.026,26.367
49311,0.062,-0.536,10.088,-0.012,0.005,-0.027,26.367
49321,0.072,-0.522,10.093,-0.012,0.006,-0.026,26.402
49331,0.096,-0.512,10.079,-0.012,0.005,-0.027,26.402
49341,0.096,-0.531,10.107,-0.012,0.006,-0.027,26.391
49351,0.115,-0.541,10.083,-0.012,0.006,-0.026,26.391
49361,0.096,-0.488,10.079,-0.012,0.005,-0.026,26.371
49371,0.086,-0.512,10.083,-0.011,0.006,-0.026,26.371
49381,0.077,-0.531,10.088,-0.012,0.005,-0.027,26.352
49391,0.057,-0.541,10.098,-0.012,0.005,-0.027,26.352
49401,0.038,-0.541,10.088,-0.012,0.006,-0.026,26.375
49411,0.053,-0.550,10.079,-0.012,0.006,-0.027,26.375
49421,0.048,-0.550,10.093,-0.012,0.006,-0.027,26.387
49431,0.077,-0.541,10.098,-0.012,0.005,-0.026,26.387
49441,0.077,-0.546,10.093,-0.012,0.007,-0.027,26.406
49451,0.091,-0.555,10.093,-0.012,0.007,-0.027,26.406
49461,0.086,-0.526,10.098,-0.013,0.006,-0.027,26.375
49471,0.096,-0.541,10.088,-0.013,0.005,-0.027,26.375
49481,0.091,-0.512,10.083,-0.012,0.005,-0.028,26.367
49491,0.091,-0.512,10.083,-0.012,0.006,-0.027,26.367
49501,0.072,-0.512,10.102,-0.012,0.006,-0.027,26.375
49511,0.053,-0.526,10.079,-0.012,0.006,-0.027,26.375
49521,0.067,-0.517,10.088,-0.011,0.006,-0.027,26.359
49531,0.057,-0.493,10.102,-0.012,0.006,-0.026,26.359
49541,0.062,-0.526,10.079,-0.011,0.006,-0.026,26.340
49551,0.086,-0.517,10.064,-0.012,0.006,-0.026,26.340
49561,0.062,-0.522,10.093,-0.011,0.006,-0.027,26.332
49571,0.077,-0.546,10.107,-0.012,0.006,-0.026,26.332
49581,0.062,-0.574,10.074,-0.012,0.006,-0.026,26.332
49591,0.081,-0.550,10.064,-0.012,0.006,-0.027,26.332
49601,0.081,-0.555,10.069,-0.012,0.006,-0.026,26.367
49611,0.081,-0.555,10.088,-0.012,0.006,-0.027,26.367
49621,0.062,-0.536,10.093,-0.012,0.006,-0.026,26.355
49631,0.072,-0.536,10.083,-0.011,0.006,-0.027,26.355
49641,0.053,-0.526,10.083,-0.012,0.006,-0.027,26.418
49651,0.067,-0.531,10.093,-0.012,0.006,-0.026,26.418
49661,0.048,-0.512,10.079,-0.012,0.005,-0.026,26.348
49671,0.067,-0.483,10.088,-0.012,0.006,-0.026,26.348
49681,0.072,-0.488,10.102,-0.012,0.006,-0.027,26.387
49691,0.077,-0.507,10.098,-0.012,0.006,-0.027,26.387
49701,0.096,-0.536,10.069,-0.013,0.006,-0.026,26.387
49711,0.105,-0.536,10.088,-0.012,0.005,-0.027,26.387
49721,0.072,-0.536,10.079,-0.012,0.006,-0.027,26.344
49731,0.105,-0.550,10.074,-0.012,0.006,-0.027,26.344
49741,0.077,-0.550,10.088,-0.012,0.005,-0.027,26.371
49751,0.053,-0.569,10.098,-0.012,0.006,-0.026,26.371
49761,0.057,-0.574,10.088,-0.011,0.006,-0.027,26.352
49771,0.043,-0.565,10.098,-0.012,0.005,-0.026,26.352
49781,0.053,-0.541,10.102,-0.013,0.006,-0.026,26.344
49791,0.057,-0.526,10.098,-0.013,0.006,-0.026,26.344
49801,0.057,-0.507,10.079,-0.011,0.006,-0.026,26.340
49811,0.077,-0.512,10.083,-0.011,0.005,-0.027,26.340
49821,0.072,-0.507,10.093,-0.011,0.005,-0.027,26.414
49831,0.086,-0.536,10.093,-0.012,0.006,-0.027,26.414
49841,0.081,-0.512,10.088,-0.012,0.006,-0.027,26.406
49851,0.081,-0.517,10.079,-0.012,0.006,-0.026,26.406
49861,0.081,-0.517,10.098,-0.011,0.005,-0.026,26.352
49871,0.081,-0.541,10.079,-0.013,0.006,-0.026,26.352
49881,0.057,-0.555,10.098,-0.013,0.005,-0.027,26.395
49891,0.053,-0.541,10.112,-0.013,0.006,-0.026,26.395
49901,0.033,-0.560,10.093,-0.013,0.006,-0.026,26.355
49911,0.038,-0.560,10.083,-0.012,0.006,-0.027,26.355
49921,0.043,-0.531,10.098,-0.012,0.006,-0.027,26.371
49931,0.067,-0.522,10.107,-0.013,0.006,-0.027,26.371
49941,0.077,-0.526,10.083,-0.012,0.005,-0.027,26.383
49951,0.105,-0.522,10.069,-0.011,0.006,-0.026,26.383
49961,0.115,-0.522,10.079,-0.012,0.006,-0.027,26.328
49971,0.115,-0.512,10.083,-0.012,0.006,-0.026,26.328
49981,0.120,-0.517,10.088,-0.012,0.006,-0.027,26.316
49991,0.067,-0.507,10.074,-0.012,0.005,-0.026,26.316
50001,0.067,-0.517,10.069,-0.012,0.006,-0.027,26.352
50011,0.043,-0.531,10.088,-0.012,0.006,-0.027,26.352
50021,0.033,-0.536,10.093,-0.012,0.006,-0.028,26.379
50031,0.033,-0.531,10.102,-0.012,0.006,-0.027,26.379
50041,0.024,-0.546,10.088,-0.012,0.007,-0.027,26.367
50051,0.048,-0.526,10.107,-0.011,0.006,-0.027,26.367
50061,0.062,-0.526,10.093,-0.012,0.006,-0.027,26.375
50071,0.077,-0.550,10.064,-0.013,0.006,-0.027,26.375
50081,0.091,-0.555,10.064,-0.012,0.006,-0.026,26.367
50091,0.120,-0.546,10.064,-0.012,0.006,-0.026,26.367
50101,0.100,-0.550,10.079,-0.011,0.006,-0.027,26.336
50111,0.091,-0.555,10.088,-0.011,0.005,-0.026,26.336
50121,0.096,-0.541,10.079,-0.013,0.005,-0.026,26.375
50131,0.081,-0.541,10.093,-0.013,0.006,-0.027,26.375
50141,0.057,-0.550,10.079,-0.012,0.006,-0.027,26.332
50151,0.053,-0.541,10.083,-0.013,0.006,-0.027,26.332
50161,0.048,-0.536,10.098,-0.012,0.006,-0.026,26.344
50171,0.038,-0.546,10.093,-0.012,0.005,-0.027,26.344
50181,0.053,-0.522,10.098,-0.012,0.005,-0.027,26.348
50191,0.057,-0.541,10.093,-0.012,0.006,-0.026,26.348
50201,0.081,-0.522,10.064,-0.012,0.006,-0.026,26.371
50211,0.091,-0.522,10.098,-0.012,0.006,-0.027,26.371
50221,0.091,-0.512,10.064,-0.012,0.006,-0.027,26.383
50231,0.086,-0.517,10.093,-0.011,0.006,-0.026,26.383
50241,0.096,-0.507,10.074,-0.012,0.006,-0.027,26.355
50251,0.077,-0.522,10.102,-0.012,0.005,-0.026,26.355
50261,0.062,-0.536,10.074,-0.012,0.006,-0.027,26.379
50271,0.057,-0.550,10.098,-0.012,0.007,-0.026,26.379
50281,0.048,-0.565,10.083,-0.012,0.006,-0.027,26.367
50291,0.057,-0.555,10.093,-0.012,0.006,-0.027,26.367
50301,0.043,-0.569,10.088,-0.012,0.006,-0.026,26.387
50311,0.048,-0.569,10.069,-0.012,0.005,-0.027,26.387
50321,0.048,-0.560,10.088,-0.012,0.005,-0.027,26.379
50331,0.091,-0.546,10.083,-0.012,0.005,-0.027,26.379
50341,0.091,-0.550,10.079,-0.012,0.005,-0.027,26.430
50351,0.067,-0.531,10.102,-0.012,0.006,-0.027,26.430
50361,0.062,-0.512,10.069,-0.012,0.006,-0.027,26.371
50371,0.091,-0.512,10.102,-0.011,0.006,-0.027,26.371
50381,0.067,-0.488,10.093,-0.011,0.007,-0.027,26.367
50391,0.086,-0.502,10.093,-0.012,0.006,-0.028,26.367
50401,0.048,-0.507,10.107,-0.011,0.006,-0.027,26.340
50411,0.062,-0.512,10.102,-0.012,0.006,-0.027,26.340
50421,0.038,-0.493,10.117,-0.012,0.006,-0.027,26.367
50431,0.062,-0.498,10.064,-0.012,0.006,-0.027,26.367
50441,0.062,-0.546,10.083,-0.011,0.006,-0.026,26.363
50451,0.086,-0.541,10.083,-0.012,0.005,-0.026,26.363
50461,0.086,-0.555,10.069,-0.012,0.005,-0.026,26.375
50471,0.100,-0.579,10.107,-0.013,0.005,-0.027,26.375
50481,0.105,-0.574,10.074,-0.012,0.005,-0.026,26.379
50491,0.077,-0.536,10.064,-0.012,0.007,-0.026,26.379
50501,0.057,-0.555,10.093,-0.013,0.005,-0.027,26.344
50511,0.024,-0.546,10.083,-0.012,0.006,-0.027,26.344
50521,0.024,-0.536,10.122,-0.012,0.005,-0.027,26.355
50541,0.081,-0.507,10.074,-0.012,0.007,-0.027,26.344
50551,0.077,-0.512,10.093,-0.012,0.006,-0.026,26.379
50561,0.096,-0.502,10.079,-0.012,0.006,-0.026,26.379
50571,0.129,-0.502,10.088,-0.012,0.006,-0.026,26.363
50581,0.134,-0.512,10.102,-0.012,0.005,-0.026,26.363
50591,0.144,-0.498,10.079,-0.012,0.006,-0.026,26.340
50601,0.077,-0.522,10.079,-0.012,0.006,-0.027,26.340
50611,0.072,-0.546,10.074,-0.012,0.005,-0.027,26.332
50621,0.057,-0.560,10.083,-0.012,0.006,-0.027,26.332
50631,0.019,-0.574,10.107,-0.012,0.006,-0.027,26.363
50641,0.024,-0.584,10.093,-0.011,0.007,-0.027,26.363
50651,0.033,-0.569,10.112,-0.011,0.006,-0.027,26.352
50661,0.067,-0.555,10.093,-0.012,0.006,-0.027,26.352
50671,0.062,-0.526,10.093,-0.012,0.006,-0.026,26.359
50681,0.081,-0.512,10.102,-0.012,0.005,-0.026,26.359
50691,0.110,-0.512,10.098,-0.012,0.005,-0.026,26.371
50701,0.105,-0.502,10.074,-0.012,0.006,-0.026,26.371
50711,0.110,-0.483,10.093,-0.012,0.006,-0.027,26.352
50721,0.105,-0.507,10.079,-0.013,0.005,-0.027,26.352
50731,0.091,-0.502,10.079,-0.012,0.006,-0.026,26.344
50741,0.091,-0.517,10.069,-0.012,0.006,-0.027,26.344
50751,0.048,-0.536,10.088,-0.012,0.006,-0.027,26.340
50761,0.043,-0.541,10.088,-0.012,0.006,-0.027,26.340
50771,0.062,-0.541,10.093,-0.012,0.006,-0.026,26.402
50781,0.067,-0.546,10.079,-0.012,0.006,-0.027,26.402
50791,0.062,-0.550,10.079,-0.011,0.006,-0.027,26.336
50801,0.067,-0.555,10.069,-0.012,0.005,-0.027,26.336
50811,0.081,-0.560,10.102,-0.011,0.006,-0.027,26.340
50821,0.072,-0.541,10.102,-0.012,0.006,-0.027,26.340
50831,0.072,-0.546,10.107,-0.012,0.005,-0.027,26.340
50841,0.067,-0.531,10.079,-0.012,0.007,-0.026,26.340
50851,0.072,-0.517,10.079,-0.012,0.007,-0.026,26.332
50861,0.086,-0.488,10.093,-0.012,0.006,-0.027,26.332
50871,0.100,-0.483,10.088,-0.012,0.006,-0.027,26.355
50881,0.067,-0.493,10.088,-0.012,0.006,-0.026,26.355
50891,0.129,-0.517,10.083,-0.012,0.006,-0.026,26.352
50901,0.086,-0.522,10.074,-0.012,0.006,-0.026,26.352
50911,0.081,-0.522,10.088,-0.012,0.005,-0.027,26.371
50921,0.096,-0.541,10.074,-0.012,0.005,-0.027,26.371
50931,0.057,-0.536,10.088,-0.012,0.005,-0.027,26.363
50941,0.038,-0.555,10.098,-0.012,0.005,-0.027,26.363
50951,0.053,-0.546,10.083,-0.013,0.005,-0.027,26.363
50961,0.033,-0.560,10.088,-0.012,0.006,-0.027,26.363
50971,0.043,-0.546,10.088,-0.012,0.006,-0.026,26.316
50981,0.067,-0.536,10.098,-0.012,0.006,-0.027,26.316
50991,0.077,-0.522,10.098,-0.013,0.006,-0.026,26.336
51001,0.072,-0.517,10.074,-0.012,0.006,-0.026,26.336
51011,0.091,-0.512,10.093,-0.011,0.006,-0.026,26.355
51021,0.086,-0.502,10.093,-0.012,0.006,-0.027,26.355
51031,0.096,-0.531,10.074,-0.012,0.006,-0.027,26.387
51041,0.096,-0.512,10.102,-0.012,0.006,-0.027,26.387
51051,0.120,-0.507,10.098,-0.012,0.006,-0.027,26.332
51061,0.057,-0.536,10.107,-0.012,0.006,-0.027,26.332
51071,0.033,-0.536,10.117,-0.011,0.006,-0.027,26.363
51081,0.033,-0.541,10.107,-0.012,0.006,-0.027,26.363
51091,0.038,-0.536,10.079,-0.012,0.007,-0.027,26.340
51101,0.067,-0.550,10.079,-0.012,0.006,-0.027,26.340
51111,0.072,-0.555,10.098,-0.012,0.007,-0.027,26.367
51121,0.100,-0.579,10.079,-0.012,0.006,-0.027,26.367
51131,0.091,-0.555,10.093,-0.012,0.005,-0.027,26.371
51141,0.115,-0.546,10.088,-0.012,0.005,-0.027,26.371
51151,0.067,-0.555,10.074,-0.012,0.006,-0.027,26.355
51161,0.062,-0.526,10.098,-0.012,0.006,-0.027,26.355
51171,0.062,-0.526,10.093,-0.012,0.005,-0.027,26.355
51181,0.072,-0.512,10.088,-0.012,0.006,-0.027,26.355
51191,0.043,-0.512,10.098,-0.012,0.006,-0.027,26.316
51201,0.067,-0.507,10.088,-0.011,0.006,-0.027,26.316
51211,0.053,-0.512,10.083,-0.011,0.006,-0.027,26.332
51221,0.067,-0.512,10.059,-0.012,0.006,-0.026,26.332
51231,0.072,-0.522,10.079,-0.012,0.006,-0.026,26.363
51241,0.077,-0.531,10.069,-0.012,0.005,-0.027,26.363
51251,0.105,-0.546,10.079,-0.012,0.006,-0.027,26.367
51261,0.086,-0.560,10.079,-0.012,0.005,-0.028,26.367
51271,0.091,-0.541,10.093,-0.012,0.005,-0.027,26.371
51281,0.067,-0.565,10.088,-0.012,0.005,-0.027,26.371
51291,0.067,-0.565,10.093,-0.012,0.005,-0.027,26.336
51301,0.072,-0.536,10.088,-0.013,0.006,-0.026,26.336
51311,0.062,-0.531,10.088,-0.012,0.006,-0.026,26.332
51321,0.043,-0.507,10.098,-0.012,0.006,-0.026,26.332
51331,0.062,-0.507,10.093,-0.012,0.005,-0.026,26.332
51341,0.081,-0.526,10.074,-0.011,0.006,-0.027,26.332
51351,0.086,-0.502,10.102,-0.011,0.006,-0.027,26.367
51361,0.086,-0.507,10.083,-0.011,0.006,-0.027,26.367
51371,0.096,-0.522,10.093,-0.012,0.006,-0.027,26.375
51381,0.100,-0.531,10.074,-0.012,0.006,-0.027,26.375
51391,0.091,-0.526,10.088,-0.012,0.006,-0.027,26.367
51401,0.077,-0.536,10.079,-0.013,0.006,-0.027,26.367
51411,0.048,-0.546,10.079,-0.013,0.007,-0.027,26.352
51421,0.062,-0.574,10.088,-0.011,0.006,-0.027,26.352
51431,0.053,-0.560,10.064,-0.012,0.007,-0.026,26.352
51441,0.072,-0.569,10.098,-0.012,0.006,-0.027,26.352
51451,0.062,-0.550,10.088,-0.012,0.006,-0.027,26.348
51461,0.053,-0.541,10.088,-0.013,0.006,-0.027,26.348
51471,0.077,-0.536,10.088,-0.013,0.006,-0.027,26.398
51481,0.077,-0.536,10.083,-0.011,0.006,-0.028,26.398
51491,0.067,-0.517,10.069,-0.012,0.005,-0.027,26.352
51501,0.077,-0.507,10.074,-0.012,0.006,-0.026,26.352
51511,0.100,-0.526,10.079,-0.012,0.006,-0.027,26.383
51521,0.077,-0.512,10.083,-0.011,0.005,-0.027,26.383
51531,0.105,-0.498,10.083,-0.012,0.005,-0.026,26.359
51541,0.096,-0.517,10.079,-0.012,0.006,-0.026,26.359
51551,0.081,-0.550,10.083,-0.012,0.005,-0.027,26.348
51561,0.081,-0.526,10.088,-0.013,0.005,-0.027,26.348
51571,0.038,-0.536,10.088,-0.012,0.006,-0.027,26.328
51581,0.057,-0.560,10.098,-0.011,0.006,-0.027,26.328
51591,0.029,-0.536,10.088,-0.012,0.005,-0.027,26.352
51601,0.029,-0.565,10.102,-0.012,0.006,-0.027,26.352
51611,0.057,-0.560,10.098,-0.012,0.006,-0.027,26.363
51621,0.081,-0.550,10.079,-0.011,0.006,-0.026,26.363
51631,0.086,-0.522,10.079,-0.011,0.006,-0.026,26.348
51641,0.110,-0.512,10.083,-0.011,0.006,-0.027,26.348
51651,0.100,-0.512,10.074,-0.011,0.007,-0.026,26.336
51661,0.081,-0.512,10.074,-0.012,0.006,-0.027,26.336
51671,0.110,-0.512,10.079,-0.012,0.006,-0.027,26.367
51681,0.072,-0.507,10.083,-0.012,0.006,-0.027,26.367
51691,0.072,-0.502,10.079,-0.012,0.006,-0.026,26.355
51701,0.067,-0.507,10.093,-0.012,0.006,-0.027,26.355
51711,0.057,-0.517,10.117,-0.012,0.006,-0.027,26.383
51721,0.072,-0.517,10.088,-0.012,0.007,-0.027,26.383
51731,0.072,-0.546,10.098,-0.011,0.006,-0.027,26.387
51741,0.048,-0.512,10.098,-0.012,0.006,-0.027,26.387
51751,0.062,-0.569,10.093,-0.011,0.006,-0.027,26.391
51761,0.072,-0.555,10.112,-0.012,0.005,-0.027,26.391
51771,0.077,-0.550,10.093,-0.011,0.006,-0.027,26.359
51781,0.072,-0.560,10.083,-0.012,0.007,-0.027,26.359
51791,0.081,-0.536,10.083,-0.012,0.006,-0.027,26.383
51801,0.105,-0.531,10.069,-0.012,0.006,-0.027,26.383
51811,0.100,-0.541,10.088,-0.011,0.006,-0.026,26.375
51821,0.072,-0.546,10.098,-0.012,0.006,-0.026,26.375
51831,0.096,-0.502,10.074,-0.011,0.006,-0.027,26.355
51841,0.053,-0.502,10.088,-0.012,0.006,-0.027,26.355
51861,0.067,-0.522,10.093,-0.012,0.006,-0.027,26.379
51871,0.072,-0.512,10.093,-0.012,0.006,-0.027,26.379
51881,0.072,-0.526,10.079,-0.012,0.005,-0.027,26.402
51891,0.048,-0.550,10.083,-0.012,0.006,-0.027,26.402
51901,0.067,-0.536,10.074,-0.012,0.006,-0.027,26.316
51911,0.077,-0.579,10.074,-0.011,0.006,-0.027,26.316
51921,0.072,-0.560,10.079,-0.012,0.006,-0.027,26.379
51931,0.086,-0.546,10.074,-0.012,0.005,-0.027,26.379
51941,0.096,-0.522,10.098,-0.012,0.005,-0.027,26.383
51951,0.077,-0.517,10.117,-0.012,0.005,-0.027,26.383
51961,0.081,-0.512,10.107,-0.012,0.006,-0.027,26.391
51971,0.062,-0.517,10.107,-0.012,0.006,-0.027,26.391
51981,0.067,-0.507,10.079,-0.013,0.006,-0.027,26.387
51991,0.077,-0.522,10.088,-0.012,0.006,-0.027,26.387
52001,0.043,-0.522,10.088,-0.012,0.006,-0.026,26.340
52011,0.072,-0.536,10.083,-0.012,0.006,-0.027,26.340
52021,0.086,-0.536,10.107,-0.013,0.006,-0.027,26.348
52031,0.091,-0.550,10.093,-0.013,0.006,-0.027,26.348
52041,0.096,-0.546,10.069,-0.012,0.005,-0.026,26.359
52051,0.081,-0.536,10.098,-0.012,0.005,-0.027,26.359
52061,0.072,-0.536,10.083,-0.012,0.005,-0.026,26.363
52071,0.057,-0.541,10.098,-0.012,0.005,-0.027,26.363
52081,0.086,-0.522,10.079,-0.012,0.006,-0.027,26.375
52091,0.067,-0.517,10.088,-0.012,0.006,-0.027,26.375
52101,0.067,-0.507,10.102,-0.012,0.006,-0.027,26.363
52111,0.062,-0.517,10.093,-0.012,0.006,-0.027,26.363
52121,0.053,-0.526,10.107,-0.012,0.005,-0.027,26.371
52131,0.053,-0.536,10.098,-0.011,0.006,-0.026,26.371
52141,0.062,-0.536,10.102,-0.011,0.005,-0.026,26.406
52151,0.086,-0.536,10.088,-0.011,0.005,-0.027,26.406
52161,0.081,-0.541,10.107,-0.011,0.006,-0.026,26.406
52171,0.067,-0.541,10.069,-0.012,0.005,-0.027,26.406
52181,0.053,-0.560,10.079,-0.012,0.004,-0.027,26.410
52191,0.067,-0.550,10.102,-0.012,0.005,-0.027,26.410
52201,0.057,-0.546,10.079,-0.012,0.004,-0.027,26.391
52211,0.077,-0.550,10.083,-0.011,0.005,-0.027,26.391
52221,0.053,-0.541,10.079,-0.011,0.006,-0.027,26.402
52231,0.072,-0.512,10.098,-0.011,0.006,-0.026,26.402
52241,0.067,-0.517,10.131,-0.011,0.007,-0.026,26.410
52251,0.077,-0.522,10.098,-0.012,0.007,-0.027,26.410
52261,0.053,-0.526,10.069,-0.012,0.007,-0.026,26.332
52271,0.072,-0.507,10.093,-0.012,0.007,-0.027,26.332
52281,0.062,-0.522,10.093,-0.011,0.006,-0.027,26.371
52291,0.067,-0.526,10.035,-0.012,0.005,-0.026,26.371
52301,0.086,-0.546,10.150,-0.011,0.006,-0.026,26.383
52311,0.077,-0.526,10.098,-0.012,0.007,-0.027,26.383
52321,0.091,-0.560,10.074,-0.013,0.005,-0.027,26.340
52331,0.057,-0.541,10.102,-0.011,0.010,-0.027,26.340
52341,0.053,-0.560,10.069,-0.011,0.005,-0.027,26.402
52351,0.062,-0.536,10.064,-0.011,0.009,-0.026,26.402
52361,0.077,-0.531,10.102,-0.012,0.004,-0.027,26.402
52371,0.057,-0.550,10.102,-0.012,0.006,-0.026,26.402
52381,0.062,-0.546,10.098,-0.012,0.004,-0.027,26.348
52391,0.072,-0.517,10.083,-0.012,0.006,-0.026,26.348
52401,0.062,-0.560,10.141,-0.012,0.006,-0.027,26.375
52411,0.072,-0.526,10.055,-0.013,0.006,-0.027,26.375
52421,0.062,-0.517,10.126,-0.012,0.005,-0.027,26.402
52431,0.086,-0.517,10.136,-0.012,0.006,-0.026,26.402
52441,0.086,-0.507,10.107,-0.012,0.007,-0.026,26.363
52451,0.077,-0.507,10.035,-0.013,0.006,-0.027,26.363
52461,0.067,-0.517,10.102,-0.012,0.009,-0.027,26.395
52471,0.086,-0.546,10.050,-0.012,0.006,-0.026,26.395
52481,0.100,-0.546,10.098,-0.012,0.006,-0.027,26.398
52491,0.072,-0.541,10.079,-0.013,0.006,-0.027,26.398
52501,0.086,-0.546,10.083,-0.013,0.006,-0.028,26.363
52511,0.072,-0.569,10.074,-0.012,0.006,-0.028,26.363
52521,0.067,-0.550,10.093,-0.013,0.006,-0.027,26.375
52531,0.077,-0.546,10.093,-0.012,0.006,-0.027,26.375
52541,0.072,-0.522,10.088,-0.012,0.006,-0.026,26.336
52551,0.072,-0.541,10.088,-0.012,0.005,-0.027,26.336
52561,0.057,-0.531,10.098,-0.013,0.005,-0.027,26.363
52571,0.038,-0.498,10.107,-0.012,0.005,-0.027,26.363
52581,0.072,-0.512,10.117,-0.012,0.006,-0.026,26.375
52591,0.077,-0.493,10.074,-0.012,0.007,-0.026,26.375
52601,0.086,-0.502,10.093,-0.011,0.006,-0.027,26.359
52611,0.077,-0.512,10.064,-0.012,0.005,-0.027,26.359
52621,0.086,-0.498,10.131,-0.012,0.005,-0.027,26.379
52631,0.081,-0.522,10.079,-0.012,0.007,-0.027,26.379
52641,0.081,-0.531,10.093,-0.013,0.007,-0.027,26.367
52651,0.062,-0.555,10.107,-0.012,0.007,-0.026,26.367
52661,0.057,-0.546,10.064,-0.012,0.006,-0.027,26.391
52671,0.067,-0.574,10.079,-0.012,0.006,-0.026,26.391
52681,0.077,-0.569,10.079,-0.011,0.006,-0.026,26.395
52691,0.077,-0.565,10.093,-0.012,0.006,-0.026,26.395
52701,0.072,-0.550,10.088,-0.012,0.006,-0.026,26.359
52711,0.062,-0.536,10.098,-0.012,0.007,-0.027,26.359
52721,0.067,-0.517,10.126,-0.012,0.007,-0.027,26.402
52731,0.048,-0.512,10.102,-0.012,0.007,-0.027,26.402
52741,0.038,-0.488,10.088,-0.012,0.006,-0.027,26.391
52751,0.072,-0.507,10.069,-0.012,0.006,-0.028,26.391
52761,0.072,-0.493,10.107,-0.012,0.004,-0.027,26.371
52771,0.067,-0.493,10.083,-0.011,0.006,-0.027,26.371
52781,0.096,-0.502,10.102,-0.012,0.006,-0.027,26.379
52791,0.096,-0.531,10.093,-0.011,0.007,-0.027,26.379
52801,0.072,-0.526,10.079,-0.012,0.007,-0.027,26.438
52811,0.072,-0.522,10.055,-0.012,0.006,-0.026,26.438
52821,0.081,-0.546,10.069,-0.012,0.006,-0.027,26.383
52831,0.091,-0.560,10.112,-0.012,0.005,-0.027,26.383
52841,0.081,-0.550,10.126,-0.011,0.006,-0.027,26.406
52851,0.072,-0.589,10.088,-0.012,0.007,-0.027,26.406
52861,0.048,-0.531,10.083,-0.012,0.007,-0.027,26.426
52871,0.053,-0.502,10.102,-0.012,0.006,-0.028,26.426
52881,0.048,-0.531,10.050,-0.012,0.009,-0.027,26.383
52891,0.053,-0.512,10.079,-0.012,0.006,-0.027,26.383
52901,0.077,-0.517,10.102,-0.012,0.004,-0.027,26.367
52911,0.086,-0.526,10.079,-0.012,0.007,-0.027,26.367
52921,0.110,-0.536,10.112,-0.012,0.005,-0.026,26.359
52931,0.086,-0.531,10.083,-0.013,0.007,-0.027,26.359
52941,0.053,-0.522,10.055,-0.012,0.009,-0.027,26.410
52951,0.077,-0.531,10.059,-0.013,0.005,-0.027,26.410
52961,0.062,-0.517,10.093,-0.012,0.006,-0.027,26.359
52971,0.053,-0.517,10.093,-0.013,0.006,-0.027,26.359
52981,0.062,-0.536,10.088,-0.012,0.006,-0.026,26.371
52991,0.072,-0.507,10.102,-0.012,0.006,-0.027,26.371
53001,0.057,-0.522,10.112,-0.012,0.009,-0.026,26.367
53011,0.072,-0.502,10.079,-0.012,0.009,-0.026,26.367
53021,0.062,-0.512,10.045,-0.011,0.006,-0.026,26.355
53031,0.077,-0.522,10.098,-0.012,0.005,-0.027,26.355
53041,0.100,-0.526,10.098,-0.012,0.005,-0.027,26.379
53051,0.105,-0.536,10.088,-0.012,0.006,-0.027,26.379
53061,0.096,-0.546,10.112,-0.013,0.004,-0.027,26.371
53071,0.038,-0.560,10.064,-0.012,0.007,-0.027,26.371
53081,0.038,-0.579,10.035,-0.012,0.009,-0.027,26.414
53091,0.043,-0.565,10.141,-0.012,0.002,-0.028,26.414
53101,0.077,-0.584,10.131,-0.011,0.007,-0.027,26.363
53111,0.057,-0.555,10.059,-0.011,0.010,-0.026,26.363
53121,0.062,-0.507,10.055,-0.012,0.005,-0.027,26.352
53141,0.100,-0.488,10.131,-0.012,0.006,-0.027,26.371
53151,0.110,-0.488,10.122,-0.012,0.007,-0.026,26.426
53161,0.100,-0.469,10.098,-0.012,0.007,-0.027,26.426
53171,0.072,-0.474,10.112,-0.011,0.010,-0.027,26.371
53181,0.048,-0.488,9.978,-0.013,0.007,-0.026,26.371
53191,0.072,-0.522,10.141,-0.012,0.007,-0.027,26.410
53201,0.096,-0.560,10.083,-0.015,0.005,-0.026,26.410
53211,0.072,-0.584,10.107,-0.013,0.007,-0.027,26.391
53221,0.077,-0.603,10.064,-0.015,0.006,-0.027,26.391
53231,0.043,-0.579,10.079,-0.013,0.011,-0.027,26.328
53241,0.024,-0.584,10.074,-0.015,0.007,-0.027,26.328
53251,0.019,-0.589,10.098,-0.015,0.007,-0.027,26.367
53261,0.024,-0.579,10.165,-0.017,0.006,-0.028,26.367
53271,0.005,-0.541,10.117,-0.018,0.010,-0.027,26.359
53281,0.019,-0.550,10.045,-0.016,0.011,-0.027,26.359
53291,0.014,-0.507,10.098,-0.015,0.013,-0.026,26.426
53301,0.105,-0.493,10.064,-0.023,0.007,-0.027,26.426
53311,0.124,-0.464,10.064,-0.020,0.011,-0.028,26.344
53321,0.134,-0.474,10.088,-0.021,0.009,-0.027,26.344
53331,0.158,-0.483,10.064,-0.022,0.005,-0.029,26.367
53341,0.153,-0.474,10.074,-0.021,0.010,-0.028,26.367
53351,0.096,-0.507,10.064,-0.023,0.007,-0.027,26.352
53361,0.072,-0.565,10.021,-0.022,0.005,-0.031,26.352
53371,-0.005,-0.593,10.155,-0.001,0.007,-0.027,26.398
53381,-0.019,-0.598,10.055,-0.007,0.005,-0.027,26.398
53391,-0.019,-0.584,10.093,-0.005,0.005,-0.028,26.375
53401,-0.010,-0.589,10.098,-0.005,0.005,-0.027,26.375
53411,0.014,-0.579,10.083,-0.006,0.005,-0.027,26.395
53421,0.048,-0.555,10.069,-0.005,0.007,-0.026,26.395
53431,0.077,-0.522,10.126,-0.005,0.005,-0.027,26.383
53441,0.110,-0.517,10.088,-0.009,0.006,-0.026,26.383
53451,0.115,-0.498,10.079,-0.009,0.006,-0.027,26.359
53461,0.115,-0.479,10.064,-0.010,0.006,-0.027,26.359
53471,0.115,-0.488,10.102,-0.009,0.005,-0.028,26.422
53481,0.100,-0.512,10.098,-0.009,0.006,-0.028,26.422
53491,0.077,-0.493,10.102,-0.010,0.005,-0.028,26.375
53501,0.057,-0.502,10.112,-0.010,0.006,-0.027,26.375
53511,0.048,-0.517,10.126,-0.010,0.006,-0.026,26.379
53521,0.038,-0.526,10.083,-0.011,0.006,-0.026,26.379
53531,0.033,-0.565,10.069,-0.012,0.006,-0.026,26.375
53541,0.048,-0.546,10.102,-0.011,0.006,-0.026,26.375
53551,0.081,-0.565,10.093,-0.011,0.006,-0.026,26.402
53561,0.067,-0.560,10.079,-0.010,0.006,-0.027,26.402
53571,0.067,-0.569,10.074,-0.010,0.006,-0.028,26.383
53581,0.067,-0.574,10.079,-0.010,0.006,-0.028,26.383
53591,0.048,-0.560,10.093,-0.011,0.006,-0.027,26.379
53601,0.048,-0.560,10.069,-0.011,0.006,-0.027,26.379
53611,0.062,-0.526,10.079,-0.012,0.006,-0.026,26.391
53621,0.077,-0.522,10.088,-0.011,0.006,-0.026,26.391
53631,0.072,-0.493,10.093,-0.011,0.005,-0.026,26.387
53641,0.096,-0.479,10.083,-0.011,0.005,-0.026,26.387
53651,0.072,-0.493,10.088,-0.011,0.006,-0.026,26.359
53661,0.091,-0.498,10.117,-0.011,0.005,-0.027,26.359
53671,0.057,-0.488,10.107,-0.012,0.006,-0.027,26.379
53681,0.067,-0.526,10.093,-0.012,0.007,-0.027,26.379
53691,0.062,-0.536,10.088,-0.012,0.005,-0.027,26.305
53701,0.024,-0.579,10.088,-0.013,0.006,-0.027,26.305
53711,0.038,-0.560,10.079,-0.012,0.006,-0.027,26.375
53721,0.043,-0.574,10.088,-0.012,0.007,-0.027,26.375
53731,0.072,-0.584,10.088,-0.012,0.006,-0.027,26.363
53741,0.072,-0.584,10.102,-0.013,0.005,-0.027,26.363
53751,0.057,-0.565,10.083,-0.013,0.007,-0.027,26.363
53761,0.077,-0.550,10.064,-0.012,0.006,-0.027,26.363
53771,0.053,-0.531,10.074,-0.012,0.007,-0.027,26.375
53781,0.067,-0.541,10.069,-0.012,0.006,-0.028,26.375
53791,0.043,-0.522,10.079,-0.012,0.006,-0.027,26.371
53801,0.053,-0.493,10.112,-0.012,0.006,-0.027,26.371
53811,0.081,-0.479,10.112,-0.013,0.005,-0.026,26.367
53821,0.091,-0.498,10.093,-0.013,0.007,-0.026,26.367
53831,0.077,-0.493,10.069,-0.012,0.006,-0.026,26.379
53841,0.091,-0.493,10.074,-0.012,0.006,-0.027,26.379
53851,0.062,-0.531,10.079,-0.012,0.006,-0.027,26.352
53861,0.062,-0.546,10.074,-0.012,0.006,-0.027,26.352
53871,0.038,-0.584,10.102,-0.013,0.005,-0.027,26.375
53881,0.033,-0.598,10.079,-0.013,0.006,-0.027,26.375
53891,0.029,-0.622,10.083,-0.013,0.006,-0.028,26.367
53901,0.033,-0.593,10.112,-0.013,0.006,-0.027,26.367
53911,0.048,-0.584,10.093,-0.013,0.006,-0.027,26.363
53921,0.067,-0.536,10.083,-0.013,0.006,-0.027,26.363
53931,0.096,-0.522,10.083,-0.012,0.006,-0.026,26.332
53941,0.120,-0.493,10.088,-0.011,0.006,-0.026,26.332
53951,0.110,-0.488,10.059,-0.012,0.006,-0.026,26.387
53961,0.139,-0.459,10.050,-0.012,0.005,-0.027,26.387
53971,0.091,-0.479,10.093,-0.012,0.002,-0.027,26.379
53981,0.091,-0.483,10.169,-0.010,0.005,-0.028,26.379
53991,0.053,-0.498,10.083,-0.011,0.010,-0.027,26.344
54001,0.048,-0.517,10.059,-0.013,0.006,-0.027,26.344
54011,0.019,-0.560,10.093,-0.012,0.006,-0.026,26.395
54021,0.024,-0.584,10.045,-0.011,0.005,-0.026,26.395
54031,0.057,-0.603,10.083,-0.011,0.005,-0.027,26.391
54041,0.072,-0.589,10.093,-0.012,0.006,-0.026,26.391
54051,0.077,-0.574,10.102,-0.012,0.005,-0.027,26.387
54061,0.091,-0.555,10.074,-0.012,0.006,-0.027,26.387
54071,0.091,-0.550,10.069,-0.011,0.006,-0.027,26.359
54081,0.077,-0.531,10.079,-0.011,0.006,-0.028,26.359
54091,0.067,-0.507,10.093,-0.012,0.006,-0.027,26.383
54101,0.072,-0.507,10.098,-0.012,0.005,-0.028,26.383
54111,0.072,-0.493,10.098,-0.011,0.006,-0.026,26.348
54121,0.067,-0.483,10.098,-0.012,0.006,-0.027,26.348
54131,0.053,-0.488,10.088,-0.013,0.007,-0.026,26.355
54141,0.067,-0.498,10.093,-0.011,0.006,-0.027,26.355
54151,0.072,-0.522,10.079,-0.011,0.006,-0.026,26.336
54161,0.072,-0.546,10.083,-0.013,0.006,-0.026,26.336
54171,0.072,-0.574,10.069,-0.013,0.006,-0.026,26.383
54181,0.067,-0.579,10.069,-0.012,0.006,-0.026,26.383
54191,0.062,-0.598,10.074,-0.013,0.006,-0.026,26.445
54201,0.062,-0.579,10.088,-0.012,0.006,-0.026,26.445
54211,0.057,-0.574,10.074,-0.012,0.006,-0.026,26.383
54221,0.062,-0.546,10.107,-0.012,0.005,-0.026,26.383
54231,0.062,-0.522,10.088,-0.012,0.006,-0.026,26.367
54241,0.067,-0.526,10.088,-0.012,0.006,-0.027,26.367
54251,0.072,-0.498,10.069,-0.011,0.005,-0.026,26.383
54261,0.091,-0.479,10.088,-0.011,0.005,-0.027,26.383
54271,0.067,-0.469,10.079,-0.012,0.005,-0.027,26.387
54281,0.096,-0.459,10.122,-0.012,0.004,-0.027,26.387
54291,0.072,-0.498,10.126,-0.012,0.006,-0.027,26.355
54301,0.100,-0.507,10.098,-0.013,0.007,-0.027,26.355
54311,0.086,-0.526,10.083,-0.012,0.009,-0.027,26.324
54321,0.072,-0.546,10.079,-0.012,0.007,-0.026,26.324
54331,0.048,-0.560,10.050,-0.013,0.007,-0.026,26.332
54341,0.038,-0.565,10.059,-0.011,0.005,-0.027,26.332
54351,0.077,-0.569,10.102,-0.011,0.005,-0.027,26.344
54361,0.053,-0.560,10.083,-0.012,0.007,-0.026,26.344
54371,0.067,-0.565,10.055,-0.012,0.006,-0.026,26.367
54381,0.067,-0.531,10.021,-0.012,0.006,-0.026,26.367
54391,0.072,-0.555,10.112,-0.012,0.001,-0.027,26.387
54401,0.067,-0.512,10.069,-0.011,0.006,-0.027,26.387
54411,0.072,-0.536,10.102,-0.012,0.005,-0.027,26.383
54421,0.062,-0.517,10.117,-0.011,0.005,-0.027,26.383
54431,0.033,-0.498,10.093,-0.012,0.006,-0.027,26.402
54441,0.053,-0.517,10.069,-0.012,0.006,-0.027,26.402
54451,0.062,-0.502,10.069,-0.012,0.006,-0.027,26.383
54461,0.086,-0.517,10.064,-0.012,0.005,-0.026,26.383
54471,0.091,-0.541,10.098,-0.012,0.006,-0.026,26.375
54491,0.091,-0.536,10.050,-0.012,0.004,-0.027,26.340
54501,0.072,-0.555,10.074,-0.012,0.004,-0.027,26.391
54511,0.057,-0.574,10.088,-0.012,0.006,-0.027,26.391
54521,0.057,-0.560,10.088,-0.013,0.005,-0.026,26.383
54531,0.062,-0.550,10.088,-0.012,0.006,-0.026,26.383
54541,0.043,-0.531,10.098,-0.012,0.006,-0.027,26.344
54551,0.043,-0.526,10.093,-0.012,0.006,-0.027,26.344
54561,0.038,-0.526,10.088,-0.011,0.006,-0.027,26.371
54571,0.029,-0.512,10.074,-0.011,0.006,-0.027,26.371
54581,0.067,-0.517,10.079,-0.011,0.007,-0.027,26.363
54591,0.086,-0.512,10.059,-0.012,0.006,-0.027,26.363
54601,0.120,-0.502,10.064,-0.011,0.007,-0.027,26.418
54611,0.096,-0.502,10.055,-0.011,0.005,-0.027,26.418
54621,0.086,-0.531,10.093,-0.012,0.005,-0.027,26.391
54631,0.072,-0.536,10.088,-0.013,0.005,-0.026,26.391
54641,0.086,-0.560,10.083,-0.013,0.006,-0.027,26.383
54651,0.043,-0.541,10.083,-0.012,0.006,-0.027,26.383
54661,0.033,-0.565,10.079,-0.012,0.007,-0.026,26.348
54671,0.057,-0.560,10.112,-0.012,0.004,-0.027,26.348
54681,0.048,-0.574,10.107,-0.011,0.007,-0.027,26.363
54691,0.043,-0.541,10.079,-0.012,0.006,-0.026,26.363
54701,0.057,-0.512,10.093,-0.012,0.006,-0.027,26.332
54711,0.062,-0.512,10.059,-0.012,0.007,-0.028,26.332
54721,0.096,-0.512,10.069,-0.012,0.005,-0.027,26.371
54731,0.086,-0.502,10.150,-0.011,0.006,-0.027,26.371
54741,0.081,-0.493,10.107,-0.012,0.007,-0.027,26.340
54751,0.096,-0.469,10.059,-0.013,0.006,-0.027,26.340
54761,0.062,-0.498,10.055,-0.011,0.007,-0.027,26.367
54771,0.081,-0.526,10.088,-0.012,0.005,-0.028,26.367
54781,0.091,-0.531,10.083,-0.011,0.006,-0.027,26.387
54791,0.077,-0.550,10.112,-0.011,0.006,-0.027,26.387
54801,0.048,-0.546,10.112,-0.012,0.007,-0.026,26.355
54811,0.038,-0.589,10.069,-0.012,0.009,-0.026,26.355
54821,0.033,-0.569,10.064,-0.012,0.006,-0.027,26.391
54831,0.081,-0.565,10.083,-0.012,0.006,-0.027,26.391
54841,0.072,-0.555,10.098,-0.012,0.005,-0.027,26.379
54851,0.053,-0.531,10.098,-0.011,0.005,-0.026,26.379
54861,0.043,-0.536,10.088,-0.012,0.005,-0.026,26.336
54871,0.048,-0.507,10.107,-0.013,0.006,-0.027,26.336
54881,0.072,-0.493,10.102,-0.012,0.007,-0.027,26.363
54891,0.067,-0.507,10.088,-0.013,0.006,-0.027,26.363
54901,0.057,-0.517,10.088,-0.013,0.007,-0.027,26.355
54911,0.086,-0.498,10.079,-0.013,0.006,-0.026,26.355
54921,0.091,-0.512,10.059,-0.012,0.006,-0.026,26.383
54931,0.086,-0.522,10.069,-0.012,0.006,-0.027,26.383
54941,0.086,-0.541,10.079,-0.013,0.006,-0.027,26.352
54951,0.091,-0.541,10.093,-0.012,0.006,-0.027,26.352
54961,0.057,-0.565,10.102,-0.012,0.006,-0.027,26.395
54971,0.086,-0.541,10.079,-0.012,0.005,-0.027,26.395
54981,0.053,-0.541,10.079,-0.012,0.006,-0.027,26.340
54991,0.043,-0.531,10.093,-0.013,0.006,-0.027,26.340
55001,0.062,-0.550,10.074,-0.012,0.006,-0.026,26.355
55011,0.062,-0.522,10.102,-0.012,0.006,-0.026,26.355
55021,0.067,-0.512,10.088,-0.012,0.005,-0.027,26.383
55031,0.038,-0.507,10.059,-0.013,0.007,-0.027,26.383
55041,0.086,-0.526,10.069,-0.012,0.006,-0.027,26.391
55051,0.077,-0.526,10.079,-0.013,0.005,-0.027,26.391
55061,0.100,-0.536,10.074,-0.012,0.006,-0.027,26.410
55071,0.072,-0.565,10.088,-0.012,0.006,-0.026,26.410
55081,0.053,-0.536,10.093,-0.012,0.005,-0.027,26.395
55091,0.067,-0.546,10.069,-0.012,0.006,-0.027,26.395
55101,0.038,-0.546,10.102,-0.011,0.006,-0.027,26.375
55111,0.057,-0.541,10.079,-0.013,0.006,-0.027,26.375
55121,0.077,-0.526,10.102,-0.012,0.007,-0.026,26.398
55131,0.072,-0.517,10.074,-0.013,0.006,-0.027,26.398
55141,0.067,-0.526,10.064,-0.013,0.007,-0.027,26.395
55151,0.072,-0.522,10.069,-0.013,0.007,-0.027,26.395
55161,0.053,-0.526,10.050,-0.012,0.005,-0.028,26.391
55171,0.067,-0.507,10.136,-0.012,0.002,-0.028,26.391
55181,0.081,-0.512,10.112,-0.011,0.007,-0.027,26.379
55191,0.077,-0.507,10.074,-0.011,0.006,-0.027,26.379
55201,0.096,-0.526,10.093,-0.012,0.005,-0.026,26.383
55211,0.091,-0.522,10.050,-0.012,0.007,-0.026,26.383
55221,0.096,-0.517,10.045,-0.012,0.005,-0.026,26.348
55231,0.096,-0.526,10.059,-0.011,0.006,-0.027,26.348
55241,0.091,-0.531,10.102,-0.012,0.005,-0.026,26.387
55251,0.062,-0.546,10.107,-0.013,0.005,-0.027,26.387
55261,0.048,-0.574,10.102,-0.012,0.005,-0.027,26.379
55271,0.033,-0.574,10.088,-0.012,0.005,-0.027,26.379
55281,0.000,-0.565,10.083,-0.012,0.006,-0.027,26.352
55291,0.043,-0.555,10.150,-0.013,0.005,-0.027,26.352
55301,0.024,-0.555,10.064,-0.011,0.009,-0.026,26.375
55311,0.048,-0.536,10.064,-0.012,0.005,-0.026,26.375
55321,0.072,-0.531,10.093,-0.011,0.007,-0.026,26.367
55331,0.100,-0.541,10.064,-0.011,0.005,-0.026,26.367
55341,0.144,-0.522,10.079,-0.012,0.005,-0.027,26.348
55351,0.110,-0.483,10.093,-0.011,0.006,-0.027,26.348
55361,0.086,-0.517,10.074,-0.013,0.005,-0.027,26.375
55371,0.105,-0.522,10.059,-0.013,0.007,-0.027,26.375
55381,0.057,-0.517,10.083,-0.013,0.004,-0.027,26.363
55391,0.029,-0.531,10.088,-0.013,0.005,-0.027,26.363
55401,0.033,-0.522,10.050,-0.013,0.005,-0.026,26.371
55411,0.081,-0.522,10.131,-0.013,0.004,-0.027,26.371
55421,0.072,-0.541,10.064,-0.012,0.005,-0.027,26.371
55431,0.067,-0.546,10.155,-0.012,0.005,-0.027,26.371
55441,0.067,-0.555,10.112,-0.011,0.006,-0.027,26.359
55451,0.024,-0.536,10.079,-0.011,0.009,-0.027,26.359
55461,0.019,-0.555,10.083,-0.012,0.005,-0.027,26.355
55471,0.038,-0.541,10.064,-0.011,0.007,-0.027,26.355
55481,0.062,-0.522,10.107,-0.012,0.005,-0.027,26.383
55491,0.062,-0.555,10.093,-0.012,0.005,-0.027,26.383
55501,0.124,-0.541,10.074,-0.012,0.006,-0.027,26.398
55511,0.129,-0.541,10.079,-0.012,0.006,-0.027,26.398
55521,0.100,-0.541,10.064,-0.013,0.006,-0.027,26.379
55531,0.110,-0.531,10.035,-0.012,0.006,-0.026,26.379
55541,0.105,-0.517,10.064,-0.012,0.005,-0.027,26.352
55551,0.067,-0.512,10.059,-0.012,0.004,-0.027,26.352
55561,0.043,-0.512,10.050,-0.012,0.004,-0.028,26.359
55571,0.053,-0.512,10.227,-0.012,0.002,-0.028,26.359
55581,0.033,-0.517,10.112,-0.012,0.007,-0.026,26.410
55591,0.000,-0.517,10.107,-0.012,0.011,-0.026,26.410
55601,0.033,-0.517,10.055,-0.013,0.007,-0.027,26.340
55611,0.043,-0.531,10.059,-0.012,0.007,-0.027,26.340
55621,0.057,-0.531,10.064,-0.012,0.006,-0.027,26.387
55631,0.091,-0.526,10.059,-0.012,0.005,-0.027,26.387
55641,0.120,-0.550,10.083,-0.012,0.005,-0.028,26.379
55651,0.139,-0.541,10.093,-0.013,0.005,-0.027,26.379
55661,0.120,-0.546,10.117,-0.012,0.006,-0.028,26.410
55671,0.096,-0.550,9.959,-0.013,0.006,-0.027,26.410
55681,0.091,-0.555,10.093,-0.013,0.002,-0.027,26.379
55691,0.086,-0.512,10.107,-0.012,0.004,-0.026,26.379
55701,0.062,-0.536,10.093,-0.013,0.002,-0.026,26.340
55711,0.057,-0.517,10.136,-0.012,0.005,-0.027,26.340
55721,0.024,-0.531,10.107,-0.012,0.006,-0.026,26.418
55731,0.029,-0.507,10.093,-0.011,0.006,-0.027,26.418
55741,0.010,-0.502,10.045,-0.011,0.009,-0.026,26.391
55751,0.043,-0.517,10.102,-0.011,0.004,-0.028,26.391
55761,0.062,-0.517,10.126,-0.010,0.007,-0.027,26.383
55771,0.077,-0.512,10.059,-0.012,0.004,-0.027,26.383
55781,0.100,-0.531,10.122,-0.012,0.007,-0.027,26.406
55791,0.086,-0.579,10.050,-0.012,0.006,-0.028,26.406
55811,0.096,-0.574,10.083,-0.012,0.005,-0.027,26.371
55821,0.081,-0.579,10.102,-0.012,0.005,-0.027,26.371
55831,0.086,-0.560,10.098,-0.012,0.005,-0.027,26.383
55841,0.067,-0.541,10.117,-0.012,0.007,-0.026,26.383
55851,0.057,-0.541,10.074,-0.013,0.006,-0.027,26.395
55861,0.024,-0.498,10.098,-0.012,0.007,-0.027,26.395
55871,0.033,-0.479,10.069,-0.012,0.005,-0.027,26.391
55881,0.033,-0.493,10.098,-0.012,0.005,-0.027,26.391
55891,0.038,-0.502,10.136,-0.012,0.005,-0.027,26.430
55901,0.077,-0.507,10.146,-0.011,0.007,-0.027,26.430
55911,0.081,-0.517,10.093,-0.012,0.009,-0.027,26.387
55921,0.077,-0.531,10.007,-0.012,0.010,-0.027,26.387
55931,0.091,-0.574,10.088,-0.012,0.006,-0.027,26.371
55941,0.100,-0.565,10.083,-0.013,0.007,-0.026,26.371
55951,0.086,-0.569,10.079,-0.012,0.007,-0.027,26.371
55961,0.086,-0.541,10.074,-0.013,0.006,-0.027,26.371
55971,0.072,-0.526,10.069,-0.013,0.006,-0.026,26.402
55981,0.067,-0.536,10.102,-0.012,0.005,-0.027,26.402
55991,0.053,-0.536,10.074,-0.013,0.005,-0.026,26.418
56001,0.048,-0.522,10.093,-0.012,0.004,-0.027,26.418
56011,0.053,-0.517,10.083,-0.012,0.004,-0.026,26.387
56021,0.043,-0.512,10.093,-0.013,0.004,-0.027,26.387
56031,0.048,-0.502,10.126,-0.012,0.005,-0.027,26.430
56041,0.072,-0.507,10.069,-0.012,0.005,-0.027,26.430
56051,0.067,-0.526,10.088,-0.012,0.006,-0.027,26.348
56061,0.081,-0.531,10.098,-0.012,0.007,-0.027,26.348
56071,0.067,-0.541,10.079,-0.012,0.006,-0.027,26.348
56081,0.091,-0.550,10.088,-0.012,0.007,-0.026,26.348
56091,0.077,-0.536,10.055,-0.012,0.006,-0.026,26.395
56101,0.081,-0.555,10.059,-0.012,0.006,-0.027,26.395
56111,0.072,-0.560,10.035,-0.012,0.006,-0.027,26.402
56121,0.062,-0.546,10.155,-0.012,0.005,-0.027,26.402
56131,0.043,-0.555,10.074,-0.012,0.007,-0.027,26.426
56141,0.062,-0.536,10.074,-0.012,0.005,-0.027,26.426
56151,0.043,-0.526,10.150,-0.011,0.006,-0.027,26.371
56161,0.072,-0.517,10.031,-0.013,0.005,-0.026,26.371
56171,0.038,-0.517,10.102,-0.012,0.005,-0.027,26.352
56181,0.067,-0.507,10.083,-0.012,0.005,-0.026,26.352
56191,0.072,-0.550,10.088,-0.012,0.004,-0.027,26.371
56201,0.091,-0.517,10.102,-0.012,0.006,-0.027,26.371
56211,0.100,-0.517,10.093,-0.013,0.005,-0.027,26.387
56221,0.091,-0.541,10.064,-0.013,0.007,-0.026,26.387
56231,0.091,-0.526,10.102,-0.012,0.006,-0.026,26.379
56241,0.081,-0.546,10.088,-0.012,0.006,-0.026,26.379
56251,0.057,-0.536,10.059,-0.012,0.006,-0.027,26.359
56261,0.057,-0.531,10.079,-0.012,0.007,-0.027,26.359
56271,0.048,-0.565,10.112,-0.012,0.005,-0.026,26.422
56281,0.043,-0.546,10.064,-0.015,0.005,-0.027,26.422
56291,0.057,-0.541,10.102,-0.015,0.009,-0.027,26.363
56301,0.081,-0.536,10.026,-0.017,0.005,-0.027,26.363
56311,0.086,-0.526,10.155,-0.016,0.005,-0.027,26.430
56321,0.105,-0.526,10.102,-0.016,0.007,-0.027,26.430
56331,0.086,-0.512,10.102,-0.013,0.009,-0.026,26.367
56341,0.072,-0.526,10.064,-0.013,0.007,-0.026,26.367
56351,0.062,-0.526,10.093,-0.012,0.009,-0.026,26.398
56361,0.043,-0.522,10.055,-0.011,0.009,-0.026,26.398
56371,0.053,-0.536,10.026,-0.012,0.005,-0.026,26.379
56381,0.081,-0.522,10.098,-0.011,0.005,-0.026,26.379
56391,0.072,-0.531,10.126,-0.012,0.005,-0.027,26.379
56401,0.086,-0.517,10.107,-0.012,0.006,-0.026,26.379
56411,0.096,-0.541,10.098,-0.012,0.006,-0.027,26.355
56421,0.086,-0.536,10.083,-0.013,0.006,-0.027,26.355
56431,0.062,-0.526,10.055,-0.012,0.007,-0.027,26.398
56441,0.043,-0.541,10.141,-0.012,0.006,-0.027,26.398
56451,0.033,-0.541,10.059,-0.011,0.009,-0.026,26.375
56461,0.053,-0.560,10.107,-0.012,0.005,-0.027,26.375
56471,0.048,-0.550,10.040,-0.012,0.007,-0.026,26.418
56481,0.072,-0.536,10.083,-0.010,0.006,-0.027,26.418
56491,0.072,-0.541,10.107,-0.012,0.004,-0.026,26.375
56501,0.096,-0.531,10.064,-0.012,0.006,-0.026,26.375
56511,0.110,-0.541,10.088,-0.013,0.002,-0.027,26.414
56521,0.100,-0.522,10.102,-0.011,0.006,-0.027,26.414
56531,0.091,-0.526,10.093,-0.012,0.005,-0.027,26.414
56541,0.072,-0.541,10.069,-0.012,0.006,-0.027,26.414
56551,0.057,-0.541,10.045,-0.011,0.007,-0.027,26.395
56561,0.067,-0.536,10.107,-0.012,0.005,-0.027,26.395
56571,0.033,-0.531,10.102,-0.010,0.007,-0.027,26.398
56581,0.048,-0.531,10.064,-0.013,0.004,-0.027,26.398
56591,0.086,-0.546,10.102,-0.011,0.006,-0.026,26.418
56601,0.057,-0.550,10.098,-0.011,0.007,-0.027,26.418
56611,0.067,-0.550,10.079,-0.013,0.005,-0.026,26.375
56621,0.072,-0.526,10.059,-0.011,0.007,-0.027,26.375
56631,0.067,-0.550,10.055,-0.013,0.006,-0.027,26.371
56641,0.100,-0.526,10.050,-0.012,0.006,-0.027,26.371
56651,0.067,-0.526,10.079,-0.012,0.005,-0.027,26.398
56661,0.081,-0.526,10.093,-0.012,0.005,-0.028,26.398
56671,0.062,-0.541,10.093,-0.012,0.005,-0.027,26.406
56681,0.077,-0.550,10.098,-0.012,0.006,-0.027,26.406
56691,0.081,-0.517,10.083,-0.012,0.007,-0.027,26.379
56701,0.057,-0.512,10.079,-0.012,0.006,-0.026,26.379
56711,0.086,-0.517,10.069,-0.012,0.005,-0.027,26.379
56721,0.086,-0.531,10.083,-0.011,0.006,-0.027,26.379
56731,0.072,-0.541,10.040,-0.012,0.005,-0.027,26.383
56741,0.086,-0.536,10.141,-0.011,0.006,-0.027,26.383
56751,0.033,-0.555,10.064,-0.012,0.006,-0.027,26.371
56761,0.053,-0.555,10.064,-0.012,0.005,-0.027,26.371
56771,0.043,-0.536,10.093,-0.011,0.007,-0.026,26.398
56781,0.029,-0.517,10.112,-0.012,0.005,-0.026,26.398
56791,0.053,-0.541,10.122,-0.011,0.007,-0.027,26.363
56801,0.067,-0.536,10.107,-0.012,0.007,-0.027,26.363
56811,0.077,-0.517,10.069,-0.011,0.009,-0.026,26.383
56821,0.100,-0.536,10.107,-0.012,0.007,-0.026,26.383
56831,0.086,-0.536,10.083,-0.012,0.007,-0.027,26.387
56841,0.057,-0.517,10.074,-0.012,0.007,-0.027,26.387
56851,0.091,-0.526,10.069,-0.011,0.006,-0.027,26.348
56861,0.067,-0.541,10.088,-0.011,0.007,-0.027,26.348
56871,0.048,-0.555,10.088,-0.012,0.005,-0.027,26.332
56881,0.062,-0.536,10.069,-0.013,0.007,-0.027,26.332
56891,0.072,-0.536,10.055,-0.012,0.006,-0.026,26.418
56901,0.062,-0.560,10.141,-0.012,0.006,-0.026,26.418
56911,0.043,-0.560,10.107,-0.012,0.006,-0.026,26.348
56921,0.033,-0.526,10.102,-0.012,0.009,-0.026,26.348
56931,0.038,-0.522,10.069,-0.012,0.009,-0.027,26.359
56941,0.048,-0.522,10.083,-0.011,0.009,-0.027,26.359
56951,0.062,-0.536,10.079,-0.011,0.009,-0.027,26.375
56961,0.100,-0.536,10.074,-0.013,0.007,-0.027,26.375
56971,0.038,-0.522,10.141,-0.015,0.009,-0.026,26.391
56981,0.148,-0.569,10.040,-0.024,0.000,-0.024,26.391
56991,0.096,-0.526,10.079,-0.012,0.017,-0.026,26.344
57001,0.081,-0.546,10.083,-0.022,0.005,-0.024,26.344
57011,0.100,-0.546,10.040,-0.009,0.005,-0.024,26.340
57021,0.048,-0.517,10.141,-0.002,0.013,-0.026,26.340
57031,0.072,-0.531,10.107,-0.012,-0.001,-0.027,26.359
57041,0.043,-0.541,10.093,-0.005,0.004,-0.026,26.359
57051,0.029,-0.502,10.102,-0.006,0.006,-0.026,26.371
57061,0.048,-0.536,10.093,-0.010,0.005,-0.027,26.371
57071,0.077,-0.555,10.102,-0.004,0.009,-0.026,26.391
57091,0.062,-0.512,10.055,-0.005,0.000,-0.034,26.359
57101,0.072,-0.522,10.059,-0.002,0.004,-0.031,26.387
57111,0.067,-0.550,10.102,0.000,0.004,-0.032,26.387
57121,0.086,-0.536,10.093,-0.002,0.002,-0.033,26.375
57131,0.086,-0.531,10.055,-0.002,0.002,-0.034,26.375
57141,0.057,-0.541,10.088,0.006,0.006,-0.034,26.375
57151,0.024,-0.507,10.107,0.006,0.009,-0.034,26.375
57161,0.072,-0.498,10.069,-0.001,0.006,-0.033,26.402
57171,0.062,-0.493,10.079,-0.005,0.009,-0.032,26.402
57181,0.067,-0.517,10.074,-0.011,0.011,-0.028,26.359
57191,0.081,-0.531,10.083,-0.011,0.011,-0.026,26.359
57201,0.081,-0.512,10.083,-0.011,0.012,-0.026,26.383
57211,0.100,-0.512,10.069,-0.011,0.009,-0.027,26.383
57221,0.096,-0.517,10.069,-0.011,0.007,-0.027,26.391
57231,0.072,-0.522,10.064,-0.012,0.007,-0.027,26.391
57241,0.057,-0.507,10.074,-0.011,0.007,-0.027,26.383
57251,0.081,-0.541,10.088,-0.011,0.009,-0.027,26.383
57261,0.062,-0.522,10.093,-0.009,0.013,-0.026,26.391
57271,0.048,-0.526,10.088,-0.011,0.009,-0.027,26.391
57281,0.086,-0.474,10.055,-0.009,0.010,-0.028,26.332
57291,0.029,-0.507,10.083,-0.010,0.010,-0.026,26.332
57301,0.067,-0.507,10.074,-0.011,0.004,-0.027,26.371
57311,0.072,-0.526,10.083,-0.011,0.010,-0.027,26.371
57321,0.062,-0.517,10.088,-0.011,0.007,-0.026,26.367
57331,0.062,-0.507,10.069,-0.011,0.004,-0.026,26.367
57341,0.077,-0.522,10.079,-0.011,0.004,-0.026,26.355
57351,0.091,-0.531,10.083,-0.011,0.006,-0.027,26.355
57361,0.081,-0.512,10.088,-0.012,0.007,-0.027,26.375
57371,0.077,-0.546,10.069,-0.012,0.007,-0.026,26.375
57381,0.072,-0.555,10.050,-0.012,0.006,-0.027,26.277
57391,0.067,-0.531,10.122,-0.012,0.004,-0.027,26.277
57401,0.053,-0.498,10.112,-0.011,0.006,-0.027,26.383
57411,0.043,-0.507,10.083,-0.012,0.007,-0.026,26.383
57421,0.033,-0.507,10.083,-0.011,0.005,-0.026,26.383
57431,0.053,-0.502,10.102,-0.012,0.006,-0.027,26.383
57441,0.038,-0.507,10.102,-0.012,0.006,-0.027,26.379
57451,0.062,-0.488,10.064,-0.011,0.007,-0.027,26.379
57461,0.086,-0.488,10.088,-0.011,0.005,-0.027,26.414
57471,0.105,-0.488,10.083,-0.012,0.006,-0.026,26.414
57481,0.086,-0.507,10.083,-0.012,0.007,-0.026,26.367
57491,0.105,-0.526,10.074,-0.012,0.006,-0.026,26.367
57501,0.105,-0.522,10.079,-0.012,0.005,-0.027,26.352
57511,0.091,-0.546,10.093,-0.013,0.005,-0.027,26.352
57521,0.062,-0.541,10.083,-0.015,0.006,-0.027,26.355
57531,0.057,-0.560,10.079,-0.013,0.005,-0.027,26.355
57541,0.062,-0.546,10.088,-0.013,0.005,-0.026,26.379
57551,0.029,-0.526,10.069,-0.012,0.005,-0.027,26.379
57561,0.057,-0.512,10.069,-0.012,0.005,-0.026,26.379
57571,0.062,-0.498,10.102,-0.012,0.005,-0.027,26.379
57581,0.048,-0.517,10.122,-0.013,0.005,-0.027,26.398
57591,0.086,-0.517,10.112,-0.013,0.006,-0.027,26.398
57601,0.062,-0.517,10.079,-0.012,0.006,-0.026,26.371
57611,0.043,-0.512,10.045,-0.012,0.005,-0.027,26.371
57621,0.081,-0.502,10.064,-0.012,0.006,-0.028,26.355
57631,0.086,-0.512,10.098,-0.012,0.005,-0.027,26.355
57641,0.086,-0.507,10.098,-0.012,0.006,-0.026,26.352
57651,0.100,-0.512,10.088,-0.012,0.006,-0.026,26.352
57661,0.072,-0.522,10.083,-0.012,0.006,-0.027,26.363
57671,0.086,-0.526,10.079,-0.012,0.006,-0.027,26.363
57681,0.053,-0.512,10.074,-0.012,0.006,-0.027,26.352
57691,0.038,-0.522,10.083,-0.012,0.005,-0.026,26.352
57701,0.033,-0.522,10.093,-0.011,0.005,-0.027,26.367
57711,0.048,-0.531,10.098,-0.012,0.006,-0.027,26.367
57721,0.048,-0.546,10.093,-0.012,0.006,-0.027,26.305
57731,0.048,-0.555,10.059,-0.012,0.006,-0.027,26.305
57741,0.067,-0.526,10.074,-0.012,0.005,-0.027,26.348
57751,0.072,-0.531,10.074,-0.012,0.006,-0.027,26.348
57761,0.100,-0.522,10.064,-0.011,0.006,-0.026,26.355
57771,0.081,-0.512,10.098,-0.011,0.005,-0.027,26.355
57781,0.057,-0.502,10.088,-0.011,0.006,-0.027,26.379
57791,0.053,-0.498,10.083,-0.012,0.006,-0.027,26.379
57801,0.053,-0.488,10.102,-0.011,0.005,-0.026,26.395
57811,0.038,-0.512,10.107,-0.012,0.006,-0.027,26.395
57821,0.053,-0.522,10.083,-0.012,0.006,-0.027,26.352
57831,0.057,-0.526,10.064,-0.011,0.006,-0.027,26.352
57841,0.057,-0.526,10.093,-0.012,0.006,-0.027,26.375
57851,0.067,-0.522,10.093,-0.012,0.006,-0.026,26.375
57861,0.086,-0.536,10.064,-0.012,0.006,-0.027,26.367
57871,0.072,-0.522,10.059,-0.011,0.006,-0.027,26.367
57881,0.105,-0.517,10.069,-0.012,0.006,-0.027,26.359
57891,0.091,-0.502,10.083,-0.011,0.006,-0.027,26.359
57901,0.072,-0.536,10.083,-0.012,0.006,-0.027,26.379
57911,0.067,-0.522,10.083,-0.012,0.007,-0.026,26.379
57921,0.048,-0.522,10.079,-0.012,0.007,-0.027,26.391
57931,0.062,-0.512,10.074,-0.012,0.006,-0.026,26.391
57941,0.062,-0.507,10.083,-0.013,0.006,-0.027,26.371
57951,0.053,-0.493,10.079,-0.012,0.006,-0.027,26.371
57961,0.072,-0.522,10.083,-0.011,0.005,-0.026,26.387
57971,0.086,-0.526,10.088,-0.011,0.005,-0.027,26.387
57981,0.077,-0.541,10.083,-0.011,0.006,-0.027,26.367
57991,0.100,-0.517,10.055,-0.011,0.006,-0.027,26.367
58001,0.086,-0.522,10.093,-0.012,0.005,-0.026,26.352
58011,0.077,-0.502,10.102,-0.012,0.006,-0.027,26.352
58021,0.072,-0.531,10.083,-0.013,0.006,-0.027,26.445
58031,0.062,-0.526,10.088,-0.012,0.005,-0.026,26.445
58041,0.053,-0.526,10.074,-0.011,0.006,-0.027,26.336
58051,0.053,-0.526,10.083,-0.011,0.005,-0.027,26.336
58061,0.072,-0.522,10.083,-0.011,0.006,-0.026,26.363
58071,0.057,-0.498,10.079,-0.012,0.006,-0.026,26.363
58081,0.043,-0.522,10.083,-0.012,0.006,-0.026,26.391
58091,0.077,-0.522,10.074,-0.012,0.006,-0.027,26.391
58101,0.086,-0.526,10.083,-0.012,0.006,-0.026,26.375
58111,0.086,-0.507,10.083,-0.012,0.007,-0.027,26.375
58121,0.072,-0.541,10.079,-0.013,0.007,-0.027,26.352
58131,0.067,-0.517,10.088,-0.012,0.007,-0.027,26.352
58141,0.057,-0.522,10.079,-0.012,0.007,-0.026,26.367
58151,0.019,-0.507,10.069,-0.012,0.007,-0.027,26.367
58161,0.033,-0.517,10.050,-0.012,0.006,-0.026,26.391
58171,0.072,-0.512,10.055,-0.011,0.005,-0.026,26.391
58181,0.081,-0.526,10.050,-0.011,0.005,-0.027,26.340
58191,0.086,-0.517,10.064,-0.012,0.006,-0.027,26.340
58201,0.105,-0.517,10.083,-0.011,0.005,-0.027,26.367
58211,0.110,-0.526,10.079,-0.012,0.006,-0.027,26.367
58221,0.091,-0.517,10.088,-0.012,0.005,-0.028,26.391
58231,0.091,-0.522,10.069,-0.013,0.005,-0.027,26.391
58241,0.043,-0.522,10.098,-0.012,0.006,-0.027,26.355
58251,0.048,-0.517,10.107,-0.012,0.006,-0.027,26.355
58261,0.043,-0.488,10.098,-0.011,0.006,-0.027,26.352
58271,0.038,-0.493,10.088,-0.012,0.006,-0.027,26.352
58281,0.057,-0.498,10.093,-0.012,0.007,-0.026,26.375
58291,0.072,-0.498,10.093,-0.012,0.006,-0.026,26.375
58301,0.091,-0.507,10.083,-0.012,0.007,-0.026,26.344
58311,0.062,-0.507,10.064,-0.012,0.005,-0.027,26.344
58321,0.100,-0.526,10.079,-0.012,0.004,-0.027,26.332
58331,0.115,-0.560,10.069,-0.012,0.006,-0.027,26.332
58341,0.067,-0.550,10.069,-0.012,0.006,-0.026,26.363
58351,0.053,-0.546,10.088,-0.012,0.006,-0.027,26.363
58361,0.029,-0.522,10.074,-0.012,0.006,-0.027,26.359
58381,0.010,-0.502,10.074,-0.012,0.006,-0.026,26.355
58391,0.048,-0.526,10.069,-0.011,0.006,-0.027,26.398
58401,0.057,-0.493,10.055,-0.011,0.006,-0.027,26.398
58411,0.086,-0.507,10.098,-0.011,0.006,-0.026,26.363
58421,0.077,-0.507,10.093,-0.012,0.007,-0.026,26.363
58431,0.091,-0.526,10.074,-0.012,0.007,-0.026,26.355
58441,0.081,-0.512,10.045,-0.012,0.006,-0.026,26.355
58451,0.105,-0.522,10.088,-0.012,0.004,-0.027,26.383
58461,0.100,-0.522,10.098,-0.012,0.005,-0.027,26.383
58471,0.072,-0.507,10.079,-0.012,0.005,-0.027,26.352
58481,0.062,-0.512,10.093,-0.012,0.006,-0.026,26.352
58491,0.053,-0.502,10.079,-0.012,0.006,-0.026,26.355
58501,0.048,-0.502,10.069,-0.012,0.007,-0.026,26.355
58511,0.048,-0.502,10.074,-0.012,0.006,-0.026,26.344
58521,0.033,-0.522,10.112,-0.012,0.006,-0.027,26.344
58531,0.072,-0.569,10.079,-0.012,0.006,-0.027,26.379
58541,0.081,-0.555,10.079,-0.013,0.005,-0.027,26.379
58551,0.081,-0.517,10.079,-0.011,0.005,-0.027,26.344
58561,0.096,-0.531,10.150,-0.011,0.006,-0.026,26.344
58571,0.062,-0.512,10.002,-0.011,0.006,-0.026,26.367
58581,0.062,-0.507,10.031,-0.010,0.009,-0.027,26.367
58591,0.100,-0.531,10.088,-0.015,0.002,-0.028,26.387
58601,0.110,-0.502,10.069,-0.013,0.004,-0.027,26.387
58611,0.067,-0.507,10.059,-0.015,0.002,-0.027,26.359
58621,0.062,-0.517,10.136,-0.015,0.000,-0.028,26.359
58631,0.029,-0.483,10.083,-0.013,0.001,-0.028,26.410
58641,0.029,-0.502,10.107,-0.013,0.002,-0.028,26.410
58651,0.053,-0.522,10.050,-0.015,0.002,-0.028,26.414
58661,0.057,-0.522,10.088,-0.013,0.005,-0.028,26.414
58671,0.053,-0.512,10.059,-0.013,0.001,-0.027,26.375
58681,0.067,-0.531,10.098,-0.012,0.002,-0.027,26.375
58691,0.067,-0.536,10.055,-0.010,0.002,-0.027,26.363
58701,0.067,-0.536,10.059,-0.011,0.005,-0.027,26.363
58711,0.110,-0.526,10.069,-0.013,0.002,-0.026,26.383
58721,0.081,-0.507,10.040,-0.012,0.004,-0.027,26.383
58731,0.105,-0.512,10.079,-0.012,0.000,-0.027,26.391
58741,0.081,-0.488,10.098,-0.013,-0.004,-0.027,26.391
58751,0.057,-0.488,10.150,-0.018,0.005,-0.024,26.355
58761,0.043,-0.517,10.193,-0.032,0.004,-0.026,26.355
58771,0.067,-0.560,10.045,-0.027,-0.001,-0.024,26.391
58781,0.010,-0.522,10.069,-0.015,0.004,-0.027,26.391
58791,0.019,-0.512,10.088,-0.016,0.006,-0.028,26.383
58801,0.067,-0.526,10.079,-0.022,0.002,-0.027,26.383
58811,0.086,-0.526,10.026,-0.023,0.000,-0.027,26.355
58821,0.105,-0.546,10.074,-0.020,0.005,-0.026,26.355
58831,0.115,-0.550,10.102,-0.018,0.006,-0.026,26.398
58841,0.129,-0.526,10.126,-0.017,0.006,-0.026,26.398
58851,0.115,-0.536,10.079,-0.018,0.005,-0.027,26.375
58861,0.105,-0.531,9.988,-0.017,0.007,-0.027,26.375
58871,0.105,-0.531,10.179,-0.017,0.005,-0.028,26.422
58881,0.057,-0.507,10.059,-0.016,0.004,-0.027,26.422
58891,0.024,-0.522,10.093,-0.018,0.009,-0.027,26.355
58901,0.072,-0.517,10.150,-0.020,0.001,-0.028,26.355
58911,0.038,-0.493,10.026,-0.018,0.006,-0.026,26.363
58921,0.086,-0.512,10.136,-0.018,0.004,-0.027,26.363
58931,0.062,-0.512,10.112,-0.017,0.002,-0.027,26.398
58941,0.096,-0.555,10.107,-0.018,0.007,-0.026,26.398
58951,0.053,-0.512,10.059,-0.013,0.004,-0.027,26.383
58961,0.057,-0.550,10.035,-0.017,0.010,-0.026,26.383
58971,0.096,-0.598,10.193,-0.013,0.000,-0.027,26.398
58981,0.053,-0.541,9.892,-0.013,0.012,-0.024,26.398
58991,0.062,-0.560,10.165,-0.011,0.005,-0.026,26.352
59001,0.081,-0.574,10.131,-0.012,0.006,-0.026,26.352
59011,0.086,-0.522,10.050,-0.013,0.002,-0.026,26.352
59021,0.096,-0.517,10.093,-0.013,0.006,-0.024,26.352
59031,0.081,-0.522,10.064,-0.013,0.002,-0.026,26.387
59041,0.081,-0.488,10.079,-0.011,0.009,-0.026,26.387
59051,0.096,-0.512,10.088,-0.012,0.005,-0.027,26.379
59061,0.072,-0.517,10.083,-0.013,0.007,-0.027,26.379
59071,0.062,-0.526,10.117,-0.012,0.005,-0.027,26.383
59081,0.067,-0.526,10.083,-0.015,0.007,-0.026,26.383
59091,0.077,-0.526,10.093,-0.013,0.004,-0.027,26.402
59101,0.072,-0.550,10.074,-0.012,0.007,-0.027,26.402
59111,0.067,-0.546,10.069,-0.013,0.006,-0.027,26.402
59121,0.100,-0.565,10.102,-0.012,0.006,-0.027,26.402
59131,0.086,-0.546,10.088,-0.012,0.006,-0.027,26.406
59141,0.077,-0.526,10.079,-0.013,0.005,-0.027,26.406
59151,0.072,-0.546,10.083,-0.015,0.005,-0.027,26.387
59161,0.081,-0.531,10.064,-0.012,0.006,-0.026,26.387
59171,0.077,-0.522,10.083,-0.012,0.006,-0.027,26.379
59181,0.067,-0.536,10.102,-0.012,0.005,-0.027,26.379
59191,0.057,-0.526,10.098,-0.012,0.005,-0.027,26.410
59201,0.048,-0.531,10.083,-0.013,0.005,-0.027,26.410
59211,0.086,-0.536,10.107,-0.013,0.004,-0.027,26.395
59221,0.091,-0.522,10.074,-0.012,0.007,-0.027,26.395
59231,0.072,-0.502,10.079,-0.012,0.005,-0.027,26.402
59241,0.091,-0.526,10.064,-0.012,0.006,-0.027,26.402
59251,0.096,-0.531,10.069,-0.011,0.005,-0.027,26.398
59261,0.105,-0.531,10.069,-0.012,0.006,-0.027,26.398
59271,0.100,-0.546,10.093,-0.012,0.005,-0.027,26.414
59281,0.081,-0.560,10.079,-0.012,0.006,-0.027,26.414
59291,0.067,-0.555,10.098,-0.011,0.005,-0.027,26.391
59301,0.048,-0.550,10.088,-0.012,0.005,-0.027,26.391
59311,0.043,-0.550,10.088,-0.012,0.005,-0.027,26.395
59321,0.048,-0.536,10.093,-0.012,0.006,-0.027,26.395
59331,0.067,-0.536,10.098,-0.012,0.006,-0.026,26.359
59341,0.053,-0.541,10.088,-0.012,0.007,-0.026,26.359
59351,0.067,-0.526,10.088,-0.012,0.006,-0.027,26.391
59361,0.067,-0.522,10.083,-0.012,0.006,-0.027,26.391
59371,0.081,-0.512,10.093,-0.012,0.006,-0.027,26.398
59381,0.072,-0.507,10.079,-0.011,0.006,-0.027,26.398
59391,0.105,-0.512,10.079,-0.012,0.007,-0.027,26.422
59401,0.086,-0.526,10.074,-0.011,0.006,-0.027,26.422
59411,0.100,-0.546,10.050,-0.011,0.005,-0.026,26.371
59421,0.091,-0.546,10.088,-0.012,0.006,-0.027,26.371
59431,0.086,-0.560,10.079,-0.013,0.006,-0.027,26.375
59441,0.096,-0.536,10.093,-0.012,0.006,-0.027,26.375
59451,0.081,-0.546,10.079,-0.012,0.006,-0.027,26.371
59461,0.062,-0.507,10.088,-0.012,0.006,-0.027,26.371
59471,0.038,-0.536,10.079,-0.011,0.005,-0.027,26.430
59481,0.053,-0.536,10.088,-0.011,0.006,-0.027,26.430
59491,0.053,-0.517,10.098,-0.012,0.006,-0.027,26.363
59501,0.033,-0.531,10.122,-0.011,0.006,-0.027,26.363
59511,0.067,-0.522,10.102,-0.011,0.006,-0.027,26.383
59521,0.086,-0.512,10.074,-0.012,0.006,-0.027,26.383
59531,0.077,-0.531,10.083,-0.011,0.006,-0.027,26.434
59541,0.091,-0.522,10.079,-0.011,0.006,-0.026,26.434
59551,0.105,-0.522,10.093,-0.011,0.006,-0.027,26.414
59561,0.086,-0.507,10.074,-0.012,0.005,-0.026,26.414
59571,0.086,-0.536,10.083,-0.012,0.005,-0.027,26.359
59581,0.057,-0.536,10.083,-0.011,0.005,-0.026,26.359
59591,0.067,-0.541,10.083,-0.012,0.006,-0.027,26.387
59601,0.053,-0.536,10.079,-0.012,0.006,-0.027,26.387
59611,0.057,-0.526,10.098,-0.012,0.005,-0.027,26.426
59621,0.091,-0.536,10.122,-0.012,0.005,-0.027,26.426
59631,0.062,-0.541,10.083,-0.012,0.006,-0.027,26.406
59641,0.077,-0.560,10.074,-0.010,0.004,-0.026,26.406
59661,0.100,-0.536,10.098,-0.012,0.006,-0.027,26.359
59671,0.081,-0.546,10.055,-0.012,0.006,-0.027,26.359
59681,0.100,-0.526,10.069,-0.013,0.005,-0.027,26.383
59691,0.215,-0.512,9.925,-0.015,0.005,-0.027,26.383
59701,0.297,-0.555,10.050,-0.021,-0.001,-0.029,26.359
59711,0.206,-0.531,10.241,-0.007,-0.009,-0.031,26.359
59721,-0.077,-0.541,10.165,-0.011,0.016,-0.028,26.383
59731,-0.144,-0.560,10.126,-0.015,0.000,-0.029,26.383
59741,-0.187,-0.555,10.055,-0.012,0.013,-0.024,26.355
59751,-0.096,-0.498,10.059,-0.009,0.005,-0.026,26.355
59761,-0.014,-0.488,10.079,-0.010,0.012,-0.023,26.375
59771,0.158,-0.502,10.141,-0.013,-0.002,-0.023,26.375
59781,0.182,-0.507,10.179,-0.010,0.009,-0.023,26.367
59791,0.225,-0.507,9.954,-0.013,0.007,-0.024,26.367
59801,0.244,-0.565,10.079,-0.012,0.006,-0.028,26.387
59811,0.163,-0.522,9.945,-0.011,0.013,-0.028,26.387
59821,0.120,-0.589,10.040,-0.013,0.000,-0.031,26.348
59831,0.077,-0.579,10.083,-0.013,0.001,-0.029,26.348
59841,0.014,-0.555,10.150,-0.012,0.001,-0.027,26.348
59851,0.010,-0.560,10.107,-0.015,0.006,-0.026,26.348
59861,0.014,-0.522,10.107,-0.013,0.005,-0.026,26.352
59871,0.038,-0.502,10.126,-0.010,0.010,-0.024,26.352
59881,0.048,-0.498,10.122,-0.010,0.007,-0.024,26.395
59891,0.124,-0.498,10.035,-0.012,0.006,-0.024,26.395
59901,0.115,-0.512,10.064,-0.012,0.006,-0.027,26.398
59911,0.105,-0.531,10.064,-0.013,0.006,-0.028,26.398
59921,0.096,-0.550,10.026,-0.012,0.006,-0.029,26.379
59931,0.081,-0.584,10.088,-0.013,0.002,-0.028,26.379
59941,0.077,-0.574,10.102,-0.012,0.006,-0.028,26.359
59951,0.057,-0.579,10.122,-0.012,0.004,-0.027,26.359
59961,0.053,-0.584,10.064,-0.012,0.007,-0.026,26.367
59971,0.057,-0.550,10.083,-0.012,0.007,-0.026,26.367
59981,0.096,-0.507,10.074,-0.012,0.007,-0.024,26.402
59991,0.110,-0.512,10.093,-0.012,0.006,-0.026,26.402
60001,0.124,-0.502,10.088,-0.012,0.005,-0.026,26.410
60011,0.096,-0.498,10.074,-0.012,0.005,-0.027,26.410
60021,0.081,-0.512,10.093,-0.012,0.005,-0.028,26.379
60031,0.072,-0.512,10.088,-0.013,0.006,-0.028,26.379
60041,0.048,-0.541,10.093,-0.012,0.006,-0.028,26.332
60051,0.029,-0.531,10.102,-0.012,0.006,-0.027,26.332
60061,0.033,-0.546,10.122,-0.012,0.006,-0.026,26.395
60071,0.057,-0.536,10.093,-0.012,0.007,-0.026,26.395
60081,0.096,-0.550,10.079,-0.012,0.007,-0.026,26.383
60091,0.100,-0.526,10.074,-0.012,0.007,-0.026,26.383
60101,0.120,-0.536,10.064,-0.012,0.007,-0.027,26.395
60111,0.110,-0.536,10.059,-0.012,0.006,-0.026,26.395
60121,0.120,-0.536,10.069,-0.012,0.005,-0.027,26.395
60131,0.072,-0.541,10.069,-0.012,0.005,-0.027,26.395
60141,0.077,-0.536,10.102,-0.012,0.005,-0.028,26.379
60151,0.053,-0.555,10.093,-0.013,0.005,-0.028,26.379
60161,0.029,-0.565,10.079,-0.012,0.006,-0.027,26.332
60171,0.067,-0.550,10.088,-0.012,0.006,-0.026,26.332
60181,0.043,-0.531,10.083,-0.012,0.006,-0.026,26.441
60191,0.086,-0.536,10.079,-0.012,0.006,-0.026,26.441
60201,0.096,-0.507,10.088,-0.011,0.007,-0.027,26.328
60211,0.096,-0.512,10.079,-0.012,0.007,-0.027,26.328
60221,0.100,-0.493,10.074,-0.011,0.005,-0.028,26.391
60231,0.100,-0.512,10.093,-0.013,0.006,-0.027,26.391
60241,0.096,-0.526,10.088,-0.013,0.006,-0.027,26.359
60251,0.086,-0.560,10.079,-0.013,0.006,-0.028,26.359
60261,0.077,-0.531,10.074,-0.012,0.006,-0.027,26.391
60271,0.062,-0.536,10.088,-0.012,0.006,-0.027,26.391
60281,0.067,-0.546,10.093,-0.012,0.006,-0.027,26.371
60291,0.062,-0.536,10.079,-0.012,0.006,-0.026,26.371
60301,0.081,-0.526,10.083,-0.012,0.006,-0.026,26.379
60311,0.091,-0.522,10.079,-0.013,0.006,-0.024,26.379
60321,0.105,-0.507,10.064,-0.012,0.005,-0.026,26.363
60331,0.100,-0.517,10.074,-0.012,0.005,-0.026,26.363
60341,0.105,-0.531,10.107,-0.013,0.005,-0.027,26.383
60351,0.072,-0.536,10.093,-0.013,0.006,-0.027,26.383
60361,0.062,-0.550,10.079,-0.012,0.005,-0.027,26.371
60371,0.077,-0.546,10.088,-0.012,0.005,-0.028,26.371
60381,0.081,-0.541,10.074,-0.012,0.006,-0.027,26.367
60391,0.096,-0.560,10.079,-0.012,0.005,-0.026,26.367
60401,0.086,-0.541,10.083,-0.012,0.006,-0.026,26.375
60411,0.067,-0.541,10.088,-0.012,0.006,-0.027,26.375
60421,0.072,-0.550,10.079,-0.012,0.005,-0.026,26.387
60431,0.077,-0.526,10.083,-0.012,0.007,-0.026,26.387
60441,0.072,-0.517,10.088,-0.012,0.005,-0.027,26.391
60451,0.096,-0.536,10.088,-0.012,0.006,-0.027,26.391
60461,0.053,-0.546,10.098,-0.012,0.006,-0.027,26.402
60471,0.067,-0.550,10.074,-0.011,0.006,-0.027,26.402
60481,0.072,-0.541,10.079,-0.012,0.006,-0.027,26.359
60491,0.057,-0.541,10.098,-0.013,0.006,-0.027,26.359
60501,0.081,-0.522,10.098,-0.013,0.006,-0.027,26.352
60511,0.077,-0.526,10.079,-0.011,0.006,-0.027,26.352
60521,0.086,-0.531,10.079,-0.012,0.006,-0.027,26.414
60531,0.091,-0.526,10.069,-0.012,0.007,-0.027,26.414
60541,0.096,-0.546,10.079,-0.011,0.005,-0.027,26.398
60551,0.105,-0.541,10.083,-0.011,0.006,-0.027,26.398
60561,0.105,-0.531,10.102,-0.012,0.006,-0.026,26.383
60571,0.086,-0.536,10.079,-0.012,0.006,-0.027,26.383
60581,0.077,-0.517,10.088,-0.012,0.006,-0.027,26.344
60591,0.067,-0.531,10.074,-0.012,0.006,-0.026,26.344
60601,0.048,-0.531,10.074,-0.012,0.006,-0.027,26.387
60611,0.057,-0.560,10.079,-0.012,0.006,-0.027,26.387
60621,0.072,-0.560,10.083,-0.013,0.006,-0.026,26.395
60631,0.062,-0.560,10.079,-0.012,0.006,-0.027,26.395
60641,0.091,-0.555,10.088,-0.011,0.006,-0.027,26.414
60651,0.081,-0.541,10.069,-0.012,0.006,-0.026,26.414
60661,0.096,-0.522,10.064,-0.012,0.006,-0.026,26.402
60671,0.105,-0.512,10.088,-0.012,0.005,-0.026,26.402
60681,0.110,-0.522,10.079,-0.012,0.006,-0.027,26.434
60691,0.077,-0.517,10.088,-0.012,0.006,-0.027,26.434
60701,0.081,-0.541,10.093,-0.012,0.006,-0.027,26.406
60711,0.091,-0.526,10.064,-0.012,0.006,-0.027,26.406
60721,0.072,-0.541,10.079,-0.012,0.006,-0.026,26.375
60731,0.067,-0.536,10.074,-0.012,0.006,-0.027,26.375
60741,0.057,-0.541,10.088,-0.012,0.006,-0.027,26.363
60751,0.048,-0.550,10.107,-0.012,0.006,-0.026,26.363
60761,0.077,-0.541,10.093,-0.013,0.005,-0.026,26.414
60771,0.081,-0.536,10.098,-0.012,0.006,-0.026,26.414
60781,0.077,-0.526,10.088,-0.012,0.006,-0.026,26.383
60791,0.096,-0.541,10.083,-0.012,0.006,-0.027,26.383
60801,0.086,-0.522,10.079,-0.012,0.006,-0.027,26.406
60811,0.077,-0.517,10.093,-0.012,0.006,-0.027,26.406
60821,0.091,-0.546,10.098,-0.012,0.006,-0.027,26.352
60831,0.086,-0.531,10.083,-0.013,0.006,-0.027,26.352
60841,0.086,-0.526,10.093,-0.011,0.006,-0.027,26.387
60851,0.086,-0.526,10.083,-0.012,0.006,-0.027,26.387
60861,0.072,-0.517,10.098,-0.012,0.006,-0.027,26.395
60871,0.091,-0.546,10.107,-0.013,0.007,-0.027,26.395
60881,0.081,-0.536,10.088,-0.012,0.006,-0.026,26.375
60891,0.077,-0.560,10.074,-0.012,0.005,-0.027,26.375
60911,0.067,-0.531,10.098,-0.012,0.006,-0.027,26.332
60921,0.100,-0.546,10.098,-0.012,0.006,-0.026,26.332
60931,0.086,-0.536,10.083,-0.011,0.006,-0.027,26.398
60941,0.096,-0.536,10.074,-0.011,0.006,-0.027,26.398
60951,0.077,-0.531,10.093,-0.011,0.005,-0.027,26.406
60961,0.096,-0.536,10.098,-0.012,0.005,-0.026,26.406
60971,0.072,-0.526,10.098,-0.012,0.005,-0.026,26.383
60981,0.105,-0.526,10.083,-0.013,0.006,-0.027,26.383
60991,0.077,-0.526,10.079,-0.012,0.005,-0.026,26.395
61001,0.086,-0.522,10.083,-0.012,0.005,-0.027,26.395
61011,0.081,-0.522,10.093,-0.011,0.006,-0.027,26.414
61021,0.086,-0.546,10.079,-0.012,0.006,-0.027,26.414
61031,0.077,-0.536,10.083,-0.012,0.005,-0.027,26.402
61041,0.105,-0.546,10.093,-0.012,0.006,-0.026,26.402
61051,0.081,-0.536,10.107,-0.012,0.006,-0.026,26.387
61061,0.081,-0.541,10.088,-0.012,0.007,-0.026,26.387
61071,0.096,-0.536,10.079,-0.012,0.007,-0.027,26.406
61081,0.091,-0.550,10.079,-0.012,0.006,-0.027,26.406
61091,0.053,-0.536,10.074,-0.012,0.006,-0.027,26.348
61101,0.067,-0.541,10.083,-0.012,0.005,-0.027,26.348
61111,0.067,-0.522,10.088,-0.012,0.005,-0.027,26.434
61121,0.086,-0.546,10.102,-0.012,0.006,-0.027,26.434
61131,0.096,-0.526,10.107,-0.012,0.006,-0.026,26.422
61141,0.081,-0.541,10.102,-0.012,0.006,-0.027,26.422
61151,0.096,-0.526,10.069,-0.013,0.004,-0.027,26.402
61161,0.110,-0.536,10.146,-0.012,0.007,-0.027,26.402
61171,0.086,-0.536,10.045,-0.012,0.005,-0.027,26.383
61181,0.067,-0.541,10.107,-0.012,0.009,-0.027,26.383
61191,0.072,-0.560,10.059,-0.012,0.006,-0.027,26.383
61201,0.057,-0.526,10.064,-0.011,0.006,-0.026,26.383
61211,0.072,-0.536,10.102,-0.012,0.006,-0.027,26.383
61221,0.091,-0.546,10.126,-0.012,0.004,-0.027,26.383
61231,0.105,-0.555,10.102,-0.013,0.006,-0.026,26.375
61241,0.110,-0.517,10.093,-0.012,0.006,-0.026,26.375
61251,0.081,-0.541,10.088,-0.012,0.007,-0.026,26.367
61261,0.091,-0.536,10.069,-0.012,0.006,-0.027,26.367
61271,0.067,-0.522,10.040,-0.012,0.006,-0.027,26.402
61281,0.072,-0.536,10.122,-0.012,0.004,-0.027,26.402
61291,0.091,-0.531,10.098,-0.012,0.006,-0.027,26.359
61301,0.120,-0.546,10.088,-0.012,0.006,-0.027,26.359
61311,0.100,-0.536,10.088,-0.012,0.009,-0.027,26.352
61321,0.077,-0.522,10.045,-0.012,0.005,-0.027,26.352
61331,0.067,-0.531,10.069,-0.012,0.006,-0.027,26.418
61341,0.077,-0.531,10.098,-0.012,0.004,-0.027,26.418
61351,0.086,-0.536,10.093,-0.012,0.006,-0.026,26.387
61361,0.100,-0.555,10.093,-0.012,0.006,-0.027,26.387
61371,0.096,-0.536,10.088,-0.012,0.006,-0.027,26.449
61381,0.081,-0.536,10.079,-0.012,0.006,-0.027,26.449
61391,0.072,-0.526,10.112,-0.012,0.006,-0.027,26.410
61401,0.086,-0.531,10.079,-0.012,0.006,-0.027,26.410
61411,0.072,-0.526,10.079,-0.012,0.006,-0.027,26.359
61421,0.072,-0.546,10.083,-0.011,0.006,-0.027,26.359
61431,0.048,-0.526,10.088,-0.012,0.006,-0.026,26.410
61441,0.100,-0.512,10.079,-0.012,0.007,-0.026,26.410
61451,0.086,-0.522,10.064,-0.012,0.006,-0.026,26.461
61461,0.077,-0.517,10.098,-0.012,0.006,-0.027,26.461
61471,0.105,-0.507,10.102,-0.012,0.006,-0.027,26.418
61481,0.100,-0.541,10.098,-0.012,0.006,-0.026,26.418
61491,0.086,-0.536,10.088,-0.012,0.006,-0.027,26.414
61501,0.057,-0.546,10.083,-0.012,0.006,-0.027,26.414
61511,0.077,-0.546,10.064,-0.013,0.005,-0.027,26.367
61521,0.062,-0.546,10.102,-0.012,0.005,-0.027,26.367
61531,0.072,-0.555,10.102,-0.012,0.006,-0.026,26.355
61541,0.072,-0.526,10.093,-0.013,0.005,-0.027,26.355
61551,0.067,-0.526,10.098,-0.012,0.006,-0.027,26.398
61561,0.096,-0.541,10.112,-0.012,0.006,-0.027,26.398
61571,0.072,-0.517,10.088,-0.012,0.006,-0.027,26.414
61581,0.105,-0.517,10.079,-0.012,0.006,-0.028,26.414
61591,0.077,-0.512,10.098,-0.011,0.005,-0.028,26.406
61601,0.091,-0.517,10.074,-0.012,0.006,-0.027,26.406
61611,0.077,-0.531,10.079,-0.012,0.005,-0.027,26.434
61621,0.091,-0.531,10.098,-0.012,0.006,-0.026,26.434
61631,0.086,-0.555,10.098,-0.012,0.007,-0.027,26.402
61641,0.100,-0.546,10.079,-0.012,0.006,-0.026,26.402
61651,0.081,-0.541,10.107,-0.011,0.006,-0.026,26.363
61661,0.077,-0.536,10.098,-0.011,0.006,-0.026,26.363
61671,0.081,-0.531,10.098,-0.012,0.006,-0.026,26.414
61681,0.077,-0.526,10.079,-0.012,0.006,-0.026,26.414
61691,0.086,-0.517,10.093,-0.012,0.006,-0.026,26.395
61701,0.067,-0.541,10.079,-0.012,0.006,-0.027,26.395
61711,0.072,-0.526,10.083,-0.012,0.006,-0.027,26.395
61721,0.062,-0.546,10.088,-0.011,0.006,-0.027,26.395
61731,0.072,-0.517,10.112,-0.011,0.005,-0.027,26.434
61741,0.081,-0.526,10.098,-0.012,0.006,-0.026,26.434
61751,0.077,-0.522,10.083,-0.012,0.006,-0.027,26.422
61761,0.091,-0.531,10.079,-0.011,0.005,-0.027,26.422
61771,0.105,-0.517,10.098,-0.012,0.006,-0.027,26.402
61781,0.091,-0.550,10.093,-0.012,0.006,-0.027,26.402
61791,0.081,-0.522,10.088,-0.012,0.006,-0.027,26.387
61801,0.067,-0.517,10.112,-0.012,0.006,-0.026,26.387
61811,0.086,-0.555,10.093,-0.013,0.007,-0.026,26.402
61821,0.081,-0.531,10.088,-0.013,0.006,-0.027,26.402
61831,0.062,-0.550,10.064,-0.012,0.006,-0.027,26.426
61841,0.072,-0.536,10.102,-0.011,0.005,-0.027,26.426
61851,0.053,-0.546,10.083,-0.012,0.006,-0.026,26.418
61861,0.072,-0.536,10.083,-0.012,0.006,-0.027,26.418
61871,0.077,-0.555,10.093,-0.012,0.007,-0.026,26.402
61881,0.086,-0.526,10.083,-0.012,0.006,-0.026,26.402
61891,0.091,-0.512,10.083,-0.012,0.006,-0.027,26.406
61901,0.091,-0.541,10.069,-0.012,0.006,-0.027,26.406
61911,0.077,-0.502,10.102,-0.012,0.006,-0.027,26.402
61921,0.053,-0.526,10.079,-0.013,0.006,-0.026,26.402
61931,0.081,-0.522,10.079,-0.012,0.005,-0.027,26.344
61941,0.048,-0.522,10.088,-0.012,0.006,-0.027,26.344
61951,0.067,-0.546,10.093,-0.012,0.006,-0.027,26.418
61961,0.086,-0.531,10.079,-0.012,0.006,-0.027,26.418
61971,0.091,-0.546,10.088,-0.012,0.006,-0.026,26.395
61981,0.072,-0.531,10.069,-0.011,0.006,-0.027,26.395
61991,0.110,-0.555,10.079,-0.012,0.006,-0.027,26.406
62001,0.096,-0.522,10.088,-0.011,0.006,-0.026,26.406
62011,0.096,-0.541,10.059,-0.011,0.005,-0.027,26.332
62021,0.067,-0.522,10.069,-0.012,0.005,-0.027,26.332
62031,0.091,-0.531,10.079,-0.012,0.005,-0.026,26.402
62041,0.077,-0.526,10.093,-0.011,0.005,-0.027,26.402
62051,0.072,-0.536,10.074,-0.012,0.006,-0.027,26.375
62061,0.077,-0.541,10.107,-0.012,0.006,-0.027,26.375
62071,0.067,-0.536,10.098,-0.012,0.006,-0.027,26.406
62081,0.096,-0.536,10.083,-0.011,0.007,-0.027,26.406
62091,0.067,-0.517,10.098,-0.012,0.006,-0.027,26.391
62101,0.086,-0.536,10.074,-0.012,0.006,-0.027,26.391
62111,0.081,-0.541,10.102,-0.011,0.006,-0.027,26.402
62121,0.086,-0.526,10.093,-0.012,0.006,-0.026,26.402
62131,0.086,-0.546,10.093,-0.011,0.007,-0.026,26.379
62151,0.081,-0.536,10.093,-0.012,0.006,-0.027,26.395
62161,0.081,-0.526,10.079,-0.012,0.005,-0.027,26.371
62171,0.077,-0.550,10.107,-0.012,0.006,-0.027,26.371
62181,0.043,-0.512,10.102,-0.012,0.006,-0.027,26.375
62191,0.086,-0.536,10.083,-0.012,0.005,-0.027,26.375
62201,0.077,-0.507,10.093,-0.012,0.005,-0.027,26.359
62211,0.100,-0.512,10.098,-0.012,0.006,-0.026,26.359
62221,0.072,-0.546,10.059,-0.011,0.006,-0.027,26.383
62231,0.081,-0.531,10.093,-0.011,0.005,-0.027,26.383
62241,0.081,-0.531,10.083,-0.012,0.005,-0.027,26.391
62251,0.057,-0.522,10.088,-0.012,0.006,-0.027,26.391
62261,0.091,-0.531,10.083,-0.012,0.006,-0.027,26.398
62271,0.091,-0.526,10.098,-0.011,0.006,-0.027,26.398
62281,0.096,-0.531,10.079,-0.012,0.006,-0.027,26.383
62291,0.081,-0.536,10.088,-0.012,0.006,-0.027,26.383
62301,0.077,-0.536,10.079,-0.012,0.006,-0.027,26.387
62311,0.081,-0.536,10.083,-0.012,0.006,-0.026,26.387
62321,0.077,-0.531,10.093,-0.013,0.006,-0.027,26.406
62331,0.077,-0.512,10.088,-0.013,0.006,-0.027,26.406
62341,0.077,-0.531,10.088,-0.012,0.006,-0.027,26.398
62351,0.100,-0.526,10.107,-0.011,0.006,-0.026,26.398
62361,0.086,-0.526,10.112,-0.012,0.007,-0.027,26.398
62371,0.077,-0.536,10.079,-0.012,0.006,-0.027,26.398
62381,0.077,-0.546,10.074,-0.013,0.007,-0.027,26.402
62391,0.091,-0.526,10.055,-0.012,0.006,-0.027,26.402
62401,0.091,-0.550,10.112,-0.012,0.006,-0.027,26.402
62411,0.086,-0.526,10.074,-0.012,0.005,-0.027,26.402
62421,0.053,-0.531,10.064,-0.012,0.006,-0.027,26.406
62431,0.062,-0.550,10.074,-0.012,0.006,-0.027,26.406
62441,0.081,-0.526,10.093,-0.011,0.005,-0.027,26.418
62451,0.062,-0.546,10.107,-0.012,0.006,-0.026,26.418
62461,0.100,-0.526,10.098,-0.013,0.006,-0.027,26.395
62471,0.057,-0.541,10.117,-0.012,0.007,-0.027,26.395
62481,0.077,-0.541,10.093,-0.012,0.006,-0.027,26.406
62491,0.100,-0.550,10.093,-0.012,0.006,-0.027,26.406
62501,0.081,-0.541,10.074,-0.013,0.006,-0.027,26.348
62511,0.081,-0.526,10.074,-0.011,0.005,-0.027,26.348
62521,0.077,-0.507,10.064,-0.012,0.006,-0.027,26.367
62531,0.091,-0.517,10.093,-0.012,0.005,-0.027,26.367
62541,0.062,-0.522,10.079,-0.011,0.005,-0.027,26.387
62551,0.072,-0.512,10.102,-0.012,0.005,-0.027,26.387
62561,0.081,-0.526,10.122,-0.012,0.004,-0.027,26.402
62571,0.077,-0.550,10.131,-0.012,0.005,-0.028,26.402
62581,0.048,-0.536,10.141,-0.012,0.006,-0.027,26.375
62591,0.038,-0.526,10.045,-0.012,0.007,-0.027,26.375
62601,0.038,-0.522,10.045,-0.011,0.007,-0.027,26.398
62611,0.067,-0.507,10.074,-0.012,0.006,-0.027,26.398
62621,0.077,-0.507,10.079,-0.012,0.005,-0.027,26.414
62631,0.100,-0.536,10.093,-0.013,0.004,-0.027,26.414
62641,0.100,-0.531,10.107,-0.012,0.005,-0.027,26.398
62651,0.096,-0.550,10.074,-0.012,0.007,-0.027,26.398
62661,0.077,-0.550,10.074,-0.012,0.007,-0.027,26.410
62671,0.086,-0.555,10.064,-0.012,0.007,-0.026,26.410
62681,0.086,-0.536,10.083,-0.012,0.006,-0.027,26.387
62691,0.081,-0.569,10.059,-0.012,0.005,-0.027,26.387
62701,0.100,-0.560,10.122,-0.011,0.005,-0.027,26.371
62711,0.096,-0.536,10.102,-0.012,0.006,-0.026,26.371
62721,0.067,-0.541,10.093,-0.011,0.007,-0.026,26.418
62731,0.062,-0.517,10.083,-0.011,0.006,-0.027,26.418
62741,0.072,-0.531,10.083,-0.012,0.006,-0.026,26.418
62751,0.057,-0.522,10.098,-0.012,0.006,-0.027,26.418
62761,0.057,-0.522,10.117,-0.011,0.006,-0.027,26.406
62771,0.067,-0.517,10.093,-0.012,0.006,-0.027,26.406
62781,0.072,-0.531,10.098,-0.011,0.006,-0.027,26.387
62791,0.086,-0.526,10.098,-0.012,0.005,-0.027,26.387
62801,0.100,-0.517,10.083,-0.012,0.006,-0.026,26.398
62811,0.105,-0.517,10.079,-0.012,0.005,-0.027,26.398
62821,0.110,-0.512,10.074,-0.012,0.007,-0.027,26.402
62831,0.100,-0.531,10.069,-0.012,0.007,-0.026,26.402
62841,0.086,-0.522,10.064,-0.011,0.005,-0.027,26.398
62851,0.072,-0.541,10.098,-0.012,0.005,-0.027,26.398
62861,0.077,-0.555,10.112,-0.012,0.005,-0.027,26.426
62871,0.067,-0.569,10.107,-0.012,0.006,-0.027,26.426
62881,0.072,-0.565,10.079,-0.012,0.007,-0.027,26.453
62891,0.062,-0.574,10.102,-0.011,0.006,-0.027,26.453
62901,0.062,-0.569,10.069,-0.012,0.007,-0.027,26.379
62911,0.057,-0.560,10.088,-0.012,0.006,-0.027,26.379
62921,0.077,-0.546,10.079,-0.012,0.004,-0.027,26.383
62931,0.105,-0.531,10.107,-0.011,0.006,-0.027,26.383
62941,0.100,-0.498,10.074,-0.012,0.005,-0.026,26.387
62951,0.110,-0.488,10.102,-0.011,0.006,-0.027,26.387
62961,0.115,-0.493,10.088,-0.012,0.006,-0.027,26.398
62971,0.129,-0.502,10.093,-0.012,0.006,-0.026,26.398
62981,0.105,-0.498,10.079,-0.012,0.006,-0.026,26.418
62991,0.091,-0.522,10.069,-0.012,0.006,-0.027,26.418
63001,0.067,-0.550,10.102,-0.012,0.006,-0.027,26.453
63011,0.062,-0.546,10.098,-0.012,0.006,-0.027,26.453
63021,0.048,-0.546,10.107,-0.012,0.006,-0.027,26.414
63031,0.057,-0.569,10.079,-0.012,0.006,-0.027,26.414
63041,0.048,-0.555,10.074,-0.012,0.006,-0.026,26.406
63051,0.077,-0.574,10.098,-0.012,0.007,-0.026,26.406
63061,0.081,-0.574,10.079,-0.012,0.006,-0.026,26.363
63071,0.100,-0.569,10.088,-0.012,0.006,-0.026,26.363
63081,0.110,-0.536,10.088,-0.012,0.006,-0.027,26.438
63091,0.110,-0.512,10.088,-0.012,0.006,-0.027,26.438
63101,0.110,-0.493,10.093,-0.012,0.006,-0.027,26.344
63111,0.110,-0.507,10.074,-0.012,0.007,-0.027,26.344
63121,0.081,-0.498,10.083,-0.012,0.006,-0.027,26.410
63131,0.096,-0.512,10.093,-0.012,0.005,-0.027,26.410
63141,0.096,-0.483,10.098,-0.012,0.006,-0.027,26.383
63151,0.086,-0.522,10.074,-0.012,0.006,-0.027,26.383
63161,0.062,-0.536,10.069,-0.011,0.005,-0.026,26.395
63171,0.081,-0.526,10.088,-0.012,0.005,-0.027,26.395
63181,0.072,-0.550,10.093,-0.012,0.006,-0.027,26.383
63191,0.081,-0.569,10.098,-0.013,0.005,-0.027,26.383
63201,0.100,-0.555,10.098,-0.012,0.006,-0.027,26.434
63211,0.077,-0.569,10.069,-0.012,0.007,-0.027,26.434
63221,0.096,-0.536,10.093,-0.012,0.005,-0.027,26.430
63231,0.077,-0.546,10.079,-0.012,0.006,-0.026,26.430
63241,0.057,-0.546,10.079,-0.012,0.006,-0.027,26.406
63251,0.077,-0.502,10.093,-0.012,0.005,-0.027,26.406
63261,0.096,-0.512,10.093,-0.012,0.006,-0.026,26.410
63271,0.120,-0.522,10.083,-0.012,0.006,-0.026,26.410
63281,0.072,-0.507,10.083,-0.012,0.005,-0.026,26.371
63291,0.120,-0.502,10.079,-0.012,0.005,-0.026,26.371
63301,0.100,-0.517,10.083,-0.012,0.005,-0.027,26.391
63311,0.081,-0.536,10.088,-0.012,0.006,-0.026,26.391
63321,0.077,-0.531,10.093,-0.012,0.006,-0.027,26.395
63331,0.062,-0.541,10.083,-0.012,0.006,-0.027,26.395
63341,0.057,-0.555,10.083,-0.012,0.006,-0.027,26.418
63351,0.038,-0.546,10.088,-0.012,0.006,-0.027,26.418
63371,0.062,-0.526,10.093,-0.012,0.005,-0.028,26.418
63381,0.086,-0.512,10.112,-0.013,0.006,-0.027,26.418
63391,0.081,-0.526,10.088,-0.011,0.005,-0.027,26.375
63401,0.091,-0.517,10.074,-0.011,0.005,-0.026,26.375
63411,0.100,-0.522,10.093,-0.011,0.006,-0.026,26.445
63421,0.100,-0.512,10.074,-0.012,0.007,-0.026,26.445
63431,0.091,-0.512,10.079,-0.012,0.005,-0.026,26.398
63441,0.077,-0.517,10.083,-0.012,0.006,-0.026,26.398
63451,0.077,-0.507,10.074,-0.012,0.005,-0.027,26.383
63461,0.067,-0.512,10.083,-0.011,0.006,-0.027,26.383
63471,0.048,-0.550,10.079,-0.012,0.006,-0.027,26.371
63481,0.062,-0.546,10.079,-0.012,0.006,-0.027,26.371
63491,0.077,-0.560,10.112,-0.012,0.006,-0.027,26.367
63501,0.062,-0.584,10.088,-0.012,0.006,-0.027,26.367
63511,0.072,-0.569,10.088,-0.012,0.006,-0.026,26.359
63521,0.081,-0.546,10.102,-0.012,0.006,-0.028,26.359
63531,0.086,-0.536,10.107,-0.012,0.006,-0.026,26.410
63541,0.096,-0.531,10.083,-0.012,0.007,-0.027,26.410
63551,0.110,-0.531,10.079,-0.011,0.006,-0.027,26.383
63561,0.105,-0.498,10.098,-0.012,0.005,-0.027,26.383
63571,0.096,-0.498,10.102,-0.011,0.006,-0.027,26.355
63581,0.091,-0.498,10.088,-0.012,0.006,-0.027,26.355
63591,0.072,-0.531,10.102,-0.012,0.006,-0.027,26.359
63601,0.062,-0.541,10.112,-0.012,0.006,-0.027,26.359
63611,0.081,-0.531,10.079,-0.013,0.007,-0.027,26.371
63621,0.067,-0.536,10.083,-0.012,0.006,-0.027,26.371
63631,0.077,-0.526,10.069,-0.012,0.007,-0.026,26.355
63641,0.062,-0.565,10.079,-0.013,0.006,-0.026,26.355
63651,0.072,-0.574,10.083,-0.012,0.005,-0.026,26.387
63661,0.096,-0.541,10.083,-0.012,0.005,-0.026,26.387
63671,0.105,-0.555,10.098,-0.012,0.006,-0.026,26.414
63681,0.096,-0.560,10.083,-0.012,0.006,-0.027,26.414
63691,0.100,-0.541,10.079,-0.012,0.007,-0.027,26.383
63701,0.081,-0.531,10.098,-0.012,0.006,-0.027,26.383
63711,0.086,-0.526,10.088,-0.013,0.006,-0.027,26.414
63721,0.067,-0.522,10.079,-0.012,0.006,-0.027,26.414
63731,0.072,-0.517,10.093,-0.011,0.006,-0.027,26.375
63741,0.062,-0.517,10.088,-0.012,0.006,-0.027,26.375
63751,0.091,-0.541,10.083,-0.012,0.006,-0.026,26.395
63761,0.081,-0.507,10.112,-0.012,0.006,-0.026,26.395
63771,0.091,-0.507,10.102,-0.012,0.006,-0.027,26.375
63781,0.067,-0.517,10.079,-0.012,0.006,-0.027,26.375
63791,0.077,-0.531,10.088,-0.013,0.006,-0.027,26.383
63801,0.077,-0.541,10.088,-0.012,0.006,-0.027,26.383
63811,0.077,-0.550,10.107,-0.012,0.006,-0.027,26.352
63821,0.057,-0.565,10.098,-0.012,0.006,-0.027,26.352
63831,0.048,-0.560,10.093,-0.012,0.006,-0.027,26.395
63841,0.048,-0.555,10.069,-0.011,0.006,-0.027,26.395
63851,0.096,-0.555,10.079,-0.012,0.006,-0.026,26.355
63861,0.096,-0.550,10.088,-0.012,0.006,-0.027,26.355
63871,0.105,-0.522,10.083,-0.012,0.006,-0.027,26.379
63881,0.105,-0.522,10.079,-0.012,0.006,-0.027,26.379
63891,0.091,-0.522,10.102,-0.012,0.005,-0.027,26.414
63901,0.091,-0.512,10.088,-0.012,0.006,-0.027,26.414
63911,0.096,-0.517,10.069,-0.012,0.006,-0.027,26.367
63921,0.077,-0.536,10.088,-0.012,0.006,-0.027,26.367
63931,0.033,-0.546,10.079,-0.012,0.007,-0.027,26.379
63941,0.081,-0.550,10.074,-0.012,0.006,-0.027,26.379
63951,0.067,-0.531,10.083,-0.012,0.006,-0.027,26.430
63961,0.091,-0.522,10.079,-0.012,0.007,-0.026,26.430
63971,0.105,-0.546,10.069,-0.012,0.006,-0.026,26.410
63981,0.100,-0.536,10.102,-0.012,0.005,-0.027,26.410
63991,0.091,-0.526,10.069,-0.012,0.007,-0.027,26.375
64001,0.086,-0.541,10.098,-0.012,0.005,-0.027,26.375
64011,0.081,-0.512,10.107,-0.012,0.006,-0.027,26.414
64021,0.062,-0.536,10.064,-0.012,0.006,-0.026,26.414
64031,0.077,-0.541,10.098,-0.012,0.007,-0.027,26.375
64041,0.072,-0.522,10.069,-0.012,0.006,-0.027,26.375
64051,0.086,-0.541,10.083,-0.012,0.006,-0.027,26.391
64061,0.100,-0.550,10.088,-0.012,0.005,-0.026,26.391
64071,0.105,-0.531,10.074,-0.013,0.006,-0.026,26.398
64081,0.096,-0.522,10.093,-0.012,0.005,-0.026,26.398
64091,0.081,-0.526,10.093,-0.012,0.005,-0.026,26.426
64101,0.077,-0.526,10.079,-0.012,0.005,-0.026,26.426
64111,0.072,-0.536,10.079,-0.012,0.006,-0.026,26.402
64121,0.067,-0.531,10.098,-0.012,0.005,-0.027,26.402
64131,0.062,-0.555,10.093,-0.012,0.006,-0.027,26.387
64141,0.072,-0.546,10.093,-0.013,0.006,-0.027,26.387
64151,0.077,-0.550,10.098,-0.012,0.007,-0.027,26.395
64161,0.057,-0.536,10.079,-0.012,0.007,-0.027,26.395
64171,0.077,-0.550,10.064,-0.012,0.006,-0.027,26.398
64181,0.091,-0.560,10.069,-0.012,0.006,-0.026,26.398
64191,0.091,-0.550,10.088,-0.012,0.005,-0.026,26.402
64201,0.134,-0.541,10.093,-0.012,0.006,-0.026,26.402
64211,0.120,-0.517,10.093,-0.012,0.005,-0.027,26.371
64221,0.086,-0.493,10.093,-0.012,0.005,-0.027,26.371
64231,0.077,-0.507,10.079,-0.012,0.006,-0.027,26.434
64241,0.057,-0.493,10.079,-0.012,0.006,-0.027,26.434
64251,0.048,-0.536,10.088,-0.012,0.006,-0.028,26.367
64261,0.029,-0.536,10.102,-0.012,0.007,-0.027,26.367
64271,0.062,-0.531,10.117,-0.012,0.005,-0.027,26.402
64281,0.077,-0.550,10.083,-0.012,0.007,-0.026,26.402
64291,0.105,-0.536,10.079,-0.011,0.006,-0.027,26.418
64301,0.105,-0.550,10.074,-0.011,0.006,-0.027,26.418
64311,0.100,-0.526,10.083,-0.012,0.006,-0.027,26.430
64321,0.086,-0.550,10.098,-0.012,0.006,-0.026,26.430
64331,0.110,-0.522,10.098,-0.012,0.005,-0.026,26.363
64341,0.081,-0.536,10.112,-0.012,0.006,-0.027,26.363
64351,0.062,-0.517,10.083,-0.012,0.006,-0.027,26.398
64361,0.053,-0.517,10.088,-0.012,0.006,-0.027,26.398
64371,0.048,-0.536,10.117,-0.012,0.006,-0.027,26.391
64381,0.062,-0.536,10.102,-0.011,0.006,-0.027,26.391
64391,0.081,-0.536,10.074,-0.012,0.007,-0.027,26.402
64401,0.100,-0.522,10.093,-0.012,0.006,-0.026,26.402
64411,0.096,-0.507,10.059,-0.012,0.006,-0.026,26.387
64421,0.072,-0.522,10.074,-0.012,0.006,-0.027,26.387
64431,0.100,-0.536,10.112,-0.013,0.005,-0.027,26.402
64441,0.100,-0.541,10.083,-0.012,0.005,-0.027,26.402
64451,0.091,-0.526,10.098,-0.012,0.006,-0.027,26.363
64461,0.043,-0.526,10.093,-0.012,0.006,-0.027,26.363
64471,0.057,-0.555,10.093,-0.013,0.005,-0.027,26.348
64481,0.057,-0.536,10.079,-0.012,0.005,-0.027,26.348
64491,0.077,-0.565,10.102,-0.011,0.006,-0.027,26.406
64501,0.072,-0.541,10.079,-0.011,0.006,-0.026,26.406
64511,0.072,-0.546,10.079,-0.011,0.006,-0.026,26.387
64521,0.100,-0.541,10.074,-0.010,0.005,-0.026,26.387
64531,0.105,-0.541,10.088,-0.010,0.006,-0.026,26.438
64541,0.100,-0.531,10.059,-0.005,0.002,-0.027,26.438
64551,0.105,-0.522,10.122,0.001,0.000,-0.027,26.375
64561,0.077,-0.531,10.098,-0.009,0.010,-0.027,26.375
64571,0.129,-0.555,10.083,-0.009,0.000,-0.031,26.352
64581,0.053,-0.526,10.079,-0.004,0.002,-0.034,26.352
64591,0.072,-0.526,10.098,0.000,0.002,-0.033,26.430
64601,0.072,-0.517,10.083,-0.002,0.001,-0.033,26.430
64611,0.091,-0.526,10.079,0.000,0.001,-0.033,26.414
64621,0.077,-0.507,10.107,0.001,0.001,-0.033,26.414
64631,0.072,-0.531,10.093,-0.004,-0.001,-0.033,26.438
64651,0.067,-0.546,10.112,-0.013,0.011,-0.029,26.387
64661,0.091,-0.498,10.088,-0.009,0.005,-0.028,26.406
64671,0.096,-0.483,10.107,-0.011,0.000,-0.029,26.406
64681,0.067,-0.507,10.074,-0.011,0.006,-0.027,26.414
64691,0.072,-0.536,10.079,-0.011,0.007,-0.026,26.414
64701,0.057,-0.479,10.059,-0.010,0.004,-0.027,26.363
64711,0.100,-0.536,10.146,-0.013,-0.002,-0.027,26.363
64721,0.086,-0.517,10.146,-0.011,0.007,-0.027,26.406
64731,0.096,-0.541,10.079,-0.013,0.007,-0.026,26.406
64741,0.081,-0.512,10.069,-0.012,0.007,-0.027,26.418
64751,0.081,-0.522,10.059,-0.011,0.007,-0.027,26.418
64761,0.077,-0.517,10.050,-0.012,0.006,-0.028,26.402
64771,0.086,-0.526,10.093,-0.011,0.005,-0.027,26.402
64781,0.067,-0.536,10.102,-0.012,0.005,-0.028,26.340
64791,0.096,-0.541,10.098,-0.013,0.005,-0.028,26.340
64801,0.086,-0.550,10.112,-0.012,0.006,-0.028,26.355
64811,0.086,-0.517,10.064,-0.012,0.007,-0.027,26.355
64821,0.081,-0.541,10.069,-0.011,0.007,-0.027,26.387
64831,0.096,-0.536,10.098,-0.012,0.005,-0.027,26.387
64841,0.105,-0.517,10.088,-0.012,0.005,-0.027,26.426
64851,0.110,-0.526,10.107,-0.013,0.006,-0.027,26.426
64861,0.100,-0.507,10.083,-0.012,0.006,-0.027,26.359
64871,0.086,-0.507,10.083,-0.011,0.005,-0.027,26.359
64881,0.105,-0.512,10.098,-0.012,0.005,-0.027,26.371
64891,0.072,-0.526,10.083,-0.011,0.005,-0.027,26.371
64901,0.072,-0.522,10.069,-0.012,0.005,-0.027,26.383
64911,0.062,-0.507,10.102,-0.012,0.005,-0.027,26.383
64921,0.057,-0.541,10.098,-0.011,0.006,-0.027,26.387
64931,0.067,-0.560,10.088,-0.012,0.006,-0.027,26.387
64941,0.081,-0.536,10.102,-0.013,0.006,-0.027,26.410
64951,0.077,-0.541,10.088,-0.012,0.006,-0.027,26.410
64961,0.077,-0.531,10.088,-0.012,0.006,-0.026,26.383
64971,0.105,-0.536,10.093,-0.012,0.006,-0.027,26.383
64981,0.096,-0.526,10.059,-0.012,0.006,-0.027,26.395
64991,0.072,-0.517,10.093,-0.011,0.005,-0.027,26.395
65001,0.091,-0.512,10.107,-0.011,0.005,-0.027,26.434
65011,0.086,-0.541,10.098,-0.011,0.006,-0.028,26.434
65021,0.086,-0.526,10.131,-0.012,0.006,-0.027,26.406
65031,0.072,-0.517,10.059,-0.012,0.009,-0.027,26.406
65041,0.072,-0.512,10.059,-0.012,0.006,-0.027,26.430
65051,0.048,-0.517,10.088,-0.012,0.006,-0.027,26.430
65061,0.048,-0.531,10.069,-0.012,0.005,-0.027,26.418
65071,0.100,-0.522,10.107,-0.013,0.006,-0.027,26.418
65081,0.077,-0.517,10.083,-0.013,0.007,-0.026,26.430
