timestamp_ms, ax_mps2, ay_mps2, az_mps2, gx_rads, gy_rads, gz_rads, temp_c
1552,2.244,0.254,9.959,0.545,-0.393,-0.408,23.883
1572,2.230,0.211,9.964,-0.302,0.144,0.203,23.910
1582,2.201,0.220,10.016,-0.054,0.022,-0.005,23.887
1592,2.192,0.206,9.968,-0.027,-0.007,-0.038,23.887
1602,2.197,0.230,9.887,-0.029,-0.021,-0.043,23.941
1612,2.230,0.211,9.839,-0.037,-0.022,-0.037,23.941
1622,2.249,0.201,9.873,-0.042,-0.016,-0.033,23.926
1632,2.268,0.206,9.930,-0.034,-0.009,-0.042,23.926
1642,2.278,0.230,9.954,-0.020,-0.005,-0.046,23.949
1652,2.283,0.230,9.935,-0.011,0.002,-0.042,23.949
1662,2.297,0.239,9.858,-0.012,0.010,-0.033,23.906
1672,2.249,0.263,9.854,-0.012,0.017,-0.031,23.906
1682,2.278,0.249,9.873,-0.011,0.022,-0.032,23.914
1692,2.259,0.249,9.882,-0.005,0.022,-0.033,23.914
1702,2.230,0.254,9.849,-0.004,0.015,-0.029,23.973
1712,2.211,0.249,9.868,-0.006,0.009,-0.021,23.973
1722,2.240,0.225,9.906,-0.012,0.004,-0.013,23.938
1732,2.240,0.225,9.959,-0.022,-0.001,-0.012,23.938
1742,2.221,0.196,9.978,-0.027,-0.005,-0.015,23.938
1752,2.201,0.153,9.973,-0.024,-0.005,-0.017,23.938
1762,2.216,0.129,9.940,-0.018,-0.005,-0.022,23.934
1772,2.216,0.153,9.892,-0.011,-0.001,-0.026,23.934
1782,2.187,0.167,9.835,-0.007,0.005,-0.028,23.992
1792,2.182,0.182,9.844,-0.006,0.012,-0.032,23.992
1802,2.225,0.182,9.858,-0.005,0.018,-0.033,23.969
1812,2.221,0.187,9.854,-0.006,0.020,-0.034,23.969
1822,2.197,0.206,9.892,-0.006,0.016,-0.034,23.977
1832,2.206,0.187,9.930,-0.007,0.009,-0.033,23.977
1842,2.206,0.187,9.949,-0.006,-0.002,-0.032,23.957
1852,2.235,0.196,9.921,-0.010,-0.012,-0.032,23.957
1862,2.216,0.167,9.902,-0.017,-0.015,-0.032,23.941
1872,2.221,0.206,9.921,-0.021,-0.011,-0.029,23.941
1882,2.206,0.211,9.916,-0.018,-0.007,-0.031,23.949
1892,2.254,0.220,9.911,-0.015,0.000,-0.033,23.949
1902,2.225,0.225,9.906,-0.011,0.005,-0.034,23.945
1912,2.273,0.234,9.911,-0.007,0.012,-0.033,23.945
1922,2.268,0.249,9.940,-0.002,0.017,-0.029,23.949
1932,2.278,0.234,9.964,0.000,0.017,-0.026,23.949
1942,2.268,0.239,9.945,0.000,0.017,-0.022,23.984
1952,2.221,0.234,9.930,-0.004,0.015,-0.020,23.984
1962,2.225,0.225,9.930,-0.010,0.011,-0.018,23.953
1972,2.225,0.215,9.925,-0.016,0.007,-0.017,23.953
1982,2.225,0.187,9.911,-0.021,0.006,-0.015,23.984
1992,2.201,0.182,9.887,-0.023,0.005,-0.015,23.984
2002,2.197,0.172,9.897,-0.022,0.006,-0.017,23.953
2012,2.201,0.167,9.902,-0.016,0.007,-0.018,23.953
2022,2.206,0.187,9.921,-0.010,0.009,-0.020,23.996
2032,2.211,0.153,9.892,-0.009,0.011,-0.020,23.996
2042,2.240,0.163,9.882,-0.006,0.011,-0.022,24.012
2052,2.225,0.167,9.878,0.000,0.011,-0.024,24.012
2062,2.240,0.177,9.854,0.006,0.009,-0.027,23.945
2072,2.225,0.220,9.868,0.006,0.006,-0.027,23.945
2082,2.235,0.249,9.882,0.002,0.004,-0.024,23.945
2092,2.254,0.249,9.897,-0.002,0.004,-0.021,23.945
2102,2.249,0.258,9.892,-0.006,0.004,-0.016,23.992
2112,2.249,0.230,9.935,-0.007,0.007,-0.011,23.992
2122,2.211,0.225,9.949,-0.007,0.010,-0.012,23.949
2132,2.187,0.215,9.968,-0.004,0.012,-0.015,23.949
2142,2.173,0.211,9.988,-0.004,0.015,-0.017,23.984
2152,2.177,0.220,9.973,-0.007,0.015,-0.020,23.984
2162,2.177,0.206,9.964,-0.015,0.016,-0.018,24.000
2172,2.177,0.177,9.973,-0.023,0.017,-0.018,24.000
2182,2.201,0.144,9.949,-0.024,0.017,-0.021,24.004
2192,2.168,0.115,9.940,-0.018,0.017,-0.026,24.004
2202,2.173,0.134,9.906,-0.010,0.015,-0.031,24.008
2212,2.192,0.172,9.887,-0.005,0.011,-0.037,24.008
2222,2.192,0.211,9.863,-0.001,0.010,-0.040,24.023
2232,2.211,0.215,9.835,-0.001,0.007,-0.043,24.023
2242,2.235,0.239,9.854,-0.005,0.005,-0.043,23.984
2252,2.197,0.249,9.868,-0.009,0.001,-0.039,23.984
2262,2.273,0.239,9.906,-0.011,-0.004,-0.029,23.992
2272,2.216,0.230,9.906,-0.012,-0.006,-0.023,23.992
2282,2.225,0.230,9.954,-0.015,-0.002,-0.020,24.000
2292,2.225,0.244,9.959,-0.016,0.004,-0.023,24.000
2302,2.197,0.215,9.935,-0.012,0.011,-0.027,24.000
2312,2.216,0.201,9.940,-0.010,0.020,-0.029,24.000
2322,2.216,0.201,9.949,-0.009,0.024,-0.027,24.000
2332,2.206,0.201,9.940,-0.007,0.024,-0.022,24.000
2342,2.221,0.201,9.940,-0.005,0.023,-0.023,24.000
2352,2.206,0.196,9.949,-0.002,0.016,-0.028,24.000
2362,2.192,0.211,9.954,0.000,0.009,-0.028,23.965
2372,2.221,0.201,9.921,-0.004,0.001,-0.024,23.965
2382,2.206,0.211,9.882,-0.010,-0.001,-0.024,24.012
2392,2.201,0.220,9.873,-0.015,0.001,-0.027,24.012
2402,2.206,0.196,9.858,-0.016,0.004,-0.028,23.988
2412,2.221,0.206,9.854,-0.015,0.007,-0.028,23.988
2422,2.230,0.230,9.882,-0.011,0.009,-0.028,23.965
2432,2.206,0.225,9.906,-0.012,0.012,-0.024,23.965
2442,2.177,0.234,9.949,-0.016,0.015,-0.018,24.004
2452,2.144,0.187,9.978,-0.020,0.016,-0.015,24.004
2462,2.110,0.139,10.031,-0.021,0.013,-0.016,24.008
2472,2.125,0.144,10.059,-0.021,0.012,-0.023,24.008
2482,2.144,0.139,10.059,-0.016,0.007,-0.034,23.977
2492,2.173,0.163,10.012,-0.016,0.000,-0.049,23.977
2502,2.225,0.225,9.897,-0.021,-0.007,-0.055,24.012
2522,2.211,0.148,9.787,-0.044,-0.005,-0.029,23.996
2532,2.149,0.163,9.830,-0.048,0.006,-0.028,24.027
2542,2.139,0.191,9.868,-0.031,0.012,-0.045,24.027
2552,2.221,0.201,9.878,-0.005,0.013,-0.065,23.984
2562,2.235,0.230,9.811,0.001,0.017,-0.067,23.984
2572,2.273,0.239,9.734,-0.012,0.027,-0.054,23.973
2582,2.244,0.230,9.801,-0.028,0.039,-0.037,23.973
2592,2.249,0.182,9.902,-0.031,0.048,-0.032,24.020
2602,2.206,0.191,9.954,-0.015,0.044,-0.039,24.020
2612,2.182,0.196,9.930,-0.002,0.035,-0.043,24.023
2622,2.173,0.220,9.925,0.000,0.027,-0.043,24.023
2632,2.173,0.254,9.916,-0.006,0.020,-0.043,23.957
2642,2.177,0.258,9.945,-0.015,0.018,-0.042,23.957
2652,2.201,0.206,9.930,-0.020,0.022,-0.039,23.977
2662,2.187,0.225,9.959,-0.021,0.027,-0.039,23.977
2672,2.216,0.230,10.021,-0.017,0.028,-0.037,23.973
2682,2.201,0.172,9.997,-0.015,0.024,-0.034,23.973
2692,2.197,0.206,10.002,-0.015,0.016,-0.038,23.996
2702,2.197,0.244,9.968,-0.012,0.009,-0.048,23.996
2712,2.182,0.273,9.921,-0.010,0.006,-0.053,23.977
2722,2.225,0.287,9.863,-0.018,0.011,-0.043,23.977
2732,2.206,0.268,9.839,-0.028,0.021,-0.029,23.957
2742,2.168,0.239,9.844,-0.033,0.034,-0.013,23.957
2752,2.177,0.196,9.959,-0.027,0.054,0.006,24.023
2762,2.149,0.148,9.959,-0.011,0.065,-0.002,24.023
2772,2.077,0.144,9.973,0.000,0.067,-0.023,24.000
2782,2.082,0.139,9.983,0.010,0.065,-0.031,24.000
2792,2.139,0.172,9.983,0.005,0.055,-0.034,24.004
2802,2.115,0.163,9.968,-0.009,0.035,-0.037,24.004
2812,2.087,0.187,9.935,-0.023,0.013,-0.040,24.027
2822,2.106,0.182,9.945,-0.035,-0.006,-0.038,24.027
2832,2.110,0.177,9.921,-0.035,-0.021,-0.035,24.039
2842,2.120,0.182,9.921,-0.031,-0.028,-0.035,24.039
2852,2.139,0.148,9.858,-0.032,-0.023,-0.033,23.992
2862,2.139,0.100,9.825,-0.035,-0.006,-0.033,23.992
2872,2.115,0.163,9.897,-0.023,0.010,-0.043,24.031
2882,2.192,0.211,9.897,0.000,0.021,-0.054,24.031
2892,2.216,0.225,9.849,0.018,0.026,-0.055,24.027
2902,2.211,0.263,9.801,0.020,0.028,-0.048,24.027
2912,2.201,0.268,9.701,0.013,0.033,-0.037,24.055
2922,2.168,0.249,9.772,0.006,0.042,-0.031,24.055
2932,2.168,0.258,9.930,0.000,0.045,-0.024,24.012
2942,2.115,0.206,9.921,0.009,0.038,-0.022,24.012
2952,2.125,0.187,9.787,0.018,0.034,-0.028,24.020
2962,2.082,0.215,9.858,0.013,0.042,-0.031,24.020
2972,2.091,0.234,10.031,0.007,0.049,-0.028,24.012
2982,2.115,0.230,10.050,0.010,0.048,-0.028,24.012
2992,2.091,0.201,10.021,0.007,0.046,-0.028,24.020
3002,2.063,0.187,10.059,0.004,0.045,-0.026,24.020
3012,2.034,0.163,10.088,0.001,0.039,-0.024,24.023
3022,2.053,0.144,10.112,0.001,0.027,-0.031,24.023
3032,2.034,0.172,10.055,-0.002,0.013,-0.039,23.984
3042,2.087,0.187,9.988,-0.007,0.006,-0.045,23.984
3052,2.106,0.215,9.964,-0.017,0.005,-0.048,24.008
3062,2.110,0.225,9.930,-0.020,0.006,-0.048,24.008
3072,2.125,0.263,9.930,-0.013,0.011,-0.040,24.027
3082,2.130,0.268,9.902,-0.007,0.016,-0.034,24.027
3092,2.139,0.282,9.897,-0.002,0.022,-0.029,24.004
3102,2.125,0.278,9.916,-0.002,0.028,-0.024,24.004
3112,2.101,0.268,9.968,-0.009,0.033,-0.022,24.012
3122,2.096,0.263,10.002,-0.016,0.031,-0.023,24.012
3132,2.087,0.258,10.007,-0.021,0.024,-0.024,24.043
3142,2.101,0.230,9.997,-0.024,0.017,-0.026,24.043
3152,2.087,0.244,10.007,-0.031,0.012,-0.023,24.027
3162,2.077,0.230,10.016,-0.033,0.011,-0.020,24.027
3172,2.067,0.220,10.007,-0.029,0.010,-0.018,24.031
3182,2.029,0.230,10.016,-0.026,0.010,-0.020,24.031
3192,2.034,0.201,10.007,-0.027,0.011,-0.018,24.016
3202,2.034,0.158,9.992,-0.029,0.012,-0.021,24.016
3212,2.024,0.129,9.997,-0.034,0.015,-0.023,24.004
3222,2.048,0.158,9.997,-0.037,0.013,-0.031,24.004
3232,2.039,0.167,9.959,-0.034,0.011,-0.039,24.039
3242,2.087,0.187,9.911,-0.031,0.010,-0.042,24.039
3252,2.096,0.182,9.858,-0.029,0.010,-0.038,24.031
3262,2.115,0.182,9.844,-0.029,0.013,-0.033,24.031
3272,2.091,0.187,9.849,-0.027,0.017,-0.031,24.008
3282,2.058,0.201,9.878,-0.022,0.017,-0.031,24.008
3292,2.082,0.225,9.892,-0.017,0.016,-0.035,24.027
3302,2.072,0.225,9.878,-0.016,0.015,-0.038,24.027
3312,2.087,0.230,9.925,-0.016,0.015,-0.034,24.070
3322,2.110,0.230,9.925,-0.017,0.016,-0.031,24.070
3332,2.091,0.211,9.945,-0.022,0.021,-0.026,24.020
3342,2.091,0.206,9.964,-0.026,0.026,-0.022,24.020
3352,2.048,0.196,9.978,-0.027,0.029,-0.021,24.051
3362,2.005,0.172,9.992,-0.024,0.031,-0.021,24.051
3372,2.005,0.158,9.983,-0.017,0.027,-0.027,24.031
3382,2.053,0.182,9.964,-0.012,0.020,-0.032,24.031
3392,2.048,0.172,9.916,-0.013,0.015,-0.033,24.035
3402,2.087,0.182,9.911,-0.021,0.013,-0.029,24.035
3412,2.101,0.172,9.925,-0.028,0.013,-0.023,24.051
3422,2.087,0.177,9.954,-0.031,0.017,-0.021,24.051
3432,2.053,0.187,9.959,-0.026,0.017,-0.027,24.043
3442,2.020,0.163,9.940,-0.017,0.017,-0.033,24.043
3452,2.020,0.196,9.954,-0.011,0.018,-0.033,24.043
3462,2.053,0.201,9.973,-0.013,0.022,-0.031,24.043
3472,2.043,0.163,9.964,-0.020,0.026,-0.027,24.043
3492,2.005,0.148,9.959,-0.020,0.026,-0.026,24.090
3502,1.991,0.148,9.959,-0.016,0.020,-0.029,24.059
3512,1.972,0.144,9.973,-0.016,0.013,-0.033,24.059
3522,1.996,0.148,9.978,-0.016,0.013,-0.038,24.035
3532,1.991,0.158,9.978,-0.018,0.015,-0.042,24.035
3542,2.034,0.172,10.016,-0.018,0.016,-0.045,24.012
3552,2.067,0.211,9.988,-0.012,0.016,-0.044,24.012
3562,2.029,0.211,9.949,-0.006,0.013,-0.040,24.043
3572,2.034,0.206,9.968,-0.005,0.007,-0.033,24.043
3582,2.029,0.215,9.983,-0.007,0.004,-0.024,24.051
3592,2.043,0.201,9.997,-0.011,0.001,-0.022,24.051
3602,2.020,0.215,10.002,-0.016,0.001,-0.026,24.031
3612,2.015,0.206,10.007,-0.020,0.002,-0.029,24.031
3622,2.024,0.191,9.997,-0.020,0.004,-0.032,24.051
3632,2.043,0.196,10.012,-0.017,0.007,-0.029,24.051
3642,2.043,0.191,9.983,-0.017,0.009,-0.026,24.047
3652,2.053,0.187,10.002,-0.015,0.010,-0.024,24.047
3662,2.043,0.177,9.992,-0.009,0.009,-0.026,24.043
3672,2.024,0.172,9.959,-0.006,0.004,-0.027,24.043
3682,2.024,0.172,9.945,-0.006,-0.005,-0.028,24.063
3692,2.024,0.167,9.925,-0.010,-0.013,-0.028,24.063
3702,2.024,0.163,9.902,-0.017,-0.017,-0.027,24.059
3712,2.034,0.163,9.911,-0.020,-0.017,-0.028,24.059
3722,2.024,0.191,9.940,-0.022,-0.011,-0.028,24.043
3732,2.063,0.177,9.954,-0.020,-0.005,-0.028,24.043
3742,2.053,0.153,9.988,-0.016,0.000,-0.027,24.055
3752,2.020,0.163,10.012,-0.010,0.004,-0.027,24.055
3762,2.024,0.158,9.983,-0.005,0.006,-0.028,24.039
3772,2.015,0.177,10.002,-0.006,0.007,-0.032,24.039
3782,2.034,0.191,9.988,-0.006,0.004,-0.037,24.066
3792,2.048,0.182,9.964,-0.006,-0.002,-0.039,24.066
3802,2.063,0.206,9.940,-0.010,-0.007,-0.035,24.082
3812,2.058,0.211,9.954,-0.012,-0.009,-0.031,24.082
3822,2.063,0.158,9.906,-0.017,-0.007,-0.022,24.066
3832,2.024,0.120,9.887,-0.024,-0.004,-0.016,24.066
3842,2.000,0.153,9.925,-0.018,-0.004,-0.022,24.070
3852,2.039,0.124,9.902,-0.004,-0.006,-0.032,24.070
3862,2.058,0.167,9.916,0.002,-0.007,-0.032,24.055
3872,2.053,0.201,9.863,0.002,-0.002,-0.031,24.055
3882,2.058,0.201,9.892,-0.002,0.006,-0.031,24.027
3892,2.058,0.196,9.906,-0.004,0.017,-0.028,24.027
3902,2.072,0.196,9.921,-0.002,0.023,-0.026,24.066
3912,2.067,0.201,9.945,0.002,0.027,-0.023,24.066
3922,2.063,0.215,9.935,0.007,0.026,-0.023,24.063
3932,2.043,0.225,9.921,0.006,0.023,-0.021,24.063
3942,2.043,0.211,9.940,0.001,0.020,-0.017,24.098
3952,2.048,0.182,9.973,-0.004,0.016,-0.015,24.098
3962,2.020,0.167,10.012,-0.006,0.011,-0.013,24.082
3972,2.000,0.182,9.992,-0.005,0.007,-0.017,24.082
3982,2.015,0.182,9.992,-0.004,0.002,-0.021,24.051
3992,1.986,0.201,9.988,-0.006,0.001,-0.023,24.051
4002,2.015,0.187,9.973,-0.010,0.000,-0.023,24.035
4012,1.981,0.187,9.973,-0.012,0.004,-0.023,24.035
4022,2.005,0.182,9.983,-0.013,0.011,-0.022,24.047
4032,2.010,0.163,9.983,-0.016,0.017,-0.023,24.047
4042,2.024,0.163,10.007,-0.020,0.026,-0.028,24.094
4052,2.020,0.144,10.035,-0.020,0.027,-0.032,24.094
4062,1.991,0.148,10.040,-0.013,0.021,-0.031,24.090
4072,1.996,0.182,10.021,-0.007,0.010,-0.029,24.090
4082,2.015,0.182,9.968,-0.002,0.000,-0.031,24.105
4092,2.020,0.187,9.911,-0.006,-0.002,-0.032,24.105
4102,2.039,0.201,9.925,-0.016,0.001,-0.027,24.074
4112,2.048,0.206,9.925,-0.028,0.007,-0.020,24.074
4122,2.029,0.196,9.940,-0.033,0.015,-0.021,24.066
4132,2.000,0.182,9.930,-0.029,0.021,-0.023,24.066
4142,2.010,0.182,9.973,-0.016,0.024,-0.024,24.055
4152,2.034,0.167,10.002,-0.005,0.022,-0.026,24.055
4162,2.024,0.148,10.021,-0.004,0.017,-0.026,24.070
4172,2.029,0.172,10.016,-0.010,0.012,-0.027,24.070
4182,2.048,0.182,9.992,-0.022,0.009,-0.028,24.078
4192,2.039,0.172,9.930,-0.037,0.009,-0.029,24.078
4202,2.000,0.167,9.902,-0.040,0.009,-0.027,24.043
4212,2.015,0.148,9.935,-0.032,0.007,-0.023,24.043
4222,2.005,0.182,9.911,-0.020,0.006,-0.021,24.063
4232,2.020,0.163,9.868,-0.012,0.009,-0.021,24.063
4242,2.000,0.163,9.916,-0.009,0.010,-0.021,24.074
4252,2.029,0.153,9.945,-0.011,0.015,-0.020,24.074
4262,2.034,0.134,10.002,-0.013,0.015,-0.020,24.078
4272,2.015,0.129,10.007,-0.015,0.013,-0.022,24.078
4282,1.996,0.153,10.002,-0.011,0.012,-0.027,24.098
4292,2.000,0.167,9.983,-0.007,0.007,-0.028,24.098
4302,1.991,0.196,9.959,-0.005,0.004,-0.027,24.133
4312,2.034,0.167,9.940,-0.001,0.001,-0.028,24.133
4322,1.991,0.191,9.930,-0.005,-0.002,-0.029,24.129
4332,1.976,0.172,9.968,-0.010,-0.005,-0.029,24.129
4342,1.996,0.172,9.964,-0.013,-0.007,-0.026,24.090
4352,2.005,0.163,9.983,-0.018,-0.007,-0.023,24.090
4362,1.991,0.129,10.007,-0.020,-0.005,-0.023,24.117
4372,1.986,0.139,10.002,-0.010,-0.004,-0.027,24.117
4382,2.020,0.124,10.007,-0.004,-0.001,-0.028,24.098
4392,2.020,0.158,10.002,0.000,0.001,-0.028,24.098
4402,2.020,0.167,9.992,0.000,0.004,-0.029,24.082
4412,1.981,0.158,9.959,-0.002,0.005,-0.032,24.082
4422,1.981,0.177,9.954,-0.006,0.004,-0.035,24.102
4432,2.024,0.206,9.978,-0.011,0.000,-0.034,24.109
4452,2.043,0.206,9.906,-0.016,-0.006,-0.026,24.102
4462,2.029,0.196,9.921,-0.021,0.001,-0.026,24.102
4472,2.034,0.177,9.940,-0.020,0.005,-0.022,24.113
4482,2.039,0.167,9.959,-0.015,0.007,-0.021,24.113
4492,2.020,0.177,9.949,-0.012,0.010,-0.021,24.078
4502,2.000,0.148,9.954,-0.007,0.007,-0.023,24.078
4512,2.010,0.124,9.954,-0.004,0.004,-0.027,24.078
4522,2.029,0.158,9.949,-0.006,-0.001,-0.029,24.078
4532,2.024,0.163,9.906,-0.011,-0.002,-0.026,24.141
4542,1.991,0.182,9.935,-0.018,0.002,-0.022,24.141
4552,1.991,0.158,9.940,-0.020,0.006,-0.020,24.066
4562,1.986,0.167,9.988,-0.015,0.013,-0.021,24.066
4572,1.996,0.134,10.021,-0.011,0.018,-0.023,24.133
4582,2.010,0.129,9.992,-0.006,0.020,-0.027,24.133
4592,1.981,0.124,9.983,-0.004,0.016,-0.032,24.105
4602,1.957,0.139,9.968,-0.002,0.011,-0.035,24.105
4612,1.986,0.153,9.945,-0.005,0.006,-0.037,24.121
4622,2.000,0.167,9.945,-0.013,0.006,-0.033,24.121
4632,2.024,0.167,9.945,-0.023,0.011,-0.032,24.090
4642,2.034,0.163,9.940,-0.026,0.020,-0.031,24.090
4652,2.043,0.196,9.949,-0.021,0.028,-0.028,24.082
4662,2.024,0.182,9.925,-0.010,0.038,-0.024,24.082
4672,2.015,0.211,9.945,-0.001,0.045,-0.020,24.074
4682,2.024,0.158,9.997,0.002,0.046,-0.022,24.074
4692,1.943,0.177,9.997,0.009,0.034,-0.035,24.105
4702,1.967,0.201,9.983,0.012,0.020,-0.034,24.105
4712,2.005,0.167,9.978,0.004,0.004,-0.032,24.078
4722,2.029,0.206,9.964,-0.015,-0.009,-0.029,24.078
4732,2.024,0.211,9.983,-0.028,-0.013,-0.024,24.117
4742,2.029,0.158,9.959,-0.034,-0.011,-0.022,24.117
4752,2.020,0.158,9.978,-0.029,-0.007,-0.022,24.082
4762,1.976,0.144,9.954,-0.020,-0.004,-0.027,24.082
4772,1.962,0.144,9.945,-0.007,0.001,-0.031,24.105
4782,1.991,0.167,9.940,0.001,0.005,-0.033,24.105
4792,1.957,0.163,9.930,0.000,0.009,-0.037,24.090
4802,1.981,0.177,9.954,-0.007,0.010,-0.034,24.090
4812,2.005,0.163,9.992,-0.013,0.011,-0.032,24.074
4822,2.020,0.148,9.964,-0.017,0.009,-0.029,24.074
4832,1.996,0.134,9.964,-0.017,0.006,-0.028,24.148
4842,1.981,0.144,9.949,-0.012,0.002,-0.032,24.148
4852,1.981,0.153,9.968,-0.011,-0.002,-0.034,24.105
4862,2.005,0.177,9.930,-0.010,-0.001,-0.033,24.105
4872,1.986,0.163,9.940,-0.012,0.006,-0.033,24.113
4882,2.020,0.191,9.949,-0.016,0.017,-0.029,24.113
4892,2.020,0.191,9.968,-0.018,0.029,-0.026,24.125
4902,2.020,0.163,9.992,-0.013,0.038,-0.027,24.125
4912,2.010,0.139,9.949,-0.007,0.039,-0.033,24.121
4922,1.976,0.172,9.964,0.000,0.035,-0.037,24.121
4932,1.962,0.163,9.949,0.007,0.027,-0.038,24.098
4942,1.938,0.182,9.954,0.009,0.013,-0.035,24.098
4952,1.953,0.177,9.935,0.000,0.000,-0.031,24.105
4962,1.943,0.177,9.964,-0.012,-0.009,-0.026,24.105
4972,1.948,0.129,9.964,-0.023,-0.011,-0.026,24.117
4982,1.953,0.163,10.016,-0.028,-0.010,-0.028,24.117
4992,1.972,0.129,9.997,-0.026,-0.005,-0.031,24.117
5002,1.986,0.134,9.964,-0.018,0.002,-0.037,24.117
5012,1.957,0.144,9.983,-0.006,0.010,-0.042,24.121
5022,1.976,0.158,9.968,0.002,0.016,-0.043,24.121
5032,1.991,0.177,9.949,0.005,0.018,-0.042,24.113
5042,2.000,0.196,9.916,0.000,0.021,-0.040,24.113
5052,1.967,0.177,9.902,-0.007,0.024,-0.040,24.117
5062,1.943,0.187,9.935,-0.013,0.027,-0.040,24.117
5072,1.986,0.191,9.983,-0.013,0.029,-0.035,24.121
5082,2.015,0.211,9.997,-0.011,0.029,-0.034,24.121
5092,1.996,0.167,9.973,-0.006,0.027,-0.037,24.102
5102,1.972,0.177,9.968,-0.004,0.023,-0.038,24.102
5112,1.933,0.191,9.992,-0.002,0.017,-0.037,24.129
5122,1.938,0.191,10.050,-0.004,0.009,-0.037,24.129
5132,1.909,0.206,10.050,-0.007,-0.002,-0.034,24.125
5142,1.943,0.215,10.045,-0.015,-0.009,-0.031,24.125
5152,1.953,0.191,10.031,-0.018,-0.011,-0.033,24.137
5162,1.967,0.211,10.045,-0.021,-0.009,-0.035,24.137
5172,2.020,0.211,10.021,-0.017,-0.005,-0.033,24.082
5182,2.043,0.206,9.964,-0.016,0.002,-0.028,24.082
5192,2.029,0.220,9.945,-0.017,0.009,-0.027,24.137
5202,1.972,0.220,9.949,-0.012,0.012,-0.028,24.137
5212,1.967,0.215,9.959,-0.006,0.011,-0.026,24.152
5222,1.996,0.206,9.954,-0.004,0.009,-0.020,24.152
5232,1.991,0.211,9.935,-0.004,0.005,-0.016,24.102
5242,1.933,0.187,9.964,-0.007,0.006,-0.010,24.102
5252,1.953,0.172,9.973,-0.012,0.006,-0.005,24.152
5262,1.919,0.139,9.988,-0.016,0.011,-0.007,24.152
5272,1.909,0.105,9.973,-0.017,0.013,-0.015,24.102
5282,1.924,0.081,9.949,-0.012,0.013,-0.028,24.102
5292,1.938,0.110,9.973,-0.007,0.012,-0.038,24.141
5302,1.933,0.120,9.959,-0.005,0.007,-0.042,24.141
5312,1.948,0.134,9.954,-0.005,-0.002,-0.040,24.133
5322,1.957,0.115,9.949,-0.007,-0.007,-0.028,24.133
5332,1.953,0.158,9.945,-0.011,-0.010,-0.023,24.113
5342,1.943,0.148,9.945,-0.005,-0.015,-0.032,24.113
5352,1.953,0.158,9.930,-0.001,-0.016,-0.039,24.156
5362,1.962,0.172,9.911,-0.001,-0.015,-0.044,24.156
5372,1.981,0.220,9.916,-0.009,-0.006,-0.046,24.152
5382,2.005,0.239,9.945,-0.016,0.009,-0.044,24.152
5392,2.048,0.230,10.035,-0.017,0.026,-0.038,24.152
5412,2.010,0.211,10.031,0.007,0.042,-0.021,24.133
5422,1.957,0.201,10.007,0.009,0.035,-0.017,24.137
5432,1.929,0.182,9.959,0.005,0.028,-0.020,24.137
5442,1.919,0.201,9.992,-0.005,0.021,-0.023,24.152
5452,1.957,0.182,9.988,-0.012,0.009,-0.029,24.152
5462,1.948,0.201,9.988,-0.017,-0.004,-0.032,24.117
5472,2.000,0.191,9.973,-0.022,-0.012,-0.029,24.117
5482,1.996,0.215,9.954,-0.028,-0.017,-0.026,24.098
5492,1.991,0.220,9.940,-0.028,-0.016,-0.020,24.098
5502,2.000,0.187,9.935,-0.026,-0.011,-0.012,24.152
5512,1.972,0.148,9.930,-0.023,-0.001,-0.010,24.152
5522,1.924,0.115,9.925,-0.016,0.013,-0.011,24.176
5532,1.895,0.115,9.911,-0.006,0.028,-0.017,24.176
5542,1.876,0.139,9.940,0.001,0.038,-0.026,24.133
5552,1.905,0.134,9.973,0.007,0.042,-0.031,24.133
5562,1.905,0.172,10.012,0.009,0.040,-0.032,24.152
5572,1.933,0.153,10.059,0.004,0.037,-0.029,24.152
5582,1.914,0.167,10.074,-0.001,0.027,-0.029,24.172
5592,1.900,0.167,10.069,-0.005,0.015,-0.029,24.172
5602,1.924,0.172,10.069,-0.007,0.000,-0.031,24.129
5612,1.905,0.206,10.050,-0.011,-0.012,-0.033,24.129
5622,1.938,0.211,10.040,-0.017,-0.020,-0.033,24.160
5632,1.957,0.239,10.035,-0.022,-0.017,-0.031,24.160
5642,1.976,0.239,10.021,-0.023,-0.012,-0.031,24.152
5652,1.991,0.215,9.997,-0.022,-0.006,-0.028,24.152
5662,1.986,0.215,9.988,-0.018,-0.001,-0.024,24.145
5672,1.976,0.191,9.973,-0.015,0.005,-0.018,24.145
5682,1.957,0.177,9.959,-0.012,0.007,-0.015,24.188
5692,1.924,0.187,9.940,-0.013,0.009,-0.017,24.188
5702,1.900,0.177,9.988,-0.015,0.009,-0.021,24.148
5712,1.914,0.153,9.997,-0.015,0.007,-0.022,24.148
5722,1.924,0.153,9.997,-0.016,0.004,-0.023,24.152
5732,1.962,0.148,9.992,-0.018,-0.001,-0.026,24.152
5742,1.900,0.120,9.964,-0.022,-0.004,-0.026,24.148
5752,1.943,0.148,9.988,-0.026,-0.005,-0.026,24.148
5762,1.924,0.134,9.949,-0.026,-0.002,-0.029,24.152
5772,1.919,0.167,9.973,-0.024,0.005,-0.032,24.152
5782,1.953,0.158,9.954,-0.021,0.015,-0.031,24.152
5792,1.972,0.163,9.940,-0.016,0.023,-0.032,24.152
5802,1.938,0.148,9.925,-0.009,0.027,-0.034,24.145
5812,1.929,0.144,9.949,-0.004,0.024,-0.034,24.145
5822,1.938,0.167,9.954,-0.006,0.017,-0.033,24.160
5832,1.929,0.177,9.988,-0.012,0.012,-0.029,24.160
5842,1.924,0.096,9.940,-0.023,0.011,-0.023,24.133
5852,1.895,0.110,9.959,-0.034,0.012,-0.023,24.133
5862,1.871,0.163,10.035,-0.029,0.015,-0.032,24.148
5872,1.919,0.134,10.002,-0.007,0.010,-0.043,24.148
5882,1.933,0.148,9.954,0.004,0.004,-0.048,24.191
5892,1.929,0.177,9.954,-0.001,0.004,-0.043,24.191
5902,1.924,0.220,10.012,-0.011,0.005,-0.035,24.172
5912,1.938,0.215,10.050,-0.017,0.005,-0.033,24.172
5922,1.943,0.167,10.045,-0.021,0.006,-0.032,24.156
5932,1.938,0.129,10.026,-0.023,0.009,-0.028,24.156
5942,1.914,0.144,10.040,-0.018,0.011,-0.031,24.184
5952,1.933,0.167,10.031,-0.009,0.010,-0.038,24.184
5962,1.953,0.177,9.983,-0.001,0.006,-0.043,24.168
5972,1.972,0.206,9.964,-0.005,0.009,-0.042,24.168
5982,1.981,0.220,9.959,-0.011,0.012,-0.039,24.152
5992,1.957,0.196,9.940,-0.015,0.015,-0.033,24.152
6002,1.953,0.187,9.959,-0.020,0.013,-0.023,24.223
6012,1.914,0.153,10.002,-0.018,0.007,-0.017,24.223
6022,1.900,0.153,9.978,-0.011,0.001,-0.024,24.172
6032,1.905,0.172,9.959,-0.007,-0.002,-0.031,24.172
6042,1.909,0.167,9.954,-0.013,-0.004,-0.033,24.168
6052,1.919,0.163,9.949,-0.023,0.001,-0.032,24.168
6062,1.924,0.191,9.983,-0.031,0.009,-0.028,24.148
6072,1.914,0.129,10.007,-0.032,0.017,-0.024,24.148
6082,1.909,0.100,10.026,-0.024,0.021,-0.028,24.184
6092,1.909,0.129,10.040,-0.013,0.018,-0.034,24.184
6102,1.929,0.134,10.045,-0.005,0.012,-0.035,24.152
6112,1.957,0.139,9.992,-0.005,0.004,-0.034,24.152
6122,1.953,0.110,9.949,-0.020,0.002,-0.027,24.188
6132,1.900,0.153,9.968,-0.028,0.006,-0.029,24.188
6142,1.900,0.191,9.992,-0.021,0.006,-0.038,24.148
6152,1.943,0.187,9.945,-0.011,0.004,-0.043,24.148
6162,1.929,0.182,9.911,-0.007,0.001,-0.042,24.152
6172,1.953,0.187,9.916,-0.013,0.000,-0.037,24.152
6182,1.957,0.182,9.968,-0.018,0.001,-0.031,24.172
6192,1.976,0.172,9.997,-0.018,0.002,-0.028,24.172
6202,1.962,0.153,9.978,-0.017,0.007,-0.027,24.203
6212,1.938,0.163,9.940,-0.016,0.015,-0.029,24.203
6222,1.938,0.177,9.949,-0.015,0.024,-0.027,24.164
6232,1.924,0.182,9.949,-0.012,0.033,-0.023,24.164
6242,1.919,0.172,9.964,-0.005,0.039,-0.026,24.184
6252,1.924,0.172,10.016,0.004,0.039,-0.024,24.184
6262,1.914,0.148,10.045,0.011,0.033,-0.023,24.148
6272,1.881,0.163,10.031,0.011,0.021,-0.024,24.148
6282,1.857,0.182,10.035,0.002,0.007,-0.026,24.184
6292,1.857,0.177,10.055,-0.009,-0.009,-0.027,24.184
6302,1.862,0.163,10.088,-0.018,-0.022,-0.027,24.172
6312,1.890,0.158,10.079,-0.024,-0.029,-0.026,24.172
6322,1.895,0.148,10.002,-0.028,-0.031,-0.028,24.172
6332,1.909,0.167,9.945,-0.028,-0.023,-0.032,24.172
6342,1.929,0.163,9.930,-0.026,-0.009,-0.033,24.129
6352,1.929,0.158,9.949,-0.020,0.004,-0.034,24.129
6362,1.943,0.163,10.002,-0.013,0.016,-0.032,24.152
6382,1.933,0.196,9.959,0.010,0.021,-0.024,24.188
6392,1.914,0.201,9.959,0.004,0.015,-0.021,24.184
6402,1.919,0.172,9.949,-0.009,0.007,-0.020,24.184
6412,1.890,0.196,9.930,-0.020,0.002,-0.020,24.164
6422,1.914,0.167,9.949,-0.027,0.001,-0.020,24.164
6432,1.909,0.158,9.954,-0.027,0.002,-0.022,24.203
6442,1.914,0.172,9.973,-0.022,0.004,-0.020,24.203
6452,1.886,0.163,10.002,-0.016,0.006,-0.015,24.180
6462,1.895,0.129,10.050,-0.007,0.006,-0.013,24.180
6472,1.890,0.105,10.016,-0.005,0.007,-0.016,24.176
6482,1.866,0.115,10.040,-0.002,0.006,-0.020,24.176
6492,1.871,0.115,9.997,-0.002,0.005,-0.026,24.152
6502,1.886,0.158,10.002,-0.006,0.004,-0.034,24.152
6512,1.905,0.158,10.021,-0.012,0.006,-0.037,24.227
6522,1.914,0.177,10.002,-0.015,0.007,-0.037,24.227
6532,1.929,0.182,9.983,-0.015,0.005,-0.035,24.156
6542,1.938,0.196,9.964,-0.013,0.001,-0.031,24.156
6552,1.943,0.167,10.007,-0.013,-0.004,-0.022,24.156
6562,1.924,0.144,9.968,-0.013,-0.009,-0.017,24.156
6572,1.909,0.144,9.983,-0.012,-0.012,-0.018,24.184
6582,1.933,0.134,9.954,-0.011,-0.015,-0.022,24.184
6592,1.909,0.172,9.949,-0.013,-0.012,-0.023,24.176
6602,1.895,0.158,9.949,-0.016,-0.006,-0.024,24.176
6612,1.914,0.172,9.973,-0.017,-0.001,-0.027,24.203
6622,1.900,0.177,9.983,-0.015,0.005,-0.027,24.203
6632,1.976,0.153,9.978,-0.006,0.005,-0.027,24.188
6642,1.938,0.148,9.945,-0.004,0.001,-0.029,24.188
6652,1.905,0.163,9.954,-0.006,0.002,-0.027,24.191
6662,1.929,0.158,10.007,-0.006,0.002,-0.021,24.191
6672,1.943,0.167,10.012,-0.007,-0.002,-0.022,24.176
6682,1.919,0.182,10.007,-0.009,-0.006,-0.021,24.176
6692,1.909,0.148,9.968,-0.007,-0.006,-0.021,24.207
6702,1.909,0.167,9.945,-0.006,-0.005,-0.023,24.207
6712,1.905,0.167,9.968,-0.006,-0.004,-0.026,24.152
6722,1.919,0.191,9.964,-0.007,-0.001,-0.027,24.152
6732,1.938,0.182,9.992,-0.007,0.001,-0.023,24.152
6742,1.953,0.172,9.992,-0.011,0.004,-0.020,24.152
6752,1.929,0.158,10.007,-0.012,0.006,-0.018,24.148
6762,1.933,0.124,10.021,-0.007,0.004,-0.021,24.148
6772,1.881,0.144,9.997,-0.001,-0.001,-0.022,24.137
6782,1.924,0.167,9.973,0.002,-0.007,-0.022,24.137
6792,1.909,0.158,9.925,-0.005,-0.010,-0.024,24.195
6802,1.886,0.187,9.964,-0.012,-0.006,-0.028,24.195
6812,1.914,0.167,9.988,-0.021,-0.001,-0.027,24.191
6822,1.972,0.148,10.002,-0.023,0.004,-0.023,24.191
6832,1.976,0.139,10.021,-0.018,0.006,-0.026,24.207
6842,1.948,0.129,9.992,-0.009,0.007,-0.027,24.207
6852,1.953,0.144,9.978,-0.001,0.007,-0.028,24.152
6862,1.905,0.134,9.964,0.005,0.005,-0.029,24.152
6872,1.914,0.148,9.925,0.007,0.004,-0.029,24.199
6882,1.929,0.167,9.858,0.001,0.004,-0.029,24.199
6892,1.929,0.167,9.887,-0.010,0.007,-0.028,24.203
6902,1.905,0.158,9.930,-0.015,0.010,-0.028,24.203
6912,1.905,0.158,9.992,-0.015,0.009,-0.027,24.168
6922,1.914,0.158,10.026,-0.013,0.007,-0.027,24.168
6932,1.957,0.172,10.002,-0.016,0.011,-0.027,24.184
6942,1.924,0.134,9.992,-0.017,0.017,-0.029,24.184
6952,1.914,0.158,10.035,-0.013,0.022,-0.029,24.176
6962,1.905,0.148,10.026,-0.006,0.022,-0.031,24.176
6972,1.905,0.153,9.983,-0.001,0.018,-0.034,24.234
6982,1.886,0.144,9.964,-0.001,0.011,-0.038,24.234
6992,1.919,0.167,9.978,-0.006,0.004,-0.037,24.172
7002,1.933,0.167,9.992,-0.011,-0.005,-0.035,24.172
7012,1.948,0.172,10.007,-0.013,-0.011,-0.032,24.164
7022,1.957,0.191,10.002,-0.013,-0.013,-0.028,24.164
7032,1.929,0.206,9.973,-0.011,-0.011,-0.027,24.172
7042,1.943,0.201,9.978,-0.010,-0.005,-0.028,24.172
7052,1.933,0.225,9.983,-0.009,0.002,-0.029,24.160
7062,1.972,0.196,9.978,-0.009,0.012,-0.027,24.160
7072,1.943,0.172,9.973,-0.009,0.020,-0.027,24.141
7082,1.943,0.167,9.968,-0.010,0.023,-0.028,24.141
7092,1.905,0.139,9.973,-0.006,0.022,-0.027,24.156
7102,1.857,0.163,9.954,-0.001,0.010,-0.028,24.156
7112,1.862,0.139,9.949,0.000,-0.004,-0.028,24.188
7122,1.929,0.148,9.925,-0.007,-0.012,-0.024,24.188
7132,1.933,0.129,9.954,-0.020,-0.013,-0.022,24.180
7142,1.967,0.148,9.978,-0.027,-0.009,-0.024,24.180
7152,1.943,0.124,9.997,-0.021,-0.004,-0.031,24.160
7162,1.919,0.139,9.954,-0.010,0.001,-0.034,24.160
7172,1.890,0.163,9.964,-0.001,0.005,-0.033,24.223
7182,1.914,0.167,9.973,0.002,0.007,-0.033,24.223
7192,1.900,0.167,9.983,0.001,0.011,-0.034,24.215
7202,1.919,0.196,9.973,-0.004,0.016,-0.038,24.215
7212,1.929,0.182,9.978,-0.009,0.020,-0.038,24.227
7222,1.953,0.177,9.997,-0.011,0.021,-0.034,24.227
7232,1.962,0.158,9.973,-0.010,0.017,-0.029,24.230
7242,1.919,0.177,9.964,-0.006,0.013,-0.031,24.230
7252,1.909,0.187,9.940,-0.006,0.010,-0.029,24.219
7262,1.886,0.172,9.921,-0.010,0.010,-0.028,24.219
7272,1.895,0.158,9.925,-0.017,0.015,-0.027,24.207
7282,1.895,0.167,9.968,-0.020,0.021,-0.027,24.207
7292,1.909,0.167,10.012,-0.013,0.024,-0.029,24.203
7302,1.933,0.191,10.021,-0.006,0.026,-0.032,24.203
7312,1.943,0.177,10.045,-0.006,0.027,-0.033,24.223
7322,1.962,0.187,10.035,-0.006,0.028,-0.029,24.223
7332,1.962,0.201,10.035,-0.009,0.028,-0.024,24.227
7342,1.895,0.191,10.035,-0.010,0.028,-0.021,24.227
7352,1.871,0.163,10.026,-0.011,0.024,-0.020,24.242
7362,1.866,0.158,9.992,-0.010,0.018,-0.023,24.242
7372,1.862,0.148,9.983,-0.012,0.013,-0.027,24.223
7382,1.890,0.153,9.992,-0.017,0.011,-0.027,24.223
7392,1.909,0.144,9.973,-0.020,0.013,-0.027,24.250
7412,1.933,0.196,10.074,-0.007,0.028,-0.026,24.215
7422,1.838,0.177,10.064,-0.011,0.037,-0.028,24.203
7432,1.809,0.163,10.088,-0.009,0.043,-0.027,24.203
7442,1.819,0.110,10.150,-0.005,0.040,-0.020,24.246
7452,1.838,0.077,10.136,-0.005,0.023,-0.023,24.246
7462,1.842,0.120,10.059,-0.009,0.002,-0.037,24.219
7472,1.819,0.163,9.988,-0.022,-0.011,-0.045,24.219
7482,1.862,0.163,9.959,-0.040,-0.012,-0.044,24.242
7492,1.886,0.172,9.954,-0.055,-0.010,-0.040,24.242
7502,1.905,0.167,9.949,-0.056,-0.006,-0.039,24.227
7512,1.890,0.139,9.930,-0.045,-0.001,-0.039,24.227
7522,1.895,0.139,9.973,-0.024,0.004,-0.040,24.234
7532,1.938,0.134,9.992,-0.006,0.005,-0.042,24.234
7542,1.914,0.191,9.930,0.004,0.004,-0.043,24.301
7552,1.905,0.144,9.911,-0.004,0.006,-0.031,24.301
7562,1.886,0.187,9.964,-0.017,0.012,-0.022,24.242
7572,1.862,0.148,10.012,-0.013,0.013,-0.026,24.242
7582,1.866,0.158,9.992,-0.006,0.010,-0.033,24.266
7592,1.866,0.144,9.954,-0.002,0.004,-0.034,24.266
7602,1.881,0.153,9.945,-0.007,0.000,-0.031,24.227
7612,1.919,0.163,9.983,-0.020,-0.001,-0.024,24.227
7622,1.881,0.191,10.040,-0.031,0.000,-0.032,24.262
7632,1.933,0.201,10.012,-0.028,0.001,-0.037,24.262
7642,1.924,0.206,9.992,-0.020,0.005,-0.031,24.273
7652,1.914,0.206,10.021,-0.013,0.009,-0.023,24.273
7662,1.914,0.206,10.021,-0.006,0.009,-0.016,24.258
7672,1.862,0.206,10.040,0.000,0.009,-0.013,24.258
7682,1.862,0.182,10.074,0.004,0.005,-0.013,24.219
7692,1.876,0.177,10.074,0.001,-0.002,-0.013,24.219
7702,1.852,0.172,10.074,-0.007,-0.009,-0.011,24.297
7712,1.862,0.129,10.079,-0.017,-0.015,-0.010,24.297
7722,1.852,0.124,10.055,-0.023,-0.020,-0.013,24.207
7732,1.876,0.115,10.064,-0.023,-0.023,-0.016,24.207
7742,1.866,0.115,10.026,-0.017,-0.023,-0.017,24.238
7752,1.886,0.124,9.988,-0.013,-0.020,-0.017,24.238
7762,1.895,0.134,9.964,-0.012,-0.013,-0.022,24.254
7772,1.900,0.153,9.935,-0.013,-0.006,-0.026,24.254
7782,1.914,0.153,9.916,-0.016,0.001,-0.026,24.258
7792,1.900,0.153,9.878,-0.017,0.005,-0.026,24.258
7802,1.909,0.134,9.916,-0.015,0.007,-0.022,24.266
7812,1.933,0.129,9.954,-0.009,0.007,-0.016,24.266
7822,1.886,0.096,9.925,0.001,0.002,-0.016,24.285
7832,1.871,0.139,9.925,0.005,0.000,-0.018,24.285
7842,1.857,0.153,9.940,0.002,0.002,-0.022,24.254
7852,1.871,0.144,9.973,-0.005,0.001,-0.026,24.254
7862,1.862,0.139,10.021,-0.015,0.002,-0.027,24.266
7872,1.881,0.148,10.069,-0.022,0.006,-0.028,24.266
7882,1.909,0.124,10.059,-0.026,0.009,-0.028,24.246
7892,1.881,0.115,10.088,-0.023,0.013,-0.028,24.246
7902,1.857,0.139,10.074,-0.012,0.017,-0.028,24.285
7912,1.871,0.148,10.055,-0.002,0.017,-0.032,24.285
7922,1.895,0.182,10.045,0.000,0.016,-0.034,24.223
7932,1.943,0.215,9.988,-0.004,0.015,-0.033,24.223
7942,1.948,0.201,9.964,-0.012,0.010,-0.033,24.246
7952,1.957,0.206,9.930,-0.021,0.005,-0.032,24.246
7962,1.953,0.206,9.916,-0.026,0.001,-0.026,24.223
7972,1.972,0.182,9.897,-0.024,0.000,-0.020,24.223
7982,1.943,0.215,9.930,-0.017,0.001,-0.011,24.285
7992,1.905,0.187,9.954,-0.013,0.001,-0.004,24.285
8002,1.886,0.144,9.940,-0.015,0.005,-0.001,24.258
8012,1.871,0.124,9.964,-0.015,0.012,-0.001,24.258
8022,1.833,0.086,10.002,-0.017,0.021,-0.002,24.281
8032,1.823,0.110,10.026,-0.017,0.027,-0.007,24.281
8042,1.804,0.072,10.059,-0.015,0.031,-0.013,24.285
8052,1.804,0.057,10.079,-0.013,0.029,-0.017,24.285
8062,1.814,0.048,10.079,-0.009,0.026,-0.026,24.258
8072,1.799,0.077,10.098,-0.006,0.020,-0.034,24.258
8082,1.833,0.062,10.045,-0.007,0.011,-0.040,24.227
8092,1.838,0.096,10.012,-0.012,0.002,-0.046,24.227
8102,1.862,0.153,9.992,-0.020,-0.004,-0.048,24.273
8112,1.881,0.144,9.954,-0.026,-0.007,-0.046,24.273
8122,1.905,0.191,9.988,-0.028,-0.005,-0.042,24.262
8132,1.914,0.177,9.911,-0.027,0.001,-0.039,24.262
8142,1.924,0.225,9.945,-0.031,0.011,-0.044,24.270
8152,1.924,0.234,10.031,-0.031,0.020,-0.042,24.270
8162,1.976,0.211,9.978,-0.021,0.024,-0.026,24.223
8172,1.967,0.215,9.968,-0.021,0.026,-0.020,24.223
8182,1.905,0.163,10.002,-0.020,0.028,-0.013,24.285
8192,1.871,0.144,10.064,-0.015,0.028,-0.009,24.285
8202,1.842,0.086,10.059,-0.013,0.024,-0.006,24.250
8212,1.814,0.057,10.050,-0.018,0.017,-0.010,24.250
8222,1.775,0.081,10.035,-0.023,0.010,-0.017,24.313
8232,1.785,0.053,10.016,-0.027,0.005,-0.023,24.313
8242,1.799,0.096,10.035,-0.032,0.002,-0.027,24.270
8252,1.833,0.057,10.012,-0.032,0.000,-0.034,24.270
8262,1.842,0.072,9.973,-0.028,-0.002,-0.042,24.270
8272,1.857,0.129,9.940,-0.027,0.000,-0.040,24.270
8282,1.876,0.129,9.964,-0.023,0.005,-0.034,24.246
8292,1.909,0.153,9.945,-0.018,0.010,-0.028,24.246
8302,1.900,0.158,9.959,-0.016,0.016,-0.026,24.273
8312,1.876,0.124,9.964,-0.017,0.021,-0.023,24.273
8322,1.866,0.120,9.973,-0.016,0.026,-0.024,24.297
8332,1.866,0.105,9.988,-0.012,0.026,-0.027,24.297
8342,1.852,0.124,9.992,-0.010,0.022,-0.027,24.285
8352,1.833,0.148,10.021,-0.009,0.018,-0.026,24.285
8362,1.862,0.110,10.031,-0.007,0.015,-0.024,24.270
8372,1.866,0.139,10.040,-0.009,0.007,-0.026,24.270
8382,1.857,0.153,10.050,-0.006,0.001,-0.023,24.273
8392,1.871,0.139,10.035,-0.007,-0.005,-0.022,24.273
8402,1.857,0.139,10.035,-0.012,-0.006,-0.022,24.293
8412,1.871,0.144,10.035,-0.018,-0.002,-0.021,24.293
8422,1.857,0.129,9.983,-0.022,0.002,-0.020,24.285
8432,1.833,0.110,9.988,-0.020,0.009,-0.020,24.285
8452,1.823,0.120,9.988,-0.010,0.023,-0.023,24.316
8462,1.790,0.110,9.992,-0.011,0.021,-0.026,24.316
8472,1.819,0.100,10.026,-0.012,0.017,-0.024,24.297
8482,1.842,0.057,10.026,-0.016,0.012,-0.022,24.297
8492,1.809,0.077,10.021,-0.017,0.006,-0.023,24.227
8502,1.771,0.077,10.055,-0.018,0.002,-0.028,24.227
8512,1.780,0.086,10.074,-0.021,0.001,-0.031,24.273
8522,1.819,0.077,10.098,-0.027,0.004,-0.032,24.273
8532,1.857,0.110,10.098,-0.033,0.009,-0.032,24.320
8542,1.838,0.105,10.098,-0.038,0.016,-0.032,24.320
8552,1.847,0.067,10.055,-0.033,0.022,-0.037,24.266
8562,1.876,0.091,9.973,-0.021,0.020,-0.043,24.266
8572,1.833,0.120,9.945,-0.011,0.015,-0.044,24.305
8582,1.866,0.124,9.935,-0.010,0.007,-0.039,24.305
8592,1.857,0.163,9.949,-0.012,0.000,-0.035,24.277
8602,1.866,0.163,9.940,-0.021,-0.004,-0.031,24.277
8612,1.871,0.129,9.968,-0.032,-0.001,-0.027,24.297
8622,1.886,0.110,9.959,-0.037,0.002,-0.026,24.297
8632,1.847,0.100,9.978,-0.034,0.004,-0.023,24.273
8642,1.852,0.086,10.002,-0.027,0.006,-0.018,24.273
8652,1.823,0.086,10.035,-0.022,0.010,-0.018,24.250
8662,1.809,0.077,10.050,-0.015,0.012,-0.023,24.250
8672,1.809,0.062,10.040,-0.010,0.012,-0.028,24.293
8682,1.833,0.057,10.012,-0.009,0.011,-0.028,24.293
8692,1.847,0.057,9.973,-0.013,0.007,-0.032,24.301
8702,1.842,0.096,10.016,-0.018,0.007,-0.031,24.301
8712,1.838,0.091,10.007,-0.018,0.007,-0.028,24.277
8722,1.823,0.091,9.988,-0.018,0.009,-0.029,24.277
8732,1.838,0.110,9.988,-0.017,0.010,-0.028,24.289
8742,1.881,0.091,10.007,-0.016,0.011,-0.026,24.289
8752,1.847,0.091,9.997,-0.015,0.012,-0.026,24.242
8762,1.838,0.110,10.012,-0.016,0.012,-0.027,24.242
8772,1.828,0.096,10.012,-0.013,0.012,-0.028,24.277
8782,1.838,0.081,10.012,-0.012,0.010,-0.028,24.277
8792,1.814,0.086,9.978,-0.010,0.009,-0.029,24.281
8802,1.814,0.067,9.968,-0.007,0.009,-0.032,24.281
8812,1.823,0.100,9.968,-0.006,0.009,-0.031,24.297
8822,1.847,0.077,10.002,-0.006,0.009,-0.031,24.297
8832,1.842,0.077,10.012,-0.009,0.006,-0.032,24.266
8842,1.842,0.081,10.012,-0.013,0.001,-0.032,24.266
8852,1.866,0.096,10.002,-0.021,-0.002,-0.032,24.344
8862,1.823,0.096,10.002,-0.029,-0.002,-0.029,24.344
8872,1.819,0.091,9.988,-0.031,0.000,-0.027,24.293
8882,1.847,0.100,9.964,-0.028,0.006,-0.026,24.293
8892,1.823,0.091,9.983,-0.023,0.015,-0.027,24.289
8902,1.857,0.091,10.012,-0.017,0.022,-0.028,24.289
8912,1.852,0.081,10.021,-0.011,0.027,-0.024,24.305
8922,1.847,0.053,9.973,-0.009,0.028,-0.024,24.305
8932,1.828,0.062,9.992,-0.004,0.023,-0.028,24.316
8942,1.819,0.077,10.007,0.002,0.015,-0.033,24.316
8952,1.809,0.100,10.016,0.004,0.001,-0.035,24.281
8962,1.809,0.129,10.016,-0.006,-0.010,-0.032,24.281
8972,1.828,0.144,10.040,-0.018,-0.015,-0.026,24.297
8982,1.847,0.120,10.050,-0.031,-0.012,-0.022,24.297
8992,1.852,0.091,10.045,-0.033,-0.005,-0.022,24.316
9002,1.866,0.062,10.026,-0.026,0.004,-0.023,24.316
9012,1.814,0.067,10.026,-0.017,0.007,-0.026,24.332
9022,1.790,0.062,10.012,-0.009,0.007,-0.026,24.332
9032,1.809,0.067,9.988,-0.005,0.004,-0.026,24.270
9042,1.804,0.081,9.978,-0.007,0.005,-0.026,24.270
9052,1.847,0.072,9.978,-0.013,0.007,-0.028,24.313
9062,1.823,0.096,10.002,-0.018,0.009,-0.028,24.313
9072,1.852,0.081,10.040,-0.018,0.006,-0.026,24.305
9082,1.871,0.077,10.026,-0.013,0.000,-0.024,24.305
9092,1.857,0.086,10.007,-0.012,-0.006,-0.023,24.316
9102,1.833,0.086,9.983,-0.012,-0.010,-0.026,24.316
9112,1.823,0.086,9.988,-0.011,-0.010,-0.027,24.270
9122,1.862,0.091,9.988,-0.016,-0.006,-0.027,24.270
9132,1.814,0.086,9.992,-0.020,-0.001,-0.026,24.289
9142,1.833,0.105,9.978,-0.020,0.006,-0.022,24.289
9152,1.866,0.048,10.007,-0.020,0.015,-0.022,24.309
9162,1.828,0.033,10.031,-0.013,0.017,-0.023,24.309
9172,1.842,0.010,10.045,-0.004,0.013,-0.026,24.316
9182,1.823,0.033,10.002,0.000,0.006,-0.028,24.316
9192,1.819,0.077,9.988,-0.002,-0.001,-0.031,24.301
9202,1.823,0.067,9.997,-0.011,-0.005,-0.031,24.301
9212,1.838,0.081,9.978,-0.021,-0.005,-0.033,24.293
9222,1.847,0.077,9.968,-0.024,-0.004,-0.033,24.293
9232,1.876,0.110,9.973,-0.018,0.000,-0.032,24.289
9242,1.905,0.081,9.973,-0.009,0.001,-0.031,24.289
9252,1.876,0.110,9.992,-0.004,0.004,-0.029,24.309
9262,1.876,0.144,10.002,-0.004,0.006,-0.026,24.309
9272,1.847,0.091,9.983,-0.006,0.010,-0.022,24.313
9282,1.819,0.081,10.026,-0.007,0.007,-0.021,24.313
9292,1.790,0.048,10.045,-0.006,0.001,-0.021,24.289
9302,1.809,0.062,10.031,-0.010,-0.005,-0.022,24.289
9312,1.809,0.086,10.050,-0.017,-0.006,-0.024,24.293
9322,1.847,0.057,10.021,-0.022,-0.004,-0.028,24.293
9332,1.838,0.038,10.016,-0.024,0.001,-0.032,24.328
9342,1.852,0.048,10.002,-0.018,0.005,-0.034,24.328
9352,1.828,0.081,10.016,-0.007,0.006,-0.037,24.293
9362,1.847,0.105,9.988,-0.002,0.007,-0.038,24.293
9372,1.852,0.091,9.978,0.001,0.006,-0.039,24.301
9382,1.881,0.100,9.954,0.000,0.007,-0.034,24.301
9392,1.866,0.100,9.959,-0.002,0.006,-0.029,24.340
9402,1.866,0.129,9.988,-0.005,0.007,-0.024,24.340
9412,1.866,0.100,10.002,-0.007,0.009,-0.020,24.273
9422,1.847,0.096,10.021,-0.004,0.007,-0.018,24.273
9432,1.828,0.115,10.012,0.000,0.005,-0.017,24.281
9442,1.857,0.091,10.002,-0.001,0.004,-0.018,24.281
9452,1.823,0.105,10.031,-0.006,0.001,-0.020,24.316
9462,1.852,0.115,10.045,-0.011,0.002,-0.020,24.316
9472,1.852,0.081,10.031,-0.013,0.002,-0.018,24.309
9482,1.847,0.072,10.050,-0.016,0.002,-0.016,24.309
9492,1.814,0.010,10.088,-0.016,0.001,-0.011,24.316
9512,1.804,0.062,9.959,-0.006,-0.006,-0.031,24.340
9522,1.804,0.091,9.959,-0.012,-0.001,-0.033,24.344
9532,1.866,0.081,9.945,-0.016,0.002,-0.034,24.344
9542,1.828,0.100,9.921,-0.015,0.006,-0.033,24.352
9552,1.833,0.077,9.921,-0.012,0.012,-0.026,24.352
9562,1.842,0.067,9.988,-0.007,0.015,-0.020,24.348
9572,1.814,0.038,10.026,-0.001,0.015,-0.020,24.348
9582,1.804,0.033,10.059,0.005,0.007,-0.023,24.328
9592,1.799,0.062,10.069,0.005,-0.001,-0.031,24.328
9602,1.790,0.086,10.059,-0.004,-0.009,-0.033,24.336
9612,1.823,0.091,10.055,-0.013,-0.012,-0.035,24.336
9622,1.804,0.110,10.050,-0.021,-0.015,-0.038,24.324
9632,1.852,0.105,10.035,-0.022,-0.012,-0.034,24.324
9642,1.886,0.062,10.021,-0.018,-0.007,-0.031,24.340
9652,1.852,0.057,10.002,-0.012,-0.002,-0.034,24.340
9662,1.823,0.081,9.978,-0.002,0.000,-0.038,24.383
9672,1.852,0.115,9.959,0.004,0.002,-0.042,24.383
9682,1.866,0.120,9.959,0.002,0.004,-0.040,24.332
9692,1.847,0.124,9.988,-0.004,0.006,-0.035,24.332
9702,1.862,0.124,10.016,-0.009,0.010,-0.029,24.316
9712,1.900,0.129,9.997,-0.010,0.006,-0.023,24.316
9722,1.890,0.105,10.021,-0.009,0.004,-0.022,24.355
9732,1.866,0.096,10.016,-0.010,-0.001,-0.021,24.355
9742,1.828,0.100,10.002,-0.010,-0.006,-0.020,24.301
9752,1.838,0.081,10.012,-0.011,-0.007,-0.016,24.301
9762,1.828,0.086,10.012,-0.015,-0.009,-0.016,24.352
9772,1.819,0.081,10.035,-0.017,-0.007,-0.017,24.352
9782,1.838,0.057,10.026,-0.017,-0.004,-0.018,24.336
9792,1.842,0.053,10.031,-0.013,-0.004,-0.023,24.336
9802,1.833,0.048,9.988,-0.010,-0.006,-0.029,24.336
9812,1.842,0.072,10.007,-0.007,-0.007,-0.032,24.336
9822,1.866,0.077,10.002,-0.009,-0.009,-0.032,24.367
9832,1.876,0.081,10.002,-0.010,-0.009,-0.033,24.367
9842,1.881,0.115,9.949,-0.013,-0.009,-0.035,24.344
9852,1.862,0.100,9.959,-0.015,-0.006,-0.032,24.344
9862,1.890,0.134,9.959,-0.015,0.000,-0.026,24.324
9872,1.871,0.081,9.954,-0.013,0.005,-0.024,24.324
9882,1.833,0.081,9.959,-0.007,0.006,-0.027,24.379
9892,1.847,0.081,9.988,0.000,0.006,-0.028,24.379
9902,1.866,0.086,9.992,0.001,0.002,-0.027,24.316
9912,1.881,0.096,9.997,-0.004,0.001,-0.024,24.316
9922,1.847,0.077,10.007,-0.012,0.002,-0.023,24.363
9932,1.852,0.067,10.031,-0.016,0.005,-0.023,24.363
9942,1.852,0.067,10.050,-0.013,0.006,-0.026,24.371
9952,1.862,0.072,10.021,-0.006,0.005,-0.031,24.371
9962,1.866,0.067,9.988,-0.002,0.009,-0.031,24.344
9972,1.862,0.038,9.964,-0.004,0.012,-0.027,24.344
9982,1.838,0.072,9.978,-0.006,0.012,-0.032,24.348
9992,1.833,0.124,9.988,-0.004,0.007,-0.043,24.348
10002,1.871,0.105,9.964,-0.005,-0.001,-0.044,24.320
10012,1.886,0.129,9.968,-0.013,-0.006,-0.040,24.320
10022,1.905,0.139,10.007,-0.023,-0.005,-0.034,24.367
10032,1.886,0.124,9.997,-0.027,0.001,-0.029,24.367
10042,1.900,0.105,10.002,-0.020,0.006,-0.027,24.309
10052,1.862,0.096,10.012,-0.007,0.010,-0.028,24.309
10062,1.866,0.086,9.973,0.004,0.010,-0.029,24.348
10072,1.847,0.038,9.945,0.004,0.007,-0.032,24.348
10082,1.823,0.081,9.954,0.000,0.002,-0.033,24.371
10092,1.847,0.081,10.002,-0.004,-0.006,-0.038,24.371
10102,1.828,0.072,9.988,0.000,-0.020,-0.042,24.348
10112,1.852,0.077,10.016,0.001,-0.034,-0.042,24.348
10122,1.862,0.110,10.021,-0.001,-0.043,-0.037,24.344
10132,1.890,0.105,10.016,-0.015,-0.043,-0.029,24.344
10142,1.881,0.057,9.978,-0.032,-0.029,-0.029,24.340
10152,1.828,0.062,10.031,-0.037,-0.005,-0.033,24.340
10162,1.842,0.053,10.012,-0.027,0.017,-0.038,24.363
10172,1.847,0.029,10.035,-0.010,0.033,-0.042,24.363
10182,1.876,0.072,10.007,0.001,0.043,-0.045,24.375
10192,1.881,0.096,9.997,0.005,0.045,-0.049,24.375
10202,1.895,0.120,10.012,0.004,0.040,-0.050,24.359
10212,1.900,0.129,9.978,0.000,0.031,-0.046,24.359
10222,1.881,0.148,9.988,-0.006,0.020,-0.035,24.395
10232,1.886,0.124,10.007,-0.018,0.013,-0.026,24.395
10242,1.847,0.148,10.035,-0.021,0.009,-0.027,24.371
10252,1.871,0.134,10.093,-0.013,0.002,-0.031,24.371
10262,1.871,0.096,10.088,-0.012,-0.002,-0.031,24.320
10272,1.886,0.129,10.074,-0.011,-0.006,-0.031,24.320
10282,1.833,0.129,10.064,-0.012,-0.006,-0.028,24.348
10292,1.847,0.124,10.112,-0.017,-0.004,-0.022,24.348
10302,1.842,0.077,10.117,-0.023,-0.005,-0.021,24.375
10312,1.809,0.062,10.059,-0.028,-0.007,-0.026,24.375
10322,1.790,0.043,10.026,-0.032,-0.006,-0.033,24.367
10332,1.823,0.029,10.035,-0.031,-0.001,-0.037,24.367
10342,1.886,0.033,10.002,-0.034,0.004,-0.039,24.387
10352,1.852,0.038,9.978,-0.037,0.010,-0.040,24.387
10362,1.852,0.091,9.964,-0.032,0.016,-0.040,24.355
10372,1.886,0.072,9.983,-0.022,0.017,-0.040,24.355
10382,1.905,0.086,9.954,-0.011,0.012,-0.042,24.383
10392,1.900,0.100,9.935,-0.010,0.007,-0.040,24.383
10402,1.886,0.105,9.892,-0.017,0.005,-0.038,24.324
10412,1.876,0.124,9.911,-0.023,0.006,-0.034,24.324
10422,1.905,0.110,9.930,-0.027,0.009,-0.031,24.383
10432,1.933,0.124,9.964,-0.028,0.006,-0.028,24.383
10442,1.890,0.110,9.968,-0.026,0.009,-0.024,24.352
10452,1.881,0.100,9.954,-0.020,0.012,-0.022,24.352
10462,1.871,0.067,9.973,-0.016,0.016,-0.023,24.402
10472,1.890,0.057,9.978,-0.013,0.020,-0.023,24.402
10482,1.886,0.062,9.983,-0.011,0.022,-0.021,24.355
10492,1.862,0.053,9.983,-0.006,0.023,-0.022,24.355
10502,1.823,0.062,9.949,0.000,0.023,-0.026,24.398
10512,1.809,0.072,9.988,-0.001,0.022,-0.029,24.398
10522,1.833,0.062,10.002,-0.004,0.022,-0.027,24.367
10532,1.823,0.057,10.026,-0.006,0.022,-0.026,24.367
10542,1.804,0.072,10.055,-0.004,0.020,-0.028,24.402
10552,1.862,0.077,10.074,0.001,0.013,-0.032,24.402
10562,1.857,0.072,10.064,0.005,0.007,-0.033,24.387
10572,1.852,0.081,10.021,0.004,-0.001,-0.033,24.387
10592,1.866,0.091,10.002,-0.016,0.000,-0.026,24.391
10602,1.866,0.077,10.045,-0.015,0.002,-0.027,24.391
10612,1.842,0.110,9.988,-0.011,0.001,-0.028,24.391
10622,1.828,0.105,10.007,-0.005,-0.004,-0.026,24.391
10632,1.828,0.100,10.026,-0.002,-0.006,-0.016,24.379
10642,1.881,0.072,10.031,-0.007,-0.005,-0.012,24.379
10652,1.842,0.057,10.050,-0.013,0.000,-0.016,24.383
10662,1.819,0.033,10.050,-0.017,0.011,-0.023,24.383
10672,1.809,0.033,10.059,-0.018,0.020,-0.027,24.410
10682,1.795,0.019,10.055,-0.013,0.024,-0.029,24.410
10692,1.799,0.033,10.059,-0.009,0.026,-0.032,24.398
10702,1.823,0.062,10.016,-0.001,0.022,-0.038,24.398
10712,1.838,0.062,10.012,0.001,0.013,-0.040,24.383
10722,1.866,0.072,9.978,0.000,0.002,-0.038,24.383
10732,1.871,0.100,9.954,-0.006,-0.007,-0.034,24.402
10742,1.857,0.115,9.964,-0.013,-0.013,-0.028,24.402
10752,1.866,0.134,10.002,-0.017,-0.013,-0.026,24.426
10762,1.871,0.110,10.035,-0.018,-0.010,-0.027,24.426
10772,1.890,0.144,10.074,-0.017,-0.005,-0.028,24.418
10782,1.886,0.120,10.074,-0.012,0.000,-0.026,24.418
10792,1.900,0.115,10.074,-0.010,0.006,-0.020,24.391
10802,1.881,0.134,9.992,-0.010,0.013,-0.017,24.391
10812,1.852,0.120,9.968,-0.012,0.021,-0.016,24.398
10822,1.866,0.086,9.959,-0.015,0.026,-0.016,24.398
10832,1.857,0.072,9.940,-0.015,0.028,-0.017,24.426
10842,1.866,0.091,9.925,-0.007,0.022,-0.017,24.426
10852,1.857,0.091,9.940,0.002,0.015,-0.015,24.387
10862,1.890,0.077,9.945,0.007,0.004,-0.007,24.387
10872,1.881,0.067,9.959,0.000,0.001,-0.002,24.395
10882,1.799,0.029,9.978,-0.013,0.009,-0.006,24.395
10892,1.771,0.000,9.983,-0.016,0.026,-0.016,24.391
10902,1.790,-0.029,10.012,-0.006,0.038,-0.018,24.391
10912,1.771,-0.005,9.988,0.007,0.040,-0.026,24.387
10922,1.771,0.043,9.978,0.018,0.040,-0.033,24.387
10932,1.766,0.081,9.968,0.024,0.039,-0.034,24.395
10942,1.814,0.115,10.016,0.021,0.032,-0.032,24.395
10952,1.795,0.105,10.035,0.006,0.023,-0.029,24.414
10962,1.775,0.096,10.026,-0.010,0.017,-0.023,24.414
10972,1.780,0.105,10.074,-0.021,0.015,-0.023,24.438
10982,1.766,0.072,10.122,-0.020,0.013,-0.024,24.438
10992,1.795,0.077,10.155,-0.011,0.011,-0.027,24.398
11002,1.828,0.077,10.141,-0.002,0.009,-0.031,24.398
11012,1.838,0.110,10.112,0.007,0.009,-0.035,24.422
11022,1.790,0.124,10.069,0.009,0.009,-0.039,24.422
11032,1.828,0.177,10.031,0.002,0.011,-0.039,24.410
11042,1.842,0.144,9.992,-0.007,0.011,-0.042,24.410
11052,1.819,0.158,9.978,-0.017,0.011,-0.043,24.402
11062,1.842,0.129,9.992,-0.023,0.016,-0.039,24.402
11072,1.842,0.110,10.021,-0.016,0.018,-0.032,24.430
11082,1.857,0.081,10.007,-0.006,0.017,-0.023,24.430
11092,1.809,0.091,10.002,0.006,0.011,-0.021,24.395
11102,1.775,0.110,10.007,0.011,0.000,-0.020,24.395
11112,1.752,0.081,9.997,0.006,-0.009,-0.021,24.445
11122,1.756,0.048,9.983,-0.006,-0.015,-0.022,24.445
11132,1.756,0.062,10.002,-0.021,-0.015,-0.024,24.477
11142,1.737,0.057,10.002,-0.028,-0.009,-0.028,24.477
11152,1.742,0.000,10.012,-0.023,0.002,-0.034,24.438
11162,1.761,0.029,10.069,-0.012,0.006,-0.040,24.438
11172,1.756,0.033,10.098,0.004,0.005,-0.048,24.422
11182,1.809,0.100,10.088,0.010,-0.001,-0.054,24.422
11192,1.814,0.105,10.093,0.005,-0.011,-0.055,24.395
11202,1.852,0.144,10.083,-0.004,-0.016,-0.050,24.395
11212,1.842,0.139,10.016,-0.010,-0.020,-0.045,24.422
11222,1.866,0.163,9.968,-0.015,-0.018,-0.043,24.422
11232,1.866,0.167,9.983,-0.015,-0.012,-0.040,24.457
11242,1.895,0.167,9.968,-0.007,-0.006,-0.037,24.457
11252,1.876,0.187,9.940,-0.001,0.001,-0.033,24.469
11262,1.871,0.167,9.959,-0.004,0.010,-0.027,24.469
11272,1.828,0.163,9.978,-0.009,0.017,-0.018,24.426
11282,1.842,0.129,10.012,-0.009,0.018,-0.012,24.426
11292,1.785,0.096,10.016,-0.006,0.015,-0.011,24.410
11302,1.785,0.072,10.064,-0.005,0.005,-0.015,24.410
11312,1.766,0.053,10.083,-0.002,-0.010,-0.021,24.402
11322,1.747,0.067,10.079,-0.004,-0.023,-0.028,24.402
11332,1.775,0.067,10.059,-0.010,-0.031,-0.033,24.441
11342,1.814,0.096,10.035,-0.024,-0.024,-0.032,24.441
11352,1.852,0.081,10.021,-0.034,-0.011,-0.031,24.422
11362,1.838,0.072,10.016,-0.031,0.004,-0.033,24.422
11372,1.828,0.077,10.012,-0.012,0.011,-0.035,24.434
11382,1.823,0.081,10.012,0.006,0.009,-0.037,24.434
11392,1.819,0.115,9.983,0.021,-0.002,-0.040,24.438
11402,1.809,0.139,9.964,0.023,-0.011,-0.042,24.438
11412,1.833,0.177,9.949,0.007,-0.013,-0.035,24.434
11422,1.847,0.139,9.973,-0.013,-0.011,-0.029,24.434
11432,1.838,0.124,10.012,-0.028,-0.007,-0.031,24.449
11442,1.823,0.105,10.050,-0.032,-0.004,-0.032,24.449
11452,1.852,0.091,10.045,-0.024,-0.005,-0.035,24.438
11462,1.814,0.091,10.026,-0.015,-0.010,-0.040,24.438
11472,1.795,0.110,10.016,-0.010,-0.011,-0.039,24.422
11482,1.823,0.120,10.012,-0.012,-0.009,-0.033,24.422
11492,1.814,0.100,10.026,-0.013,-0.006,-0.029,24.434
11502,1.809,0.081,10.045,-0.016,-0.004,-0.028,24.434
11512,1.814,0.057,10.050,-0.015,-0.004,-0.032,24.410
11522,1.804,0.072,10.059,-0.012,-0.002,-0.034,24.410
11532,1.809,0.057,10.093,-0.010,-0.004,-0.037,24.430
11542,1.852,0.091,10.083,-0.004,-0.006,-0.044,24.430
11552,1.852,0.115,10.045,0.000,-0.007,-0.051,24.434
11562,1.886,0.144,10.045,-0.002,-0.007,-0.051,24.434
11572,1.890,0.163,10.016,-0.007,-0.007,-0.046,24.445
11582,1.890,0.172,9.964,-0.016,-0.005,-0.038,24.445
11592,1.871,0.134,9.921,-0.021,0.001,-0.029,24.473
11602,1.847,0.129,9.940,-0.016,0.005,-0.027,24.473
11612,1.876,0.110,9.964,-0.007,0.007,-0.026,24.457
11622,1.886,0.100,9.973,-0.001,0.006,-0.027,24.457
11632,1.852,0.124,9.964,-0.001,0.005,-0.028,24.449
11642,1.852,0.105,9.973,-0.010,0.009,-0.026,24.449
11662,1.775,0.072,10.064,-0.023,0.023,-0.023,24.469
11672,1.804,0.057,10.069,-0.013,0.018,-0.024,24.469
11682,1.795,0.062,10.059,-0.005,0.012,-0.031,24.465
11692,1.814,0.086,10.059,-0.004,0.007,-0.037,24.465
11702,1.838,0.105,10.055,-0.007,0.007,-0.040,24.441
11712,1.852,0.110,10.026,-0.010,0.009,-0.042,24.441
11722,1.876,0.144,9.978,-0.013,0.010,-0.042,24.445
11732,1.871,0.124,9.945,-0.017,0.015,-0.040,24.445
11742,1.838,0.120,9.906,-0.018,0.024,-0.037,24.445
11752,1.747,0.096,9.720,-0.009,0.035,-0.043,24.445
11762,1.809,0.086,9.892,0.009,0.051,-0.049,24.438
11772,1.804,0.081,10.112,0.026,0.051,-0.055,24.438
11782,1.785,0.014,10.016,0.054,0.034,-0.064,24.445
11792,1.747,0.077,9.968,0.067,0.016,-0.073,24.445
11802,1.771,0.129,10.059,0.050,0.001,-0.072,24.523
11812,1.790,0.124,10.102,0.022,-0.016,-0.059,24.523
11822,1.819,0.134,10.107,-0.005,-0.029,-0.049,24.422
11832,1.766,0.091,10.069,-0.023,-0.033,-0.050,24.422
11842,1.723,0.100,10.093,-0.022,-0.029,-0.055,24.438
11852,1.795,0.077,10.098,-0.007,-0.020,-0.060,24.438
11862,1.819,0.096,10.026,0.010,-0.009,-0.072,24.426
11872,1.780,0.144,9.997,0.020,0.006,-0.083,24.426
11882,1.790,0.163,9.988,0.026,0.018,-0.087,24.457
11892,1.819,0.167,9.964,0.027,0.026,-0.087,24.457
11902,1.847,0.129,9.930,0.021,0.023,-0.089,24.430
11912,1.785,0.139,9.892,0.020,0.015,-0.100,24.430
11922,1.766,0.129,9.782,0.028,0.004,-0.111,24.473
11932,1.766,0.124,9.830,0.044,-0.013,-0.130,24.473
11942,1.780,0.105,9.791,0.062,-0.043,-0.150,24.453
11952,1.723,0.081,9.667,0.084,-0.075,-0.169,24.453
11962,1.728,0.010,9.528,0.106,-0.106,-0.184,24.445
11972,1.689,-0.038,9.399,0.125,-0.139,-0.214,24.445
11982,1.589,-0.115,9.241,0.170,-0.161,-0.257,24.426
11992,1.522,-0.120,9.040,0.222,-0.178,-0.307,24.426
12002,1.522,-0.172,8.987,0.265,-0.189,-0.362,24.469
12012,1.699,-0.273,8.901,0.356,-0.177,-0.414,24.469
12022,1.373,-0.196,9.083,0.492,-0.151,-0.446,24.469
12032,1.134,0.191,9.112,0.634,-0.125,-0.473,24.469
12042,1.350,0.325,9.303,0.737,-0.043,-0.519,24.500
12052,1.479,0.292,9.346,0.792,0.079,-0.580,24.500
12062,1.402,0.479,9.557,0.793,0.224,-0.648,24.477
12072,1.503,0.526,9.849,0.770,0.384,-0.679,24.477
12082,1.670,0.435,10.064,0.716,0.539,-0.689,24.438
12092,1.608,0.239,10.303,0.698,0.663,-0.721,24.438
12102,1.373,0.340,10.332,0.717,0.733,-0.772,24.453
12112,1.082,0.316,10.155,0.712,0.748,-0.839,24.453
12122,0.608,0.440,10.083,0.679,0.706,-0.916,24.473
12132,0.239,0.703,10.098,0.673,0.613,-1.041,24.473
12142,0.244,1.101,10.280,0.739,0.479,-1.180,24.484
12152,0.689,1.292,10.361,0.850,0.303,-1.280,24.484
12162,0.928,1.436,10.112,0.935,0.110,-1.329,24.488
12172,0.871,1.842,9.610,1.021,-0.076,-1.365,24.488
12182,0.895,2.249,9.466,1.129,-0.225,-1.356,24.477
12192,1.115,2.637,9.629,1.170,-0.348,-1.284,24.477
12202,1.484,2.924,9.992,1.232,-0.446,-1.212,24.453
12212,1.632,2.938,9.940,1.363,-0.509,-1.185,24.453
12222,1.531,2.618,9.811,1.576,-0.535,-1.169,24.422
12232,2.043,2.422,9.768,1.761,-0.518,-1.146,24.422
12242,2.015,2.871,10.059,1.831,-0.486,-1.134,24.473
12252,1.828,3.178,9.925,1.833,-0.451,-1.064,24.473
12262,1.728,3.388,9.595,1.713,-0.400,-0.963,24.477
12272,1.641,3.326,9.873,1.526,-0.282,-0.921,24.477
12282,0.852,4.044,9.705,1.186,-0.198,-0.938,24.473
12292,0.924,3.642,9.768,0.622,-0.169,-0.968,24.473
12302,0.885,3.431,9.681,0.211,-0.032,-1.037,24.465
12312,0.474,2.441,9.710,-0.070,0.165,-1.104,24.465
12322,0.680,3.245,9.978,-0.298,0.376,-1.133,24.473
12332,0.517,4.120,9.619,-0.241,0.500,-1.195,24.473
12342,0.359,3.891,9.571,-0.064,0.561,-1.221,24.457
12352,0.479,3.570,9.744,0.007,0.585,-1.233,24.457
12362,0.770,3.154,9.705,0.017,0.552,-1.306,24.469
12372,0.790,3.154,9.533,0.043,0.490,-1.396,24.469
12382,0.550,3.503,9.394,0.142,0.419,-1.420,24.422
12392,0.555,4.221,9.184,0.290,0.357,-1.322,24.422
12402,0.579,4.666,8.973,0.413,0.359,-1.145,24.461
12412,0.684,5.015,9.107,0.421,0.393,-0.959,24.461
12422,1.498,5.652,9.811,0.321,0.418,-0.751,24.480
12432,1.852,4.757,10.012,0.511,0.430,-0.567,24.480
12442,1.196,4.982,9.949,0.661,0.357,-0.476,24.500
12452,0.636,5.216,9.758,0.600,0.161,-0.430,24.500
12462,0.531,5.269,9.701,0.451,-0.075,-0.409,24.441
12472,2.058,4.360,9.930,0.304,-0.363,-0.401,24.441
12482,0.502,5.413,9.413,0.242,-0.702,-0.312,24.492
12492,-0.234,5.508,9.126,0.001,-1.029,-0.294,24.492
12502,-0.871,4.934,9.198,-0.293,-1.384,-0.319,24.559
12512,-1.326,4.331,9.710,-0.470,-1.781,-0.391,24.559
12522,0.579,3.474,9.734,-0.430,-2.114,-0.539,24.496
12532,2.871,5.015,7.499,-0.781,-1.875,-0.321,24.496
12542,-0.785,3.896,9.624,-1.020,-0.126,0.246,24.508
12552,1.598,3.422,8.217,-0.599,-0.177,0.547,24.508
12562,0.857,3.680,9.600,-0.415,0.153,0.321,24.531
12572,0.785,2.771,9.552,-0.130,0.259,0.402,24.531
12582,0.689,1.976,10.026,-0.048,0.356,0.353,24.496
12592,0.952,3.178,10.571,0.002,0.299,0.342,24.496
12602,0.723,3.436,9.825,0.172,0.365,0.332,24.520
12612,1.249,3.915,8.447,0.198,0.346,0.360,24.520
12622,1.158,3.857,7.935,0.021,0.374,0.363,24.539
12632,1.278,4.116,7.628,-0.302,0.332,0.400,24.539
12642,0.560,4.125,9.279,-0.633,0.288,0.412,24.504
12652,0.593,4.379,11.342,-0.748,0.151,0.443,24.504
12662,0.689,4.063,10.332,-0.667,0.013,0.437,24.531
12672,0.340,4.140,9.313,-0.731,-0.142,0.452,24.531
12682,0.622,3.857,8.274,-0.920,-0.214,0.492,24.516
12692,0.641,3.766,9.461,-1.144,-0.253,0.539,24.516
12702,0.608,3.048,10.179,-1.157,-0.247,0.575,24.488
12712,0.335,2.977,10.481,-0.987,-0.255,0.605,24.488
12722,0.723,2.465,10.414,-0.608,-0.087,0.563,24.543
12732,1.728,1.785,9.648,-0.232,0.040,0.573,24.543
12752,1.852,2.603,9.437,0.056,0.181,0.279,24.449
12762,1.871,2.522,9.768,0.084,0.213,0.199,24.449
12772,1.919,2.489,10.016,0.043,0.151,0.132,24.531
12782,1.507,2.819,9.825,0.018,0.078,0.038,24.531
12792,1.139,2.857,9.590,0.018,0.050,-0.007,24.496
12802,0.852,3.029,9.571,0.011,0.064,-0.006,24.496
12812,0.526,3.527,9.863,-0.051,0.040,0.042,24.516
12822,0.909,3.417,8.308,-0.214,-0.028,0.094,24.516
12832,1.239,3.130,7.557,-0.538,-0.083,0.108,24.555
12842,1.531,2.704,4.269,-1.060,-0.033,0.082,24.555
12852,1.440,2.637,3.948,-1.855,0.034,0.060,24.508
12862,1.182,2.627,3.245,-2.888,0.110,0.031,24.508
12872,0.995,2.460,3.632,-4.110,0.093,0.092,24.500
12882,0.986,1.819,4.240,-5.456,-0.018,0.216,24.500
12892,1.292,1.158,6.164,-6.842,-0.232,0.371,24.500
12902,3.068,-2.364,22.416,-7.995,-0.746,0.495,24.500
12912,3.293,-10.169,37.108,-3.343,1.381,0.451,24.496
12922,-0.938,-1.507,16.568,-0.706,1.249,-0.017,24.496
12932,0.742,0.316,7.877,1.111,-0.161,-0.298,24.516
12942,1.771,-0.096,5.451,1.908,-0.529,-0.117,24.516
12952,2.393,0.014,5.996,1.135,-0.812,-0.023,24.516
12962,1.211,-0.273,8.121,0.144,-1.063,-0.144,24.516
12972,-0.464,1.541,11.323,-0.860,-0.516,-0.110,24.559
12982,0.306,-1.953,13.854,-0.530,0.065,0.026,24.559
12992,1.517,-0.120,9.413,-0.004,-0.335,-0.010,24.547
13002,1.752,-1.316,10.370,0.301,0.208,-0.004,24.547
13012,1.618,0.196,9.949,0.535,0.133,-0.051,24.559
13022,1.426,1.220,9.413,0.376,0.117,-0.016,24.559
13032,0.670,0.325,9.916,-0.064,0.032,0.119,24.512
13042,-0.144,-0.206,9.744,-0.249,-0.247,0.222,24.512
13052,-0.397,-0.134,10.136,-0.472,-0.271,0.210,24.559
13062,1.273,-0.555,11.069,-0.498,-0.216,0.078,24.559
13072,1.909,-0.871,9.739,-0.312,-0.161,0.002,24.574
13082,1.771,-0.402,9.968,-0.090,-0.039,-0.007,24.574
13092,1.316,-0.297,10.385,0.033,0.042,-0.023,24.551
13102,1.297,-0.163,10.079,0.059,0.043,-0.033,24.551
13112,1.421,-0.297,9.959,0.010,0.021,-0.027,24.523
13122,2.292,-2.498,11.084,0.279,0.104,-0.066,24.523
13132,2.240,-0.866,9.997,1.511,0.764,-0.143,24.551
13142,1.187,0.737,9.949,2.121,1.119,-0.154,24.551
13152,0.598,1.460,9.844,1.459,0.767,-0.143,24.516
13162,-0.292,1.551,9.016,0.500,0.228,-0.002,24.516
13172,-0.646,2.517,8.849,-0.205,0.039,0.029,24.516
13182,0.182,1.306,9.902,-1.147,-0.435,0.127,24.516
13192,0.952,-0.120,11.509,-1.597,-0.660,0.145,24.527
13202,1.723,-0.976,10.758,-1.461,-0.722,0.154,24.527
13212,1.900,-1.120,9.988,-0.960,-0.481,0.108,24.512
13222,1.986,-1.125,10.476,-0.516,-0.255,0.046,24.512
13232,1.866,-0.904,10.169,-0.089,-0.048,-0.026,24.488
13242,1.819,-0.608,9.978,0.259,0.140,-0.053,24.488
13252,1.139,-0.206,10.236,0.425,0.233,-0.081,24.523
13262,0.790,0.148,10.193,0.421,0.224,-0.076,24.523
13272,0.919,0.368,9.968,0.271,0.137,-0.053,24.539
13282,0.962,0.349,9.949,0.024,0.021,-0.033,24.539
13292,1.048,0.057,10.102,-0.181,-0.078,-0.012,24.531
13302,1.273,-0.263,10.270,-0.232,-0.105,-0.004,24.531
13312,1.426,-0.364,10.165,-0.155,-0.072,-0.010,24.523
13322,1.469,-0.368,10.122,-0.038,-0.010,-0.022,24.523
13332,1.254,-0.225,10.174,0.064,0.043,-0.034,24.496
13342,1.153,-0.048,10.122,0.100,0.060,-0.038,24.496
13352,1.062,0.038,10.059,0.061,0.039,-0.034,24.582
13362,1.105,0.000,10.093,-0.018,0.000,-0.026,24.582
13372,1.201,-0.110,10.174,-0.071,-0.026,-0.021,24.566
13382,1.259,-0.191,10.098,-0.070,-0.027,-0.022,24.566
13392,1.306,-0.258,10.169,-0.029,-0.005,-0.026,24.512
13402,1.220,-0.153,10.146,0.017,0.018,-0.029,24.512
13412,1.196,-0.096,10.117,0.029,0.024,-0.029,24.570
13422,1.168,-0.067,10.102,0.006,0.012,-0.028,24.570
13432,1.201,-0.124,10.146,-0.026,-0.004,-0.026,24.527
13442,1.249,-0.167,10.155,-0.034,-0.007,-0.023,24.527
13452,1.259,-0.158,10.126,-0.022,-0.001,-0.026,24.531
13462,1.244,-0.167,10.126,-0.004,0.007,-0.027,24.531
13472,1.158,-0.124,10.031,0.005,0.006,-0.028,24.520
13482,1.268,-0.091,10.327,-0.010,0.006,-0.027,24.520
13492,1.139,-0.134,10.002,-0.020,-0.001,-0.028,24.508
13502,1.268,-0.139,10.155,-0.012,0.005,-0.024,24.508
13512,1.168,-0.148,10.079,-0.011,0.004,-0.029,24.551
13522,1.263,-0.100,10.208,-0.006,0.009,-0.026,24.551
13532,1.206,-0.115,10.064,-0.010,0.002,-0.028,24.508
13542,1.201,-0.134,10.126,-0.015,0.002,-0.024,24.508
13552,1.225,-0.139,10.131,-0.013,0.002,-0.027,24.570
13562,1.225,-0.139,10.131,-0.010,0.004,-0.027,24.570
13572,1.211,-0.115,10.098,-0.009,0.005,-0.027,24.516
13582,1.182,-0.129,10.146,-0.010,0.005,-0.027,24.516
13592,1.216,-0.134,10.160,-0.012,0.004,-0.026,24.535
13602,1.211,-0.124,10.112,-0.012,0.002,-0.027,24.535
13612,1.201,-0.134,10.136,-0.012,0.002,-0.027,24.508
13622,1.216,-0.129,10.146,-0.007,0.005,-0.027,24.508
13632,1.235,-0.100,10.093,-0.006,0.005,-0.026,24.570
13642,1.206,-0.139,10.107,-0.012,0.002,-0.027,24.570
13652,1.216,-0.134,10.150,-0.013,0.002,-0.027,24.566
13662,1.225,-0.144,10.126,-0.010,0.004,-0.028,24.566
13672,1.230,-0.129,10.117,-0.009,0.004,-0.028,24.574
13682,1.220,-0.139,10.150,-0.011,0.005,-0.028,24.574
13692,1.201,-0.124,10.126,-0.011,0.004,-0.027,24.523
13702,1.216,-0.120,10.107,-0.011,0.002,-0.027,24.523
13712,1.211,-0.134,10.136,-0.011,0.004,-0.027,24.520
13722,1.206,-0.153,10.146,-0.011,0.004,-0.027,24.520
13732,1.216,-0.124,10.122,-0.009,0.004,-0.027,24.535
13742,1.220,-0.144,10.136,-0.010,0.004,-0.027,24.535
13752,1.211,-0.134,10.160,-0.012,0.004,-0.027,24.531
13762,1.201,-0.129,10.122,-0.010,0.004,-0.027,24.531
13772,1.220,-0.129,10.131,-0.010,0.004,-0.028,24.539
13782,1.196,-0.144,10.155,-0.011,0.004,-0.028,24.539
13792,1.206,-0.148,10.155,-0.010,0.004,-0.026,24.531
13802,1.206,-0.139,10.088,-0.010,0.004,-0.027,24.531
13812,1.206,-0.129,10.112,-0.012,0.005,-0.026,24.551
13822,1.206,-0.148,10.155,-0.011,0.005,-0.027,24.551
13832,1.239,-0.139,10.136,-0.009,0.004,-0.027,24.531
13842,1.225,-0.129,10.122,-0.011,0.004,-0.027,24.531
13852,1.192,-0.134,10.122,-0.011,0.004,-0.027,24.535
13862,1.220,-0.129,10.136,-0.009,0.004,-0.027,24.535
13872,1.225,-0.124,10.136,-0.010,0.004,-0.026,24.539
13882,1.211,-0.144,10.146,-0.012,0.004,-0.027,24.539
13892,1.230,-0.110,10.117,-0.010,0.004,-0.027,24.566
13912,1.225,-0.129,10.155,-0.011,0.004,-0.027,24.516
13922,1.206,-0.134,10.126,-0.010,0.004,-0.027,24.527
13932,1.211,-0.110,10.131,-0.010,0.004,-0.027,24.527
13942,1.235,-0.124,10.122,-0.011,0.004,-0.027,24.555
13952,1.220,-0.148,10.131,-0.010,0.004,-0.027,24.555
13962,1.206,-0.124,10.122,-0.011,0.004,-0.027,24.602
13972,1.201,-0.139,10.112,-0.012,0.004,-0.027,24.602
13982,1.211,-0.139,10.126,-0.010,0.004,-0.026,24.570
13992,1.196,-0.139,10.126,-0.010,0.004,-0.027,24.570
14002,1.216,-0.148,10.126,-0.011,0.004,-0.027,24.543
14012,1.201,-0.124,10.131,-0.011,0.004,-0.027,24.543
14022,1.196,-0.139,10.117,-0.011,0.004,-0.027,24.539
14032,1.216,-0.120,10.122,-0.011,0.004,-0.027,24.539
14042,1.211,-0.153,10.136,-0.012,0.004,-0.027,24.566
14052,1.216,-0.124,10.131,-0.010,0.005,-0.027,24.566
14062,1.235,-0.120,10.131,-0.010,0.005,-0.027,24.559
14072,1.206,-0.120,10.126,-0.012,0.004,-0.027,24.559
14082,1.211,-0.139,10.136,-0.012,0.004,-0.027,24.535
14092,1.216,-0.158,10.122,-0.010,0.004,-0.027,24.535
14102,1.206,-0.134,10.122,-0.011,0.004,-0.027,24.547
14112,1.220,-0.115,10.131,-0.011,0.004,-0.027,24.547
14122,1.196,-0.115,10.126,-0.011,0.004,-0.027,24.523
14132,1.211,-0.139,10.112,-0.011,0.004,-0.027,24.523
14142,1.220,-0.110,10.131,-0.011,0.004,-0.027,24.563
14152,1.216,-0.158,10.136,-0.011,0.004,-0.028,24.563
14162,1.211,-0.148,10.131,-0.010,0.005,-0.027,24.586
14172,1.206,-0.129,10.141,-0.010,0.005,-0.026,24.586
14182,1.216,-0.120,10.131,-0.011,0.004,-0.027,24.527
14192,1.211,-0.124,10.131,-0.011,0.005,-0.027,24.527
14202,1.206,-0.124,10.141,-0.011,0.004,-0.027,24.547
14212,1.201,-0.134,10.117,-0.011,0.004,-0.028,24.547
14222,1.216,-0.124,10.136,-0.011,0.005,-0.027,24.547
14232,1.206,-0.144,10.136,-0.011,0.004,-0.027,24.547
14242,1.196,-0.129,10.117,-0.011,0.005,-0.027,24.535
14252,1.216,-0.124,10.131,-0.010,0.005,-0.027,24.535
14262,1.187,-0.115,10.131,-0.010,0.004,-0.027,24.590
14272,1.225,-0.124,10.150,-0.011,0.004,-0.026,24.590
14282,1.211,-0.124,10.136,-0.011,0.004,-0.028,24.578
14292,1.192,-0.148,10.122,-0.010,0.005,-0.027,24.578
14302,1.211,-0.134,10.141,-0.010,0.004,-0.027,24.574
14312,1.216,-0.139,10.126,-0.011,0.004,-0.027,24.574
14322,1.211,-0.124,10.146,-0.010,0.005,-0.027,24.570
14332,1.225,-0.124,10.136,-0.010,0.005,-0.027,24.570
14342,1.230,-0.134,10.107,-0.011,0.004,-0.027,24.566
14352,1.220,-0.144,10.117,-0.011,0.004,-0.027,24.566
14362,1.211,-0.129,10.122,-0.010,0.004,-0.026,24.594
14372,1.230,-0.139,10.126,-0.010,0.004,-0.027,24.594
14382,1.201,-0.144,10.136,-0.011,0.004,-0.027,24.555
14392,1.196,-0.134,10.131,-0.010,0.004,-0.028,24.555
14402,1.216,-0.120,10.122,-0.010,0.004,-0.028,24.551
14412,1.211,-0.105,10.136,-0.011,0.004,-0.027,24.551
14422,1.196,-0.134,10.131,-0.011,0.005,-0.027,24.535
14432,1.211,-0.120,10.112,-0.010,0.004,-0.027,24.535
14442,1.201,-0.129,10.126,-0.011,0.004,-0.027,24.563
14452,1.211,-0.134,10.126,-0.011,0.004,-0.028,24.563
14462,1.220,-0.148,10.122,-0.010,0.004,-0.027,24.527
14472,1.211,-0.100,10.131,-0.010,0.005,-0.027,24.527
14482,1.225,-0.115,10.122,-0.011,0.004,-0.027,24.574
14492,1.216,-0.120,10.136,-0.012,0.004,-0.027,24.574
14502,1.206,-0.148,10.117,-0.012,0.004,-0.027,24.578
14512,1.220,-0.148,10.126,-0.012,0.004,-0.027,24.578
14522,1.206,-0.144,10.112,-0.010,0.004,-0.026,24.551
14532,1.216,-0.110,10.131,-0.010,0.005,-0.027,24.551
14542,1.206,-0.124,10.122,-0.010,0.005,-0.027,24.566
14552,1.211,-0.110,10.117,-0.011,0.004,-0.027,24.566
14562,1.206,-0.115,10.141,-0.011,0.005,-0.027,24.574
14572,1.220,-0.124,10.122,-0.010,0.004,-0.028,24.574
14582,1.216,-0.120,10.122,-0.011,0.005,-0.027,24.555
14592,1.216,-0.139,10.126,-0.010,0.004,-0.027,24.555
14602,1.201,-0.124,10.126,-0.010,0.004,-0.027,24.473
14612,1.220,-0.124,10.131,-0.011,0.004,-0.028,24.473
14622,1.196,-0.115,10.131,-0.012,0.005,-0.027,24.566
14632,1.220,-0.129,10.122,-0.011,0.004,-0.027,24.566
14642,1.206,-0.120,10.122,-0.011,0.004,-0.027,24.520
14652,1.235,-0.120,10.112,-0.011,0.004,-0.027,24.520
14662,1.216,-0.120,10.141,-0.011,0.005,-0.027,24.563
14672,1.211,-0.144,10.107,-0.011,0.004,-0.027,24.563
14682,1.225,-0.120,10.131,-0.010,0.004,-0.027,24.543
14692,1.196,-0.124,10.107,-0.011,0.005,-0.026,24.543
14702,1.196,-0.110,10.136,-0.010,0.005,-0.027,24.527
14712,1.216,-0.110,10.126,-0.010,0.005,-0.027,24.527
14722,1.196,-0.124,10.136,-0.011,0.004,-0.027,24.535
14732,1.230,-0.110,10.122,-0.011,0.005,-0.027,24.535
14742,1.225,-0.124,10.122,-0.010,0.005,-0.027,24.520
14752,1.230,-0.139,10.141,-0.011,0.004,-0.027,24.520
14762,1.211,-0.124,10.122,-0.011,0.005,-0.026,24.543
14772,1.216,-0.124,10.112,-0.011,0.005,-0.026,24.543
14782,1.206,-0.115,10.112,-0.010,0.005,-0.027,24.605
14792,1.220,-0.110,10.141,-0.011,0.004,-0.027,24.605
14802,1.211,-0.110,10.126,-0.011,0.005,-0.026,24.543
14812,1.216,-0.134,10.112,-0.010,0.005,-0.027,24.543
14822,1.225,-0.139,10.126,-0.011,0.004,-0.027,24.539
14832,1.206,-0.153,10.107,-0.010,0.005,-0.027,24.539
14842,1.216,-0.120,10.107,-0.010,0.005,-0.027,24.570
14852,1.230,-0.105,10.112,-0.011,0.005,-0.026,24.570
14862,1.225,-0.129,10.122,-0.010,0.005,-0.027,24.531
14872,1.216,-0.120,10.122,-0.010,0.004,-0.027,24.531
14882,1.220,-0.124,10.112,-0.011,0.004,-0.027,24.570
14892,1.220,-0.096,10.126,-0.011,0.004,-0.026,24.570
14902,1.211,-0.115,10.112,-0.011,0.004,-0.027,24.547
14912,1.220,-0.139,10.112,-0.011,0.004,-0.027,24.547
14922,1.211,-0.139,10.112,-0.010,0.005,-0.027,24.547
14932,1.220,-0.110,10.112,-0.011,0.005,-0.027,24.547
14942,1.216,-0.115,10.126,-0.010,0.004,-0.027,24.559
14952,1.230,-0.120,10.122,-0.011,0.004,-0.027,24.559
14962,1.192,-0.115,10.117,-0.011,0.004,-0.027,24.570
14972,1.230,-0.129,10.136,-0.011,0.005,-0.027,24.570
14982,1.225,-0.139,10.131,-0.012,0.004,-0.027,24.566
14992,1.206,-0.129,10.126,-0.010,0.005,-0.027,24.566
15002,1.201,-0.124,10.122,-0.010,0.004,-0.027,24.512
15012,1.235,-0.105,10.107,-0.010,0.005,-0.026,24.512
15022,1.206,-0.124,10.122,-0.010,0.004,-0.027,24.535
15032,1.225,-0.115,10.098,-0.010,0.004,-0.027,24.535
15052,1.225,-0.124,10.126,-0.011,0.004,-0.026,24.559
15062,1.225,-0.120,10.122,-0.010,0.005,-0.026,24.559
15072,1.220,-0.105,10.107,-0.010,0.004,-0.026,24.508
15082,1.225,-0.110,10.107,-0.011,0.004,-0.027,24.508
15092,1.235,-0.105,10.117,-0.011,0.005,-0.027,24.578
15102,1.206,-0.115,10.098,-0.011,0.004,-0.026,24.578
15112,1.220,-0.120,10.112,-0.011,0.004,-0.026,24.543
15122,1.220,-0.134,10.122,-0.011,0.005,-0.027,24.543
15132,1.249,-0.129,10.136,-0.010,0.005,-0.027,24.551
15142,1.235,-0.129,10.117,-0.011,0.005,-0.027,24.551
15152,1.225,-0.124,10.102,-0.010,0.005,-0.027,24.523
15162,1.244,-0.105,10.107,-0.010,0.005,-0.026,24.523
15172,1.201,-0.110,10.126,-0.011,0.005,-0.027,24.582
15182,1.216,-0.115,10.098,-0.011,0.005,-0.027,24.582
15192,1.216,-0.115,10.112,-0.011,0.004,-0.026,24.547
15202,1.216,-0.115,10.117,-0.010,0.004,-0.027,24.547
15212,1.230,-0.124,10.112,-0.010,0.004,-0.027,24.582
15222,1.216,-0.120,10.117,-0.010,0.004,-0.027,24.582
15232,1.216,-0.105,10.107,-0.010,0.005,-0.027,24.551
15242,1.220,-0.115,10.112,-0.010,0.004,-0.026,24.551
15252,1.225,-0.110,10.122,-0.011,0.004,-0.027,24.555
15262,1.225,-0.110,10.126,-0.010,0.004,-0.027,24.555
15272,1.211,-0.120,10.122,-0.011,0.004,-0.027,24.563
15282,1.211,-0.134,10.112,-0.010,0.005,-0.027,24.563
15292,1.235,-0.110,10.102,-0.011,0.005,-0.027,24.527
15302,1.211,-0.105,10.122,-0.010,0.004,-0.027,24.527
15312,1.211,-0.124,10.122,-0.010,0.005,-0.026,24.539
15322,1.230,-0.129,10.122,-0.011,0.004,-0.026,24.539
15332,1.196,-0.124,10.112,-0.011,0.005,-0.027,24.555
15342,1.230,-0.124,10.093,-0.010,0.005,-0.027,24.555
15352,1.211,-0.105,10.112,-0.010,0.005,-0.027,24.535
15362,0.928,0.368,10.064,-0.028,0.013,-0.023,24.535
15372,1.244,-0.163,10.236,-0.188,-0.121,-0.023,24.527
15382,1.871,-0.794,9.629,-0.109,-0.026,0.007,24.527
15392,1.125,-0.378,10.839,0.066,0.059,-0.043,24.516
15402,1.043,0.072,9.854,0.199,0.092,-0.049,24.516
15412,1.345,0.100,9.887,0.123,0.076,-0.034,24.527
15422,0.885,0.014,10.217,-0.023,0.005,-0.033,24.527
15432,1.196,-0.062,10.193,-0.082,-0.034,-0.018,24.559
15442,1.326,-0.144,10.031,-0.088,-0.040,-0.017,24.559
15452,1.397,-0.292,10.098,-0.059,-0.018,-0.022,24.543
15462,0.713,0.220,10.337,-0.029,-0.013,-0.021,24.543
15472,0.431,0.325,10.394,-0.232,-0.151,-0.016,24.563
15482,1.311,-0.091,9.992,-0.448,-0.280,0.027,24.563
15492,1.431,-0.565,10.102,-0.452,-0.274,0.033,24.578
15502,1.799,-0.727,10.059,-0.276,-0.165,0.004,24.578
15512,2.120,-0.613,9.638,-0.042,-0.023,-0.018,24.566
15522,1.823,-0.407,9.978,0.134,0.105,-0.040,24.566
15532,1.484,-0.330,10.012,0.221,0.165,-0.053,24.555
15542,1.426,-0.459,10.079,0.305,0.222,-0.056,24.555
15552,0.857,-0.273,10.768,0.423,0.261,-0.065,24.539
15562,0.493,0.474,10.246,0.393,0.187,-0.086,24.539
15572,1.225,0.536,9.332,0.104,0.042,-0.035,24.598
15582,1.110,0.043,10.184,-0.209,-0.076,-0.009,24.598
15592,0.962,-0.306,10.471,-0.270,-0.120,-0.005,24.590
15602,1.584,-0.397,10.012,-0.173,-0.089,-0.006,24.590
15612,1.594,-0.407,10.059,-0.067,-0.026,-0.022,24.586
15622,1.263,-0.325,10.232,0.051,0.043,-0.033,24.586
15632,1.158,-0.105,10.150,0.123,0.073,-0.038,24.602
15642,1.172,0.043,10.012,0.084,0.049,-0.035,24.602
15652,0.981,0.048,9.949,-0.022,0.002,-0.029,24.594
15662,1.096,0.148,9.873,-0.109,-0.033,-0.004,24.594
15672,1.110,0.215,8.504,-0.290,-0.053,0.015,24.555
15682,1.804,-0.019,10.969,-0.639,-0.156,0.024,24.555
15692,0.823,-0.890,11.404,-0.654,-0.232,0.000,24.598
15702,1.618,-1.206,9.433,-0.108,-0.009,-0.004,24.598
15712,1.780,0.196,9.466,0.015,0.084,-0.024,24.586
15722,0.814,-0.680,10.662,-0.061,0.092,-0.017,24.586
15732,1.062,-0.354,8.839,0.035,0.104,-0.029,24.602
15742,0.742,0.450,11.170,0.086,0.209,-0.012,24.602
15752,-1.354,-0.804,11.471,-0.032,0.070,0.076,24.590
15762,0.493,-1.220,10.088,-0.017,0.022,0.154,24.590
15772,1.986,-0.158,10.993,0.110,-0.027,0.116,24.598
15782,0.349,0.096,9.409,0.110,-0.027,0.078,24.598
15792,1.120,-0.177,10.323,-0.009,0.005,0.078,24.570
15802,0.794,0.306,12.031,0.082,-0.034,0.125,24.570
15812,-0.230,0.928,14.678,0.110,-0.296,0.299,24.605
15822,-1.809,1.340,15.003,0.247,-0.683,0.480,24.605
15832,-0.660,2.551,16.525,0.475,-1.095,0.787,24.598
15842,0.402,1.996,18.578,1.339,-1.387,1.106,24.598
15852,1.153,0.435,17.123,2.528,-1.611,1.357,24.617
15862,2.369,-1.249,12.529,3.249,-1.906,1.460,24.617
15872,6.030,-15.778,-8.150,3.681,-1.368,1.013,24.574
15882,3.245,2.321,10.514,4.805,0.502,-0.200,24.574
15892,3.077,2.292,13.854,5.379,1.042,0.615,24.594
15902,1.402,3.312,10.064,6.573,1.278,0.616,24.594
15912,0.359,4.556,7.375,7.501,1.825,0.980,24.609
15922,0.254,4.901,10.007,7.918,2.308,1.469,24.609
15932,-2.120,2.570,11.581,8.071,2.380,1.619,24.563
15942,1.220,3.226,8.930,7.481,2.118,1.720,24.563
15952,0.316,5.030,7.437,6.272,1.599,1.912,24.590
15962,0.144,6.968,6.709,4.590,0.871,1.957,24.590
15972,1.378,7.609,5.882,2.845,0.038,2.023,24.602
15982,2.158,8.059,5.168,0.962,-0.905,1.847,24.602
15992,0.455,9.643,4.398,-0.830,-1.834,1.824,24.629
16002,0.364,8.791,3.288,-2.194,-2.318,2.132,24.629
16012,1.704,4.345,1.560,-3.030,-2.325,2.243,24.598
16022,0.187,0.297,8.786,-3.351,-2.260,1.999,24.598
16032,1.675,-0.986,9.806,-3.490,-2.043,1.806,24.559
16042,2.972,2.335,8.145,-2.941,-1.697,1.720,24.559
16052,5.302,5.226,9.399,-1.802,-1.175,1.772,24.613
16062,4.293,5.628,8.361,-0.297,-0.484,1.742,24.613
16072,5.307,3.350,7.499,1.372,0.301,1.814,24.582
16082,5.547,6.518,2.063,2.496,1.372,1.934,24.582
16092,3.364,2.996,8.820,3.063,2.012,2.085,24.598
16102,4.427,0.804,9.681,2.264,1.561,1.666,24.598
16112,3.924,3.613,7.150,0.820,0.804,1.456,24.598
16122,3.331,6.580,6.800,-0.305,0.253,1.346,24.598
16132,2.407,4.551,6.652,-1.005,-0.035,1.230,24.652
16142,1.809,2.134,9.117,-1.504,-0.104,1.241,24.652
16152,3.154,2.125,9.830,-1.796,-0.108,1.199,24.609
16172,2.919,4.652,9.763,-0.976,0.290,1.118,24.594
16182,2.407,2.943,10.064,-0.158,0.599,1.247,24.609
16192,2.311,1.976,10.839,0.456,0.850,1.295,24.609
16202,2.690,2.134,11.203,0.812,0.965,1.273,24.605
16212,3.159,1.905,10.744,0.770,0.982,1.221,24.605
16222,1.804,1.828,10.155,0.048,1.004,1.200,24.613
16232,3.948,1.656,9.562,-0.998,1.151,1.466,24.613
16242,4.738,0.914,8.767,-1.802,1.326,1.655,24.617
16252,4.594,0.727,7.882,-2.336,1.458,1.688,24.617
16262,4.365,0.105,7.293,-2.687,1.527,1.682,24.574
16272,3.852,0.378,7.059,-2.883,1.494,1.638,24.574
16282,2.685,0.809,6.815,-2.908,1.348,1.662,24.605
16292,1.670,0.971,7.509,-2.790,1.047,1.723,24.605
16302,0.680,1.373,7.671,-2.294,0.660,1.824,24.633
16312,-0.292,0.756,8.116,-1.466,0.335,1.957,24.633
16322,-1.000,0.747,8.935,-0.429,0.004,2.011,24.629
16332,-1.484,1.455,9.327,0.717,-0.390,2.054,24.629
16342,-0.861,1.436,9.413,1.872,-0.801,2.155,24.609
16352,1.527,1.077,8.097,2.786,-1.263,2.184,24.609
16362,12.629,6.360,12.864,0.016,-0.018,1.869,24.629
16372,-1.890,-2.623,12.299,-2.933,1.825,0.926,24.629
16382,3.326,5.101,6.528,-0.285,0.937,0.624,24.641
16392,8.978,1.225,9.399,-0.131,1.467,1.146,24.641
16402,3.862,-3.096,10.835,0.023,1.927,0.888,24.648
16412,7.566,-0.885,11.868,0.089,1.784,0.505,24.648
16422,6.236,-0.483,12.524,0.221,1.410,0.390,24.605
16432,5.810,-1.019,13.194,0.131,0.931,0.221,24.605
16442,2.053,-1.139,12.730,-0.022,0.498,-0.042,24.594
16452,2.091,0.770,11.093,0.060,0.177,-0.209,24.594
16462,3.235,1.321,9.677,0.396,0.255,-0.098,24.602
16472,5.221,0.546,8.863,0.825,0.491,0.009,24.602
16482,5.920,0.158,7.973,1.114,0.687,-0.095,24.602
16492,5.709,0.723,7.624,1.179,0.800,-0.266,24.602
16502,5.231,2.517,7.485,1.081,0.892,-0.325,24.609
16512,4.637,3.063,7.121,0.815,0.968,-0.272,24.609
16522,5.293,2.670,7.547,0.326,0.837,-0.272,24.613
16532,5.470,1.661,7.518,-0.468,0.516,-0.434,24.613
16542,5.757,1.771,8.719,-1.203,0.172,-0.712,24.621
16552,3.125,1.412,9.074,-1.647,0.060,-0.949,24.621
16562,0.723,1.302,9.787,-1.877,-0.021,-0.932,24.637
16572,0.981,1.685,10.050,-1.878,0.028,-0.756,24.637
16582,1.933,1.886,9.772,-1.528,0.236,-0.574,24.598
16592,2.575,1.886,9.351,-0.922,0.585,-0.393,24.598
16602,2.646,1.393,8.743,-0.326,0.963,-0.192,24.598
16612,2.996,1.058,8.384,-0.023,1.241,-0.084,24.598
16622,3.221,1.340,8.557,0.023,1.401,-0.028,24.652
16632,3.015,1.819,8.150,-0.225,1.394,0.070,24.652
16642,2.474,1.938,8.183,-0.688,1.274,0.205,24.629
16652,2.067,1.742,8.337,-1.285,1.103,0.338,24.629
16662,2.024,1.005,8.652,-2.076,0.826,0.382,24.605
16672,1.613,-0.077,9.217,-2.828,0.509,0.337,24.605
16682,-0.660,-0.536,19.162,-1.610,1.197,0.489,24.637
16692,1.115,-1.986,4.982,0.720,1.553,0.832,24.637
16702,-0.440,0.225,14.874,-0.496,1.379,0.462,24.617
16712,-7.552,-5.221,24.790,0.093,0.927,0.437,24.617
16722,-1.661,-0.297,10.251,-0.270,0.134,-0.173,24.625
16732,2.307,0.488,8.643,0.386,-0.148,-0.057,24.625
16742,2.493,-0.316,8.490,-0.143,0.015,-0.094,24.633
16752,1.216,-1.072,11.562,0.062,0.012,-0.055,24.633
16762,1.718,-1.019,10.638,0.013,-0.046,-0.183,24.641
16772,1.584,-0.991,10.213,-0.046,-0.097,-0.279,24.641
16782,0.541,-0.546,10.629,-0.095,-0.136,-0.341,24.605
16792,-0.569,0.273,10.705,-0.055,-0.183,-0.307,24.605
16802,-0.684,0.904,10.361,-0.028,-0.215,-0.215,24.617
16812,-1.249,1.603,10.198,-0.022,-0.219,-0.087,24.617
16822,-1.019,0.938,10.342,-0.004,-0.206,0.044,24.629
16832,-1.043,0.345,10.447,0.001,-0.208,0.073,24.629
16842,-1.182,0.029,10.634,0.010,-0.219,0.051,24.645
16852,-1.177,-0.450,10.433,0.006,-0.239,-0.002,24.645
16862,-0.038,-0.680,10.567,-0.055,-0.260,-0.099,24.590
16872,1.431,-1.019,10.385,-0.053,-0.286,-0.175,24.590
16882,0.330,-0.751,9.897,-0.031,-0.301,-0.255,24.633
16892,0.234,0.153,9.514,-0.070,-0.263,-0.315,24.633
16902,0.881,0.273,9.514,-0.077,-0.193,-0.334,24.609
16912,1.177,0.244,9.710,-0.062,-0.128,-0.265,24.609
16922,0.306,-0.660,9.964,-0.033,-0.086,-0.255,24.660
16932,1.038,-0.474,10.184,-0.040,-0.056,-0.290,24.660
16942,1.455,-0.048,10.131,-0.043,-0.059,-0.325,24.645
16952,1.326,0.660,9.787,-0.044,-0.056,-0.276,24.645
16962,0.842,0.359,9.705,-0.049,-0.021,-0.216,24.668
16972,1.086,-0.311,10.093,-0.039,0.017,-0.173,24.668
16982,1.096,-0.770,10.303,-0.046,0.021,-0.195,24.629
16992,0.914,-1.015,10.007,-0.061,0.012,-0.264,24.629
17002,0.311,-0.842,9.744,-0.071,0.028,-0.357,24.637
17012,0.598,0.885,7.714,0.022,0.123,-0.389,24.637
17022,2.757,2.240,8.289,0.100,0.374,-0.241,24.668
17032,1.503,2.154,4.829,0.048,0.641,-0.010,24.668
17042,0.569,1.407,-0.455,0.059,1.316,0.220,24.625
17052,0.397,1.373,-0.440,-0.045,2.399,0.419,24.625
17062,-0.742,-1.235,13.362,-0.561,3.464,0.551,24.648
17072,0.048,-1.062,4.561,-1.578,2.677,1.703,24.648
17082,0.474,1.670,2.297,-2.540,0.451,1.889,24.656
17092,0.053,1.412,1.493,-1.144,1.673,-0.237,24.656
17102,-1.675,-2.187,16.530,0.334,0.557,-0.809,24.668
17112,0.234,-0.196,4.020,-0.902,-0.397,1.053,24.668
17122,-1.417,-0.526,16.400,-0.090,-0.574,1.084,24.648
17132,-0.335,-0.852,8.672,-0.683,0.265,0.313,24.648
17142,-0.881,-1.732,10.868,0.349,-0.061,0.323,24.641
17152,-0.019,-2.144,10.471,0.349,0.001,0.312,24.641
17162,-0.507,-1.024,10.232,-0.098,-0.011,0.099,24.680
17172,-0.187,-0.680,10.203,0.037,-0.001,0.026,24.680
17182,-0.033,-0.316,10.390,0.021,0.006,-0.015,24.609
17192,-0.067,-0.345,10.193,-0.010,0.005,-0.023,24.609
17202,-0.048,-0.316,10.217,-0.011,0.006,-0.022,24.691
17212,-0.077,-0.316,10.193,-0.011,0.005,-0.026,24.691
17222,-0.062,-0.325,10.179,-0.010,0.004,-0.027,24.648
17232,-0.057,-0.321,10.217,-0.011,0.004,-0.027,24.648
17242,-0.067,-0.340,10.198,-0.011,0.004,-0.026,24.672
17252,-0.053,-0.316,10.222,-0.011,0.004,-0.026,24.648
17272,-0.033,-0.321,10.217,-0.010,0.005,-0.027,24.660
17282,-0.057,-0.306,10.208,-0.011,0.005,-0.027,24.660
17292,-0.081,-0.345,10.208,-0.011,0.004,-0.027,24.641
17302,-0.062,-0.321,10.184,-0.011,0.004,-0.026,24.641
17312,-0.062,-0.340,10.203,-0.011,0.005,-0.026,24.645
17322,-0.043,-0.325,10.208,-0.011,0.005,-0.026,24.645
17332,-0.053,-0.321,10.203,-0.011,0.005,-0.026,24.664
17342,-0.057,-0.335,10.193,-0.011,0.005,-0.027,24.664
17352,-0.038,-0.330,10.198,-0.011,0.005,-0.027,24.668
17362,-0.029,-0.345,10.184,-0.010,0.004,-0.027,24.668
17372,-0.057,-0.311,10.203,-0.011,0.004,-0.027,24.637
17382,-0.048,-0.354,10.189,-0.010,0.005,-0.027,24.637
17392,-0.053,-0.349,10.217,-0.011,0.005,-0.027,24.660
17402,-0.057,-0.316,10.203,-0.010,0.005,-0.027,24.660
17412,-0.043,-0.321,10.213,-0.011,0.004,-0.027,24.648
17422,-0.038,-0.325,10.213,-0.011,0.005,-0.027,24.648
17432,-0.057,-0.321,10.217,-0.011,0.005,-0.026,24.664
17442,-0.048,-0.335,10.198,-0.011,0.005,-0.027,24.664
17452,-0.072,-0.325,10.193,-0.010,0.004,-0.026,24.684
17462,-0.067,-0.340,10.203,-0.010,0.004,-0.027,24.684
17472,-0.038,-0.335,10.193,-0.010,0.004,-0.027,24.613
17482,-0.043,-0.330,10.203,-0.010,0.004,-0.027,24.613
17492,-0.067,-0.321,10.217,-0.010,0.005,-0.027,24.660
17502,-0.081,-0.345,10.198,-0.011,0.005,-0.026,24.660
17512,-0.033,-0.340,10.203,-0.011,0.004,-0.027,24.672
17522,-0.057,-0.330,10.217,-0.011,0.005,-0.026,24.672
17532,-0.062,-0.340,10.198,-0.012,0.004,-0.027,24.672
17542,-0.038,-0.345,10.169,-0.012,0.004,-0.027,24.672
17552,-0.053,-0.321,10.213,-0.012,0.004,-0.027,24.656
17562,-0.053,-0.335,10.227,-0.011,0.004,-0.027,24.656
17572,-0.067,-0.325,10.193,-0.011,0.005,-0.026,24.633
17582,-0.053,-0.311,10.208,-0.011,0.004,-0.027,24.633
17592,-0.033,-0.311,10.184,-0.012,0.004,-0.026,24.660
17602,-0.067,-0.325,10.203,-0.011,0.002,-0.027,24.660
17612,-0.048,-0.330,10.213,-0.011,0.005,-0.026,24.656
17622,-0.057,-0.340,10.193,-0.011,0.004,-0.027,24.656
17632,-0.053,-0.330,10.203,-0.010,0.004,-0.027,24.680
17642,-0.033,-0.335,10.203,-0.011,0.004,-0.027,24.680
17652,-0.053,-0.335,10.198,-0.011,0.004,-0.026,24.645
17662,-0.038,-0.330,10.193,-0.011,0.004,-0.027,24.645
17672,-0.057,-0.330,10.189,-0.010,0.004,-0.026,24.684
17682,-0.038,-0.325,10.208,-0.011,0.004,-0.026,24.684
17692,-0.038,-0.321,10.198,-0.011,0.004,-0.027,24.672
17702,-0.048,-0.335,10.208,-0.011,0.004,-0.027,24.672
17712,-0.062,-0.330,10.203,-0.011,0.004,-0.027,24.695
17722,-0.053,-0.321,10.203,-0.011,0.004,-0.027,24.695
17732,-0.048,-0.321,10.208,-0.011,0.004,-0.026,24.695
17742,-0.067,-0.306,10.184,-0.011,0.004,-0.027,24.695
17752,-0.057,-0.325,10.203,-0.010,0.004,-0.027,24.723
17762,-0.048,-0.325,10.198,-0.010,0.004,-0.027,24.723
17772,-0.043,-0.340,10.198,-0.011,0.004,-0.026,24.684
17782,-0.067,-0.325,10.208,-0.010,0.004,-0.027,24.684
17792,-0.062,-0.321,10.198,-0.010,0.004,-0.027,24.711
17802,-0.057,-0.340,10.213,-0.011,0.004,-0.027,24.711
17812,-0.086,-0.321,10.193,-0.010,0.004,-0.027,24.707
17822,-0.033,-0.325,10.198,-0.011,0.004,-0.027,24.707
17832,-0.067,-0.316,10.193,-0.011,0.004,-0.027,24.707
17842,-0.062,-0.321,10.227,-0.011,0.004,-0.027,24.707
17852,-0.048,-0.340,10.203,-0.011,0.005,-0.027,24.695
17862,-0.038,-0.321,10.208,-0.011,0.005,-0.027,24.695
17872,-0.048,-0.306,10.217,-0.011,0.005,-0.027,24.707
17882,-0.062,-0.325,10.193,-0.011,0.005,-0.027,24.707
17892,-0.033,-0.340,10.227,-0.011,0.004,-0.027,24.695
17902,-0.053,-0.321,10.198,-0.010,0.005,-0.027,24.695
17912,-0.057,-0.321,10.208,-0.012,0.004,-0.027,24.699
17922,-0.062,-0.316,10.179,-0.012,0.005,-0.027,24.699
17932,-0.067,-0.340,10.193,-0.012,0.005,-0.027,24.676
17942,-0.048,-0.325,10.203,-0.010,0.004,-0.027,24.676
17952,-0.053,-0.335,10.208,-0.011,0.004,-0.027,24.656
17962,-0.048,-0.325,10.198,-0.012,0.004,-0.027,24.656
17972,-0.057,-0.349,10.213,-0.011,0.004,-0.027,24.668
17982,-0.038,-0.349,10.193,-0.011,0.004,-0.027,24.668
17992,-0.067,-0.335,10.184,-0.011,0.004,-0.027,24.699
18002,-0.067,-0.340,10.198,-0.011,0.005,-0.027,24.699
18012,-0.033,-0.325,10.203,-0.010,0.004,-0.026,24.680
18022,-0.062,-0.335,10.193,-0.010,0.005,-0.026,24.680
18032,-0.062,-0.330,10.193,-0.010,0.004,-0.027,24.680
18042,-0.048,-0.316,10.193,-0.010,0.005,-0.027,24.680
18052,-0.048,-0.335,10.184,-0.011,0.005,-0.026,24.715
18062,-0.053,-0.340,10.208,-0.011,0.004,-0.026,24.715
18072,-0.057,-0.325,10.198,-0.010,0.004,-0.026,24.734
18082,-0.043,-0.321,10.213,-0.010,0.004,-0.026,24.734
18092,-0.053,-0.345,10.203,-0.011,0.004,-0.026,24.699
18102,-0.072,-0.335,10.222,-0.010,0.005,-0.026,24.699
18112,-0.062,-0.321,10.193,-0.011,0.004,-0.027,24.668
18122,-0.048,-0.297,10.213,-0.010,0.005,-0.026,24.668
18132,-0.072,-0.325,10.217,-0.010,0.005,-0.027,24.719
18142,-0.053,-0.321,10.208,-0.010,0.004,-0.026,24.719
18152,-0.072,-0.335,10.193,-0.011,0.004,-0.027,24.715
18162,-0.057,-0.316,10.217,-0.011,0.004,-0.026,24.715
18172,-0.062,-0.335,10.189,-0.011,0.004,-0.027,24.664
18182,-0.048,-0.345,10.213,-0.011,0.005,-0.026,24.664
18192,-0.067,-0.330,10.203,-0.011,0.005,-0.026,24.668
18202,-0.024,-0.325,10.213,-0.011,0.004,-0.027,24.668
18212,-0.048,-0.325,10.213,-0.010,0.005,-0.027,24.711
18222,-0.062,-0.325,10.198,-0.011,0.004,-0.026,24.711
18232,-0.033,-0.349,10.193,-0.011,0.004,-0.027,24.680
18242,-0.024,-0.325,10.203,-0.010,0.005,-0.027,24.680
18252,-0.057,-0.330,10.193,-0.011,0.005,-0.027,24.691
18262,-0.038,-0.340,10.213,-0.010,0.004,-0.027,24.691
18272,-0.043,-0.345,10.189,-0.010,0.004,-0.027,24.734
18282,-0.043,-0.316,10.198,-0.011,0.004,-0.027,24.734
18292,-0.057,-0.335,10.198,-0.011,0.005,-0.027,24.715
18302,-0.043,-0.335,10.213,-0.011,0.005,-0.027,24.715
18312,-0.029,-0.335,10.189,-0.010,0.005,-0.027,24.703
18322,-0.029,-0.316,10.203,-0.011,0.004,-0.027,24.703
18332,-0.072,-0.325,10.222,-0.011,0.005,-0.027,24.723
18342,-0.048,-0.330,10.198,-0.011,0.004,-0.026,24.723
18362,-0.057,-0.340,10.198,-0.011,0.004,-0.027,24.672
18372,-0.043,-0.321,10.222,-0.011,0.004,-0.027,24.672
18382,-0.053,-0.325,10.213,-0.010,0.004,-0.028,24.691
18392,-0.048,-0.335,10.208,-0.010,0.004,-0.027,24.691
18402,-0.077,-0.345,10.198,-0.011,0.004,-0.027,24.680
18412,-0.048,-0.325,10.193,-0.011,0.005,-0.027,24.680
18422,-0.053,-0.335,10.198,-0.011,0.005,-0.027,24.691
18432,-0.033,-0.340,10.203,-0.011,0.005,-0.027,24.691
18442,-0.043,-0.311,10.193,-0.011,0.004,-0.027,24.719
18452,-0.033,-0.311,10.189,-0.011,0.005,-0.026,24.719
18462,-0.072,-0.325,10.227,-0.011,0.005,-0.027,24.727
18472,-0.053,-0.330,10.208,-0.011,0.004,-0.027,24.727
18482,-0.053,-0.321,10.213,-0.011,0.005,-0.027,24.727
18492,-0.048,-0.340,10.184,-0.011,0.005,-0.026,24.727
18502,-0.062,-0.321,10.193,-0.011,0.005,-0.027,24.703
18512,-0.053,-0.325,10.208,-0.012,0.005,-0.026,24.703
18522,-0.062,-0.335,10.217,-0.011,0.005,-0.026,24.695
18532,-0.043,-0.311,10.208,-0.010,0.005,-0.026,24.695
18542,-0.062,-0.330,10.208,-0.011,0.002,-0.027,24.680
18552,-0.077,-0.345,10.198,-0.011,0.004,-0.027,24.680
18562,-0.072,-0.321,10.208,-0.010,0.005,-0.027,24.719
18572,-0.029,-0.325,10.213,-0.011,0.005,-0.027,24.719
18582,-0.033,-0.311,10.198,-0.010,0.004,-0.026,24.711
18592,-0.048,-0.321,10.193,-0.010,0.004,-0.027,24.711
18602,-0.024,-0.316,10.189,-0.011,0.004,-0.027,24.699
18612,-0.043,-0.340,10.189,-0.010,0.005,-0.027,24.699
18622,-0.053,-0.335,10.203,-0.011,0.005,-0.027,24.695
18632,-0.062,-0.297,10.184,-0.011,0.005,-0.027,24.695
18642,-0.053,-0.321,10.193,-0.010,0.004,-0.027,24.676
18652,-0.057,-0.316,10.193,-0.011,0.004,-0.026,24.676
18662,-0.057,-0.325,10.213,-0.011,0.005,-0.027,24.754
18672,-0.043,-0.316,10.208,-0.011,0.005,-0.027,24.754
18682,-0.043,-0.330,10.217,-0.011,0.004,-0.026,24.707
18692,-0.053,-0.335,10.198,-0.011,0.004,-0.026,24.707
18702,-0.053,-0.311,10.208,-0.011,0.004,-0.027,24.668
18712,-0.053,-0.345,10.222,-0.012,0.005,-0.027,24.668
18722,-0.043,-0.330,10.203,-0.010,0.005,-0.027,24.738
18732,-0.048,-0.321,10.203,-0.010,0.005,-0.027,24.738
18742,-0.067,-0.330,10.193,-0.010,0.005,-0.026,24.695
18752,-0.062,-0.325,10.203,-0.011,0.005,-0.027,24.695
18762,-0.053,-0.311,10.203,-0.011,0.004,-0.027,24.734
18772,-0.067,-0.321,10.198,-0.010,0.005,-0.027,24.734
18782,-0.057,-0.335,10.193,-0.011,0.005,-0.027,24.727
18792,-0.033,-0.311,10.213,-0.010,0.004,-0.026,24.727
18802,-0.057,-0.316,10.189,-0.011,0.005,-0.026,24.730
18812,-0.053,-0.311,10.198,-0.010,0.004,-0.027,24.730
18822,-0.067,-0.349,10.208,-0.010,0.004,-0.026,24.711
18832,-0.057,-0.335,10.217,-0.011,0.005,-0.026,24.711
18842,-0.033,-0.321,10.203,-0.011,0.005,-0.027,24.691
18852,-0.062,-0.321,10.213,-0.011,0.005,-0.027,24.691
18862,-0.053,-0.330,10.208,-0.011,0.004,-0.026,24.734
18872,-0.043,-0.335,10.198,-0.010,0.005,-0.027,24.734
18882,-0.062,-0.316,10.193,-0.010,0.005,-0.027,24.711
18892,-0.057,-0.325,10.217,-0.011,0.005,-0.027,24.711
18902,-0.048,-0.321,10.203,-0.011,0.005,-0.027,24.680
18912,-0.053,-0.335,10.184,-0.010,0.004,-0.026,24.680
18922,-0.057,-0.325,10.189,-0.011,0.005,-0.027,24.785
18932,-0.062,-0.325,10.193,-0.011,0.005,-0.027,24.785
18942,-0.057,-0.335,10.193,-0.010,0.004,-0.027,24.754
18952,-0.057,-0.325,10.222,-0.011,0.004,-0.027,24.754
18962,-0.048,-0.311,10.208,-0.011,0.004,-0.027,24.688
18972,-0.043,-0.321,10.213,-0.011,0.004,-0.027,24.688
18982,-0.057,-0.306,10.208,-0.011,0.005,-0.027,24.742
18992,-0.033,-0.311,10.222,-0.010,0.005,-0.027,24.742
19002,-0.057,-0.316,10.189,-0.011,0.005,-0.027,24.723
19012,-0.067,-0.325,10.189,-0.010,0.005,-0.027,24.723
19022,-0.053,-0.311,10.203,-0.011,0.004,-0.027,24.719
19032,-0.067,-0.325,10.213,-0.011,0.005,-0.027,24.719
19042,-0.067,-0.335,10.193,-0.011,0.005,-0.026,24.688
19052,-0.072,-0.330,10.203,-0.011,0.005,-0.027,24.688
19062,-0.057,-0.335,10.198,-0.010,0.004,-0.027,24.754
19072,-0.072,-0.330,10.198,-0.011,0.005,-0.027,24.754
19082,-0.053,-0.325,10.208,-0.010,0.004,-0.026,24.715
19092,-0.053,-0.340,10.213,-0.010,0.004,-0.027,24.715
19102,-0.053,-0.340,10.213,-0.010,0.005,-0.027,24.715
19112,-0.048,-0.354,10.184,-0.011,0.005,-0.027,24.715
19122,-0.043,-0.316,10.217,-0.011,0.004,-0.027,24.730
19132,-0.053,-0.330,10.217,-0.011,0.005,-0.027,24.730
19142,-0.053,-0.325,10.198,-0.011,0.004,-0.027,24.711
19152,-0.057,-0.330,10.208,-0.010,0.004,-0.026,24.711
19162,-0.043,-0.321,10.217,-0.011,0.004,-0.027,24.723
19172,-0.077,-0.330,10.222,-0.011,0.004,-0.027,24.723
19182,-0.062,-0.321,10.222,-0.010,0.004,-0.027,24.707
19192,-0.053,-0.340,10.208,-0.010,0.005,-0.027,24.707
19202,-0.062,-0.325,10.184,-0.011,0.005,-0.026,24.734
19212,-0.053,-0.330,10.217,-0.011,0.005,-0.027,24.734
19222,-0.038,-0.349,10.203,-0.011,0.005,-0.027,24.719
19232,-0.038,-0.330,10.208,-0.011,0.005,-0.027,24.719
19242,-0.057,-0.335,10.203,-0.011,0.004,-0.027,24.742
19252,-0.038,-0.335,10.193,-0.010,0.005,-0.027,24.742
19262,-0.038,-0.311,10.184,-0.010,0.004,-0.027,24.750
19272,-0.053,-0.311,10.203,-0.010,0.005,-0.027,24.750
19282,-0.057,-0.321,10.208,-0.010,0.005,-0.027,24.707
19292,-0.038,-0.325,10.203,-0.011,0.004,-0.027,24.707
19302,-0.057,-0.325,10.203,-0.011,0.004,-0.026,24.715
19312,-0.043,-0.325,10.198,-0.011,0.005,-0.026,24.715
19322,-0.048,-0.330,10.208,-0.010,0.004,-0.026,24.773
19332,-0.062,-0.316,10.213,-0.011,0.004,-0.027,24.773
19342,-0.048,-0.321,10.203,-0.010,0.004,-0.027,24.703
19352,-0.043,-0.335,10.208,-0.010,0.005,-0.027,24.703
19362,-0.053,-0.321,10.179,-0.011,0.005,-0.027,24.746
19372,-0.057,-0.325,10.208,-0.011,0.004,-0.027,24.746
19382,-0.024,-0.306,10.217,-0.010,0.004,-0.027,24.762
19402,-0.033,-0.321,10.198,-0.011,0.005,-0.027,24.742
19412,-0.048,-0.325,10.193,-0.010,0.004,-0.027,24.738
19422,-0.048,-0.321,10.208,-0.011,0.004,-0.027,24.738
19432,-0.057,-0.321,10.208,-0.011,0.005,-0.027,24.734
19442,-0.048,-0.335,10.189,-0.010,0.005,-0.026,24.734
19452,-0.048,-0.316,10.198,-0.011,0.005,-0.027,24.707
19462,-0.067,-0.311,10.189,-0.011,0.005,-0.028,24.707
19472,-0.048,-0.306,10.203,-0.010,0.004,-0.027,24.730
19482,-0.053,-0.321,10.203,-0.010,0.005,-0.027,24.730
19492,-0.053,-0.345,10.189,-0.010,0.005,-0.026,24.727
19502,-0.067,-0.316,10.198,-0.011,0.004,-0.027,24.727
19512,-0.062,-0.325,10.189,-0.010,0.005,-0.027,24.711
19522,-0.038,-0.301,10.189,-0.011,0.005,-0.027,24.711
19532,-0.062,-0.330,10.203,-0.010,0.005,-0.026,24.688
19542,-0.057,-0.306,10.184,-0.010,0.005,-0.026,24.688
19552,-0.029,-0.330,10.189,-0.010,0.005,-0.027,24.707
19562,-0.024,-0.321,10.203,-0.011,0.004,-0.026,24.707
19572,-0.043,-0.321,10.208,-0.010,0.005,-0.026,24.754
19582,-0.043,-0.325,10.193,-0.011,0.005,-0.027,24.754
19592,-0.053,-0.316,10.193,-0.011,0.004,-0.027,24.727
19602,-0.048,-0.316,10.189,-0.011,0.005,-0.027,24.727
19612,-0.053,-0.321,10.184,-0.010,0.004,-0.027,24.734
19622,-0.029,-0.321,10.203,-0.011,0.004,-0.027,24.734
19632,-0.053,-0.330,10.198,-0.011,0.004,-0.026,24.695
19642,-0.043,-0.321,10.193,-0.011,0.005,-0.027,24.695
19652,-0.048,-0.345,10.208,-0.011,0.005,-0.027,24.785
19662,-0.043,-0.316,10.198,-0.011,0.005,-0.027,24.785
19672,-0.057,-0.311,10.189,-0.010,0.004,-0.027,24.727
19682,-0.062,-0.330,10.208,-0.011,0.005,-0.027,24.727
19692,-0.038,-0.297,10.203,-0.011,0.005,-0.027,24.758
19702,-0.019,-0.311,10.193,-0.010,0.005,-0.027,24.758
19712,-0.053,-0.306,10.208,-0.011,0.005,-0.026,24.738
19722,-0.033,-0.311,10.198,-0.010,0.004,-0.027,24.738
19732,-0.043,-0.306,10.184,-0.011,0.005,-0.027,24.777
19742,-0.053,-0.325,10.193,-0.010,0.004,-0.027,24.777
19752,-0.067,-0.321,10.198,-0.010,0.004,-0.027,24.719
19762,-0.062,-0.316,10.203,-0.011,0.004,-0.027,24.719
19772,-0.053,-0.321,10.198,-0.011,0.004,-0.027,24.750
19782,-0.048,-0.306,10.189,-0.011,0.004,-0.027,24.750
19792,-0.043,-0.325,10.208,-0.010,0.004,-0.027,24.758
19802,-0.019,-0.325,10.217,-0.011,0.005,-0.027,24.758
19812,-0.053,-0.321,10.208,-0.010,0.004,-0.027,24.754
19822,-0.057,-0.335,10.184,-0.010,0.005,-0.027,24.754
19832,-0.038,-0.340,10.189,-0.011,0.004,-0.027,24.742
19842,-0.048,-0.325,10.198,-0.010,0.005,-0.027,24.742
19852,-0.043,-0.306,10.189,-0.010,0.005,-0.027,24.770
19862,-0.038,-0.301,10.213,-0.010,0.004,-0.027,24.770
19872,-0.057,-0.325,10.208,-0.010,0.004,-0.027,24.754
19882,-0.048,-0.306,10.198,-0.010,0.004,-0.027,24.754
19892,-0.038,-0.316,10.193,-0.010,0.004,-0.026,24.742
19902,-0.033,-0.306,10.208,-0.010,0.004,-0.027,24.742
19912,-0.048,-0.330,10.208,-0.011,0.004,-0.027,24.758
19922,-0.038,-0.340,10.184,-0.011,0.005,-0.027,24.758
19932,-0.038,-0.321,10.184,-0.011,0.005,-0.027,24.758
19942,-0.053,-0.321,10.208,-0.011,0.005,-0.027,24.758
19952,-0.038,-0.301,10.208,-0.010,0.004,-0.027,24.754
19962,-0.048,-0.316,10.217,-0.010,0.005,-0.026,24.754
19972,-0.048,-0.321,10.198,-0.010,0.005,-0.026,24.754
19982,-0.048,-0.325,10.193,-0.011,0.004,-0.027,24.754
19992,-0.057,-0.301,10.179,-0.010,0.004,-0.026,24.754
20002,-0.053,-0.325,10.208,-0.011,0.004,-0.026,24.754
20012,-0.038,-0.325,10.208,-0.011,0.004,-0.027,24.762
20022,-0.024,-0.316,10.189,-0.011,0.004,-0.026,24.762
20032,-0.048,-0.321,10.184,-0.011,0.004,-0.027,24.727
20042,-0.057,-0.316,10.189,-0.010,0.004,-0.027,24.727
20052,-0.024,-0.311,10.193,-0.011,0.004,-0.027,24.793
20062,-0.038,-0.321,10.203,-0.011,0.004,-0.026,24.793
20072,-0.033,-0.330,10.193,-0.010,0.004,-0.026,24.727
20082,-0.033,-0.321,10.208,-0.011,0.004,-0.027,24.727
20092,-0.057,-0.321,10.184,-0.010,0.004,-0.027,24.762
20102,-0.057,-0.316,10.198,-0.011,0.005,-0.027,24.762
20112,-0.024,-0.340,10.198,-0.010,0.004,-0.027,24.766
20122,-0.038,-0.325,10.213,-0.010,0.005,-0.027,24.766
20132,-0.043,-0.316,10.193,-0.011,0.005,-0.027,24.758
20142,-0.057,-0.335,10.217,-0.010,0.004,-0.027,24.758
20152,-0.048,-0.311,10.189,-0.010,0.005,-0.027,24.754
20162,-0.043,-0.330,10.198,-0.011,0.005,-0.027,24.754
20172,-0.053,-0.316,10.213,-0.011,0.004,-0.027,24.762
20182,-0.057,-0.321,10.189,-0.011,0.004,-0.026,24.762
20192,-0.053,-0.330,10.184,-0.010,0.005,-0.027,24.754
20202,-0.043,-0.321,10.179,-0.009,0.004,-0.027,24.754
20212,-0.038,-0.316,10.213,-0.010,0.004,-0.027,24.758
20222,-0.062,-0.330,10.198,-0.011,0.005,-0.027,24.758
20232,-0.057,-0.292,10.179,-0.011,0.004,-0.027,24.770
20242,-0.029,-0.306,10.179,-0.010,0.004,-0.027,24.770
20252,-0.024,-0.297,10.198,-0.010,0.004,-0.026,24.777
20262,-0.053,-0.325,10.179,-0.010,0.002,-0.027,24.777
20272,-0.048,-0.335,10.174,-0.010,0.004,-0.027,24.746
20282,-0.014,-0.316,10.193,-0.010,0.004,-0.027,24.746
20292,-0.048,-0.311,10.208,-0.010,0.004,-0.027,24.793
20302,-0.062,-0.321,10.198,-0.010,0.004,-0.027,24.793
20312,-0.048,-0.325,10.208,-0.010,0.005,-0.027,24.734
20322,-0.038,-0.321,10.189,-0.010,0.004,-0.026,24.734
20332,-0.038,-0.311,10.184,-0.011,0.004,-0.027,24.758
20342,-0.048,-0.325,10.193,-0.011,0.005,-0.027,24.758
20352,-0.043,-0.306,10.208,-0.011,0.005,-0.027,24.758
20362,-0.048,-0.321,10.198,-0.010,0.005,-0.026,24.758
20372,-0.038,-0.325,10.203,-0.010,0.004,-0.026,24.738
20382,-0.053,-0.311,10.184,-0.011,0.004,-0.027,24.738
20392,-0.043,-0.297,10.193,-0.010,0.005,-0.027,24.750
20402,-0.057,-0.340,10.208,-0.010,0.005,-0.027,24.750
20412,-0.077,-0.340,10.165,-0.010,0.005,-0.026,24.742
20422,-0.048,-0.325,10.189,-0.010,0.005,-0.027,24.742
20432,-0.038,-0.311,10.189,-0.010,0.004,-0.027,24.746
20442,-0.043,-0.311,10.189,-0.011,0.004,-0.027,24.746
20462,-0.043,-0.316,10.179,-0.011,0.004,-0.027,24.762
20472,-0.038,-0.311,10.189,-0.011,0.005,-0.027,24.762
20482,-0.048,-0.306,10.198,-0.011,0.004,-0.026,24.770
20492,-0.043,-0.311,10.174,-0.010,0.004,-0.026,24.770
20502,-0.057,-0.311,10.179,-0.010,0.005,-0.027,24.758
20512,-0.057,-0.306,10.208,-0.010,0.005,-0.027,24.758
20522,-0.043,-0.306,10.189,-0.011,0.004,-0.028,24.777
20532,-0.048,-0.311,10.193,-0.010,0.004,-0.027,24.777
20542,-0.038,-0.311,10.198,-0.010,0.004,-0.027,24.754
20552,-0.033,-0.316,10.184,-0.009,0.004,-0.026,24.754
20562,-0.048,-0.316,10.189,-0.010,0.004,-0.027,24.770
20572,-0.038,-0.330,10.217,-0.011,0.004,-0.027,24.770
20582,-0.048,-0.321,10.184,-0.010,0.005,-0.027,24.746
20592,-0.038,-0.321,10.198,-0.010,0.004,-0.027,24.746
20602,-0.053,-0.325,10.184,-0.011,0.004,-0.027,24.742
20612,-0.043,-0.321,10.198,-0.010,0.005,-0.027,24.742
20622,-0.048,-0.311,10.198,-0.010,0.004,-0.027,24.809
20632,-0.048,-0.321,10.189,-0.011,0.004,-0.027,24.809
20642,-0.043,-0.325,10.203,-0.010,0.004,-0.026,24.727
20652,-0.038,-0.316,10.198,-0.010,0.005,-0.026,24.727
20662,-0.029,-0.321,10.179,-0.010,0.004,-0.027,24.750
20672,-0.019,-0.330,10.203,-0.010,0.004,-0.027,24.750
20682,-0.043,-0.316,10.203,-0.010,0.004,-0.027,24.762
20692,-0.053,-0.316,10.174,-0.011,0.004,-0.027,24.762
20702,-0.024,-0.321,10.184,-0.010,0.004,-0.027,24.773
20712,-0.033,-0.321,10.184,-0.010,0.005,-0.027,24.773
20722,-0.038,-0.335,10.198,-0.011,0.004,-0.027,24.762
20732,-0.029,-0.316,10.179,-0.011,0.004,-0.027,24.762
20742,-0.024,-0.335,10.184,-0.011,0.004,-0.027,24.801
20752,-0.043,-0.321,10.184,-0.010,0.004,-0.026,24.801
20762,-0.053,-0.316,10.184,-0.011,0.004,-0.027,24.770
20772,-0.048,-0.301,10.189,-0.010,0.004,-0.026,24.770
20782,-0.033,-0.301,10.184,-0.011,0.004,-0.027,24.766
20792,-0.062,-0.306,10.193,-0.011,0.005,-0.028,24.766
20802,-0.057,-0.316,10.189,-0.011,0.005,-0.027,24.750
20812,-0.043,-0.316,10.193,-0.011,0.005,-0.027,24.750
20822,-0.038,-0.311,10.198,-0.010,0.004,-0.027,24.770
20832,-0.033,-0.325,10.179,-0.010,0.005,-0.027,24.770
20842,-0.048,-0.316,10.189,-0.010,0.004,-0.027,24.762
20852,-0.019,-0.321,10.203,-0.011,0.004,-0.026,24.762
20862,-0.053,-0.316,10.189,-0.010,0.005,-0.026,24.746
20872,-0.067,-0.297,10.193,-0.011,0.004,-0.027,24.746
20882,-0.043,-0.321,10.189,-0.011,0.004,-0.027,24.770
20892,-0.043,-0.330,10.193,-0.010,0.005,-0.027,24.770
20902,-0.033,-0.325,10.208,-0.011,0.005,-0.027,24.816
20912,-0.024,-0.321,10.203,-0.009,0.004,-0.027,24.816
20922,-0.057,-0.306,10.189,-0.011,0.004,-0.027,24.813
20932,-0.014,-0.321,10.193,-0.010,0.004,-0.026,24.813
20942,-0.043,-0.335,10.227,-0.010,0.004,-0.026,24.742
20952,-0.033,-0.316,10.208,-0.010,0.005,-0.026,24.742
20962,-0.053,-0.301,10.198,-0.010,0.004,-0.027,24.777
20972,-0.048,-0.321,10.198,-0.010,0.004,-0.027,24.777
20982,-0.048,-0.335,10.203,-0.010,0.004,-0.027,24.766
20992,-0.038,-0.306,10.208,-0.010,0.004,-0.027,24.766
21002,-0.062,-0.321,10.193,-0.010,0.005,-0.027,24.797
21012,-0.057,-0.321,10.208,-0.011,0.004,-0.027,24.797
21022,-0.038,-0.321,10.198,-0.010,0.004,-0.027,24.770
21032,-0.072,-0.316,10.193,-0.010,0.004,-0.027,24.770
21042,-0.033,-0.316,10.169,-0.010,0.004,-0.027,24.766
21052,-0.043,-0.321,10.189,-0.010,0.005,-0.027,24.766
21062,-0.029,-0.301,10.189,-0.011,0.004,-0.027,24.789
21072,-0.029,-0.321,10.193,-0.011,0.004,-0.027,24.789
21082,-0.048,-0.325,10.208,-0.010,0.004,-0.027,24.766
21092,-0.072,-0.311,10.213,-0.011,0.004,-0.027,24.766
21102,-0.077,-0.316,10.189,-0.011,0.004,-0.027,24.805
21112,-0.053,-0.335,10.174,-0.010,0.004,-0.027,24.805
21122,-0.048,-0.340,10.179,-0.011,0.005,-0.027,24.809
21132,-0.062,-0.297,10.193,-0.011,0.004,-0.027,24.809
21142,-0.033,-0.301,10.198,-0.010,0.005,-0.027,24.758
21152,-0.043,-0.325,10.198,-0.010,0.004,-0.027,24.758
21162,-0.048,-0.321,10.193,-0.010,0.004,-0.027,24.785
21172,-0.029,-0.330,10.179,-0.011,0.005,-0.027,24.785
21182,-0.038,-0.325,10.203,-0.011,0.005,-0.027,24.785
21192,-0.029,-0.311,10.208,-0.010,0.004,-0.027,24.785
21202,-0.053,-0.321,10.184,-0.010,0.004,-0.027,24.750
21212,-0.043,-0.311,10.169,-0.010,0.005,-0.027,24.750
21222,-0.043,-0.321,10.193,-0.011,0.005,-0.027,24.801
21232,-0.029,-0.321,10.203,-0.011,0.004,-0.027,24.801
21242,-0.043,-0.316,10.184,-0.010,0.004,-0.027,24.805
21252,-0.043,-0.311,10.189,-0.011,0.004,-0.027,24.805
21262,-0.053,-0.321,10.184,-0.011,0.004,-0.027,24.781
21272,-0.057,-0.297,10.189,-0.011,0.004,-0.027,24.781
21282,-0.057,-0.301,10.184,-0.010,0.004,-0.027,24.781
21292,-0.024,-0.306,10.179,-0.010,0.005,-0.027,24.781
21302,-0.043,-0.292,10.189,-0.011,0.005,-0.028,24.797
21312,-0.053,-0.321,10.198,-0.011,0.005,-0.027,24.797
21322,-0.033,-0.311,10.193,-0.011,0.005,-0.026,24.789
21332,-0.038,-0.335,10.189,-0.010,0.005,-0.026,24.789
21342,-0.057,-0.306,10.189,-0.010,0.004,-0.026,24.816
21352,-0.048,-0.311,10.184,-0.010,0.004,-0.028,24.816
21362,-0.043,-0.316,10.189,-0.011,0.005,-0.027,24.820
21372,-0.053,-0.311,10.203,-0.010,0.004,-0.027,24.820
21382,-0.057,-0.297,10.184,-0.010,0.005,-0.026,24.797
21392,-0.053,-0.316,10.184,-0.010,0.004,-0.027,24.797
21402,-0.033,-0.311,10.165,-0.010,0.004,-0.027,24.793
21412,-0.048,-0.316,10.184,-0.010,0.004,-0.027,24.793
21422,-0.043,-0.325,10.184,-0.010,0.004,-0.027,24.777
21432,-0.038,-0.330,10.193,-0.009,0.004,-0.027,24.777
21442,-0.048,-0.321,10.198,-0.010,0.004,-0.027,24.797
21452,-0.038,-0.321,10.193,-0.010,0.004,-0.027,24.797
21462,-0.029,-0.316,10.198,-0.011,0.004,-0.027,24.711
21472,-0.053,-0.330,10.198,-0.010,0.004,-0.027,24.711
21482,-0.057,-0.330,10.174,-0.010,0.004,-0.027,24.797
21492,-0.053,-0.325,10.174,-0.011,0.004,-0.027,24.797
21502,-0.062,-0.330,10.184,-0.010,0.004,-0.027,24.734
21512,-0.067,-0.306,10.184,-0.011,0.004,-0.027,24.824
21532,-0.038,-0.321,10.189,-0.010,0.004,-0.027,24.789
21542,-0.053,-0.321,10.193,-0.010,0.005,-0.026,24.789
21552,-0.043,-0.321,10.189,-0.010,0.005,-0.026,24.824
21562,-0.043,-0.311,10.198,-0.010,0.004,-0.027,24.824
21572,-0.048,-0.325,10.198,-0.010,0.005,-0.027,24.773
21582,-0.038,-0.311,10.198,-0.010,0.005,-0.028,24.773
21592,-0.038,-0.316,10.179,-0.010,0.004,-0.027,24.781
21602,-0.057,-0.316,10.174,-0.011,0.004,-0.027,24.781
21612,-0.057,-0.306,10.165,-0.010,0.004,-0.027,24.781
21622,-0.038,-0.316,10.198,-0.010,0.004,-0.027,24.781
21632,-0.033,-0.316,10.193,-0.011,0.004,-0.027,24.801
21642,-0.014,-0.316,10.189,-0.010,0.005,-0.027,24.801
21652,-0.043,-0.311,10.174,-0.010,0.004,-0.026,24.758
21662,-0.033,-0.301,10.203,-0.010,0.004,-0.027,24.758
21672,-0.033,-0.316,10.184,-0.010,0.005,-0.026,24.773
21682,-0.057,-0.325,10.189,-0.010,0.004,-0.027,24.773
21692,-0.053,-0.306,10.193,-0.009,0.004,-0.027,24.852
21702,-0.053,-0.325,10.193,-0.010,0.004,-0.027,24.852
21712,-0.057,-0.316,10.193,-0.010,0.004,-0.027,24.824
21722,-0.043,-0.321,10.193,-0.010,0.004,-0.027,24.824
21732,-0.057,-0.311,10.184,-0.010,0.004,-0.027,24.813
21742,-0.033,-0.311,10.193,-0.010,0.004,-0.027,24.813
21752,-0.029,-0.311,10.193,-0.010,0.004,-0.027,24.809
21762,-0.029,-0.316,10.184,-0.011,0.004,-0.027,24.809
21772,-0.062,-0.311,10.184,-0.010,0.004,-0.026,24.832
21782,-0.072,-0.325,10.198,-0.010,0.005,-0.026,24.832
21792,-0.043,-0.316,10.189,-0.010,0.005,-0.027,24.805
21802,-0.024,-0.325,10.179,-0.010,0.005,-0.027,24.805
21812,-0.029,-0.301,10.184,-0.010,0.004,-0.026,24.801
21822,-0.033,-0.311,10.189,-0.010,0.004,-0.027,24.801
21832,-0.057,-0.306,10.193,-0.010,0.004,-0.027,24.793
21842,-0.057,-0.325,10.193,-0.010,0.004,-0.027,24.793
21852,-0.053,-0.321,10.169,-0.011,0.005,-0.027,24.777
21862,-0.048,-0.301,10.193,-0.010,0.002,-0.027,24.777
21872,-0.062,-0.330,10.165,-0.011,0.004,-0.027,24.781
21882,-0.038,-0.301,10.184,-0.011,0.004,-0.027,24.781
21892,-0.057,-0.301,10.189,-0.010,0.004,-0.027,24.816
21902,-0.029,-0.301,10.203,-0.010,0.004,-0.027,24.816
21912,-0.014,-0.316,10.203,-0.011,0.004,-0.027,24.809
21922,-0.033,-0.306,10.174,-0.011,0.004,-0.027,24.809
21932,-0.024,-0.325,10.203,-0.010,0.004,-0.027,24.816
21942,-0.053,-0.316,10.174,-0.011,0.004,-0.027,24.816
21952,-0.057,-0.306,10.179,-0.010,0.004,-0.027,24.816
21962,-0.057,-0.330,10.189,-0.010,0.005,-0.027,24.816
21972,-0.048,-0.316,10.189,-0.010,0.005,-0.027,24.840
21982,-0.029,-0.301,10.189,-0.010,0.004,-0.027,24.840
21992,-0.048,-0.311,10.184,-0.010,0.004,-0.027,24.793
22002,-0.057,-0.306,10.193,-0.010,0.004,-0.027,24.793
22012,-0.043,-0.297,10.213,-0.010,0.004,-0.027,24.855
22022,-0.038,-0.306,10.193,-0.010,0.004,-0.027,24.855
22032,-0.038,-0.335,10.193,-0.010,0.005,-0.027,24.832
22042,-0.033,-0.316,10.184,-0.010,0.005,-0.027,24.832
22052,-0.053,-0.306,10.203,-0.010,0.005,-0.027,24.770
22062,-0.043,-0.306,10.184,-0.010,0.005,-0.027,24.770
22072,-0.038,-0.311,10.174,-0.010,0.004,-0.027,24.813
22082,-0.038,-0.349,10.189,-0.011,0.005,-0.026,24.813
22092,-0.038,-0.321,10.184,-0.011,0.004,-0.027,24.844
22102,-0.038,-0.311,10.184,-0.011,0.005,-0.027,24.844
22112,-0.048,-0.311,10.184,-0.010,0.004,-0.027,24.801
22122,-0.038,-0.316,10.174,-0.011,0.005,-0.027,24.801
22132,-0.043,-0.311,10.198,-0.010,0.004,-0.026,24.824
22142,-0.038,-0.311,10.203,-0.010,0.004,-0.026,24.824
22152,-0.048,-0.297,10.193,-0.010,0.005,-0.027,24.809
22162,-0.043,-0.321,10.189,-0.011,0.004,-0.027,24.809
22172,-0.057,-0.306,10.184,-0.011,0.004,-0.027,24.816
22182,-0.033,-0.297,10.184,-0.011,0.005,-0.027,24.816
22192,-0.043,-0.316,10.189,-0.010,0.005,-0.027,24.789
22202,-0.043,-0.321,10.189,-0.011,0.005,-0.027,24.789
22212,-0.043,-0.306,10.193,-0.010,0.004,-0.027,24.793
22222,-0.033,-0.316,10.189,-0.011,0.004,-0.027,24.793
22232,-0.048,-0.316,10.193,-0.010,0.004,-0.027,24.773
22242,-0.057,-0.311,10.179,-0.010,0.004,-0.027,24.773
22252,-0.033,-0.311,10.179,-0.010,0.004,-0.027,24.813
22262,-0.014,-0.278,10.184,-0.010,0.004,-0.027,24.813
22272,-0.029,-0.316,10.203,-0.011,0.004,-0.027,24.801
22282,-0.038,-0.321,10.174,-0.010,0.004,-0.027,24.801
22292,-0.038,-0.321,10.184,-0.011,0.004,-0.027,24.836
22302,-0.019,-0.330,10.184,-0.010,0.004,-0.027,24.836
22312,-0.038,-0.321,10.193,-0.010,0.004,-0.027,24.801
22322,-0.029,-0.301,10.184,-0.010,0.004,-0.027,24.801
22332,-0.053,-0.330,10.184,-0.011,0.005,-0.026,24.816
22342,-0.062,-0.301,10.189,-0.011,0.004,-0.027,24.816
22352,-0.043,-0.316,10.189,-0.010,0.004,-0.027,24.805
22362,-0.057,-0.301,10.174,-0.011,0.005,-0.027,24.805
22372,-0.029,-0.306,10.203,-0.011,0.004,-0.027,24.820
22382,-0.033,-0.306,10.193,-0.010,0.002,-0.027,24.820
22392,-0.033,-0.297,10.189,-0.010,0.004,-0.027,24.813
22402,-0.043,-0.306,10.184,-0.010,0.004,-0.027,24.813
22412,-0.048,-0.321,10.174,-0.010,0.004,-0.026,24.813
22422,-0.043,-0.321,10.198,-0.010,0.004,-0.027,24.813
22432,-0.053,-0.306,10.160,-0.011,0.005,-0.027,24.805
22442,-0.024,-0.306,10.165,-0.011,0.005,-0.027,24.805
22452,-0.043,-0.330,10.193,-0.010,0.004,-0.028,24.809
22462,-0.057,-0.311,10.189,-0.010,0.005,-0.026,24.809
22472,-0.043,-0.316,10.184,-0.010,0.004,-0.026,24.816
22482,-0.033,-0.321,10.184,-0.010,0.004,-0.027,24.816
22492,-0.048,-0.297,10.203,-0.010,0.004,-0.027,24.832
22502,-0.038,-0.316,10.193,-0.010,0.004,-0.027,24.832
22512,-0.053,-0.297,10.179,-0.010,0.004,-0.027,24.836
22522,-0.029,-0.311,10.193,-0.011,0.004,-0.027,24.836
22532,-0.043,-0.311,10.184,-0.010,0.005,-0.027,24.816
22542,-0.043,-0.321,10.179,-0.010,0.004,-0.026,24.816
22552,-0.033,-0.316,10.189,-0.010,0.004,-0.027,24.797
22562,-0.029,-0.306,10.189,-0.010,0.005,-0.027,24.797
22572,-0.048,-0.306,10.184,-0.010,0.005,-0.027,24.801
22582,-0.043,-0.311,10.184,-0.010,0.004,-0.027,24.801
22602,-0.033,-0.316,10.174,-0.010,0.004,-0.027,24.836
22612,-0.029,-0.311,10.198,-0.011,0.004,-0.027,24.836
22622,-0.033,-0.311,10.179,-0.011,0.004,-0.027,24.801
22632,-0.048,-0.301,10.179,-0.011,0.005,-0.026,24.801
22642,-0.014,-0.311,10.179,-0.010,0.004,-0.027,24.848
22652,-0.043,-0.311,10.193,-0.010,0.004,-0.027,24.848
22662,-0.038,-0.301,10.179,-0.010,0.004,-0.027,24.828
22672,-0.043,-0.325,10.208,-0.011,0.004,-0.027,24.828
22682,-0.024,-0.316,10.193,-0.011,0.004,-0.027,24.773
22692,-0.067,-0.316,10.184,-0.011,0.005,-0.026,24.773
22702,-0.038,-0.292,10.184,-0.010,0.004,-0.026,24.805
22712,-0.029,-0.311,10.179,-0.010,0.004,-0.026,24.805
22722,-0.014,-0.316,10.184,-0.011,0.005,-0.026,24.832
22732,-0.043,-0.330,10.193,-0.010,0.004,-0.027,24.832
22742,-0.029,-0.306,10.184,-0.011,0.004,-0.027,24.813
22752,-0.038,-0.301,10.184,-0.011,0.004,-0.027,24.813
22762,-0.053,-0.321,10.179,-0.010,0.005,-0.027,24.793
22772,-0.057,-0.311,10.189,-0.010,0.004,-0.027,24.793
22782,-0.048,-0.330,10.193,-0.011,0.004,-0.027,24.820
22792,-0.029,-0.335,10.179,-0.010,0.005,-0.027,24.820
22802,-0.024,-0.301,10.174,-0.010,0.004,-0.027,24.855
22812,-0.024,-0.301,10.189,-0.010,0.005,-0.027,24.855
22822,-0.024,-0.321,10.169,-0.011,0.004,-0.027,24.840
22832,-0.033,-0.306,10.184,-0.011,0.005,-0.026,24.840
22842,-0.029,-0.306,10.169,-0.010,0.004,-0.027,24.832
22852,-0.043,-0.311,10.189,-0.010,0.004,-0.027,24.832
22862,-0.029,-0.330,10.184,-0.010,0.004,-0.026,24.828
22872,-0.033,-0.311,10.169,-0.010,0.005,-0.027,24.828
22882,-0.038,-0.301,10.198,-0.010,0.004,-0.027,24.824
22892,-0.029,-0.287,10.179,-0.010,0.004,-0.027,24.824
22902,-0.038,-0.306,10.193,-0.011,0.004,-0.027,24.840
22912,-0.029,-0.306,10.184,-0.010,0.005,-0.027,24.840
22922,-0.033,-0.306,10.198,-0.010,0.004,-0.027,24.840
22932,-0.033,-0.306,10.189,-0.010,0.004,-0.027,24.840
22942,-0.033,-0.311,10.179,-0.011,0.005,-0.027,24.813
22952,-0.014,-0.306,10.193,-0.011,0.004,-0.027,24.813
22962,-0.033,-0.301,10.189,-0.010,0.005,-0.027,24.824
22972,-0.033,-0.311,10.193,-0.011,0.004,-0.027,24.824
22982,-0.043,-0.306,10.169,-0.010,0.004,-0.027,24.809
22992,-0.038,-0.306,10.179,-0.010,0.004,-0.026,24.809
23002,-0.033,-0.325,10.179,-0.011,0.004,-0.026,24.832
23012,-0.048,-0.306,10.193,-0.011,0.005,-0.027,24.832
23022,-0.033,-0.321,10.184,-0.010,0.005,-0.027,24.840
23032,-0.024,-0.321,10.179,-0.010,0.004,-0.027,24.840
23042,-0.019,-0.311,10.184,-0.011,0.004,-0.027,24.844
23052,-0.053,-0.311,10.189,-0.011,0.004,-0.026,24.844
23062,-0.057,-0.311,10.189,-0.011,0.004,-0.027,24.879
23072,-0.043,-0.306,10.189,-0.011,0.005,-0.027,24.879
23082,-0.043,-0.330,10.189,-0.010,0.004,-0.027,24.828
23092,-0.014,-0.306,10.189,-0.010,0.004,-0.027,24.828
23102,-0.053,-0.301,10.179,-0.010,0.004,-0.026,24.840
23112,-0.043,-0.330,10.184,-0.010,0.005,-0.027,24.840
23122,-0.029,-0.311,10.189,-0.010,0.005,-0.027,24.848
23132,-0.048,-0.306,10.179,-0.010,0.004,-0.027,24.848
23142,-0.057,-0.306,10.179,-0.011,0.004,-0.027,24.809
23152,-0.019,-0.321,10.189,-0.010,0.005,-0.027,24.809
23162,-0.024,-0.316,10.179,-0.010,0.005,-0.027,24.832
23172,-0.048,-0.316,10.189,-0.010,0.005,-0.027,24.832
23182,-0.057,-0.297,10.184,-0.010,0.004,-0.027,24.863
23192,-0.033,-0.316,10.198,-0.010,0.004,-0.027,24.863
23202,-0.038,-0.316,10.184,-0.010,0.004,-0.027,24.824
23212,-0.048,-0.301,10.193,-0.010,0.004,-0.027,24.824
23222,-0.043,-0.306,10.189,-0.011,0.005,-0.027,24.832
23232,-0.043,-0.311,10.184,-0.010,0.004,-0.027,24.832
23242,-0.043,-0.321,10.198,-0.010,0.004,-0.027,24.832
23252,-0.033,-0.301,10.189,-0.011,0.005,-0.027,24.832
23262,-0.048,-0.306,10.184,-0.012,0.005,-0.027,24.840
23272,-0.038,-0.306,10.179,-0.011,0.005,-0.026,24.840
23282,-0.038,-0.301,10.179,-0.010,0.005,-0.027,24.828
23292,-0.029,-0.297,10.198,-0.010,0.005,-0.027,24.828
23302,-0.038,-0.321,10.179,-0.010,0.005,-0.027,24.824
23312,-0.033,-0.292,10.193,-0.010,0.004,-0.026,24.824
23322,-0.043,-0.301,10.193,-0.010,0.004,-0.026,24.840
23332,-0.033,-0.306,10.193,-0.010,0.004,-0.027,24.840
23342,-0.029,-0.301,10.184,-0.010,0.004,-0.027,24.813
23352,-0.062,-0.321,10.179,-0.010,0.004,-0.027,24.813
23362,-0.033,-0.297,10.189,-0.010,0.005,-0.027,24.797
23372,-0.033,-0.311,10.198,-0.011,0.005,-0.027,24.797
23382,-0.033,-0.321,10.189,-0.010,0.005,-0.026,24.840
23392,-0.043,-0.330,10.189,-0.011,0.004,-0.027,24.840
23402,-0.057,-0.311,10.213,-0.010,0.004,-0.027,24.848
23412,-0.038,-0.321,10.165,-0.010,0.004,-0.026,24.848
23422,-0.033,-0.306,10.203,-0.010,0.004,-0.027,24.824
23432,-0.029,-0.287,10.184,-0.009,0.005,-0.027,24.824
23442,-0.029,-0.321,10.198,-0.010,0.002,-0.027,24.867
23452,-0.038,-0.316,10.193,-0.010,0.004,-0.027,24.867
23462,-0.053,-0.292,10.184,-0.010,0.004,-0.027,24.844
23472,-0.038,-0.321,10.174,-0.010,0.004,-0.027,24.844
23482,-0.043,-0.306,10.184,-0.010,0.005,-0.026,24.852
23492,-0.048,-0.301,10.193,-0.010,0.004,-0.027,24.852
23502,-0.024,-0.321,10.189,-0.010,0.005,-0.026,24.875
23512,-0.048,-0.321,10.198,-0.010,0.004,-0.027,24.875
23522,-0.048,-0.282,10.198,-0.011,0.004,-0.027,24.887
23532,-0.043,-0.316,10.169,-0.010,0.004,-0.027,24.887
23542,-0.038,-0.301,10.217,-0.009,0.004,-0.027,24.855
23552,-0.024,-0.306,10.184,-0.010,0.004,-0.027,24.855
23562,-0.053,-0.321,10.198,-0.010,0.004,-0.027,24.832
23572,-0.029,-0.301,10.189,-0.010,0.005,-0.027,24.832
23582,-0.043,-0.316,10.179,-0.011,0.004,-0.026,24.844
23592,-0.029,-0.311,10.179,-0.010,0.004,-0.027,24.844
23602,-0.029,-0.311,10.179,-0.010,0.004,-0.027,24.863
23612,-0.014,-0.306,10.179,-0.010,0.004,-0.027,24.863
23622,-0.043,-0.306,10.198,-0.011,0.004,-0.027,24.859
23632,-0.048,-0.301,10.179,-0.011,0.005,-0.027,24.859
23642,-0.048,-0.287,10.169,-0.010,0.005,-0.027,24.852
23652,-0.038,-0.306,10.193,-0.010,0.004,-0.027,24.852
23662,-0.033,-0.325,10.179,-0.010,0.005,-0.027,24.852
23672,-0.038,-0.311,10.198,-0.009,0.005,-0.026,24.852
23692,-0.024,-0.301,10.189,-0.010,0.004,-0.027,24.855
23702,-0.033,-0.311,10.198,-0.010,0.004,-0.027,24.855
23712,-0.057,-0.330,10.184,-0.011,0.005,-0.027,24.844
23722,-0.033,-0.330,10.169,-0.011,0.005,-0.026,24.844
23732,-0.029,-0.321,10.179,-0.010,0.005,-0.027,24.867
23742,-0.043,-0.325,10.189,-0.011,0.005,-0.026,24.867
23752,-0.057,-0.297,10.189,-0.011,0.004,-0.027,24.926
23762,-0.057,-0.306,10.189,-0.011,0.005,-0.027,24.926
23772,-0.029,-0.306,10.184,-0.011,0.004,-0.027,24.840
23782,-0.029,-0.330,10.198,-0.010,0.005,-0.027,24.840
23792,-0.053,-0.306,10.203,-0.010,0.004,-0.027,24.844
23802,-0.024,-0.311,10.174,-0.010,0.005,-0.027,24.844
23812,-0.029,-0.311,10.174,-0.011,0.005,-0.027,24.867
23822,-0.043,-0.316,10.184,-0.011,0.004,-0.027,24.867
23832,-0.033,-0.301,10.193,-0.011,0.004,-0.027,24.852
23842,-0.038,-0.282,10.189,-0.010,0.004,-0.027,24.852
23852,-0.033,-0.321,10.179,-0.010,0.004,-0.026,24.871
23862,-0.019,-0.301,10.179,-0.011,0.004,-0.027,24.871
23872,-0.048,-0.297,10.184,-0.011,0.004,-0.027,24.855
23882,-0.062,-0.311,10.189,-0.010,0.005,-0.027,24.855
23892,-0.048,-0.306,10.189,-0.010,0.005,-0.027,24.848
23902,-0.048,-0.311,10.198,-0.011,0.004,-0.027,24.848
23912,-0.038,-0.306,10.189,-0.010,0.004,-0.027,24.855
23922,-0.033,-0.330,10.193,-0.010,0.005,-0.027,24.855
23932,-0.048,-0.316,10.174,-0.011,0.005,-0.027,24.895
23942,-0.038,-0.311,10.179,-0.011,0.004,-0.027,24.895
23952,-0.043,-0.301,10.174,-0.010,0.004,-0.027,24.871
23962,-0.029,-0.330,10.184,-0.010,0.004,-0.026,24.871
23972,-0.043,-0.311,10.184,-0.010,0.005,-0.027,24.867
23982,-0.038,-0.311,10.179,-0.010,0.004,-0.027,24.867
23992,-0.048,-0.278,10.179,-0.010,0.004,-0.027,24.875
24002,-0.038,-0.306,10.184,-0.010,0.004,-0.027,24.875
24012,-0.029,-0.292,10.189,-0.010,0.004,-0.027,24.859
24022,-0.043,-0.311,10.198,-0.011,0.004,-0.027,24.859
24032,-0.038,-0.301,10.184,-0.011,0.004,-0.027,24.895
24042,-0.029,-0.311,10.179,-0.011,0.004,-0.027,24.895
24052,-0.053,-0.340,10.184,-0.010,0.005,-0.027,24.879
24062,-0.033,-0.306,10.198,-0.011,0.005,-0.027,24.879
24072,-0.048,-0.301,10.184,-0.010,0.005,-0.026,24.902
24082,-0.043,-0.321,10.179,-0.010,0.004,-0.027,24.902
24092,-0.057,-0.325,10.184,-0.010,0.004,-0.027,24.840
24102,-0.029,-0.306,10.193,-0.010,0.005,-0.027,24.840
24112,-0.048,-0.311,10.193,-0.010,0.004,-0.027,24.863
24122,-0.038,-0.297,10.169,-0.010,0.004,-0.027,24.863
24132,-0.043,-0.316,10.179,-0.010,0.005,-0.027,24.844
24142,-0.029,-0.297,10.179,-0.010,0.004,-0.027,24.844
24152,-0.053,-0.292,10.165,-0.010,0.005,-0.027,24.875
24162,-0.024,-0.278,10.169,-0.011,0.004,-0.026,24.875
24172,-0.038,-0.287,10.189,-0.011,0.004,-0.026,24.852
24182,-0.033,-0.301,10.169,-0.011,0.005,-0.027,24.852
24192,-0.024,-0.306,10.174,-0.010,0.005,-0.027,24.863
24202,-0.053,-0.311,10.169,-0.010,0.004,-0.027,24.863
24212,-0.038,-0.325,10.179,-0.010,0.005,-0.027,24.836
24222,-0.048,-0.316,10.193,-0.011,0.005,-0.027,24.836
24232,-0.057,-0.311,10.193,-0.011,0.004,-0.026,24.883
24242,-0.033,-0.292,10.189,-0.010,0.004,-0.027,24.883
24252,-0.033,-0.306,10.203,-0.010,0.004,-0.027,24.840
24262,-0.024,-0.330,10.189,-0.010,0.004,-0.028,24.840
24272,-0.024,-0.306,10.189,-0.011,0.004,-0.027,24.875
24282,-0.038,-0.301,10.174,-0.010,0.005,-0.026,24.875
24292,-0.038,-0.321,10.184,-0.010,0.004,-0.026,24.828
24302,-0.029,-0.321,10.198,-0.010,0.004,-0.028,24.828
24312,-0.029,-0.306,10.179,-0.010,0.004,-0.027,24.844
24322,-0.038,-0.316,10.179,-0.010,0.005,-0.027,24.844
24332,-0.014,-0.321,10.189,-0.011,0.004,-0.027,24.879
24342,-0.019,-0.306,10.184,-0.010,0.004,-0.026,24.879
24352,-0.024,-0.335,10.174,-0.011,0.004,-0.027,24.871
24362,-0.053,-0.301,10.193,-0.011,0.004,-0.027,24.871
24372,-0.038,-0.311,10.174,-0.011,0.004,-0.027,24.840
24382,-0.048,-0.306,10.189,-0.011,0.004,-0.026,24.840
24392,-0.048,-0.321,10.189,-0.010,0.004,-0.027,24.879
24402,-0.019,-0.316,10.184,-0.010,0.004,-0.027,24.879
24412,-0.029,-0.311,10.189,-0.010,0.004,-0.027,24.875
24422,-0.033,-0.316,10.189,-0.011,0.004,-0.027,24.875
24432,-0.033,-0.316,10.198,-0.010,0.004,-0.026,24.836
24442,-0.024,-0.306,10.179,-0.011,0.005,-0.026,24.836
24452,-0.033,-0.301,10.179,-0.011,0.004,-0.027,24.871
24462,-0.024,-0.311,10.165,-0.010,0.004,-0.027,24.871
24472,-0.038,-0.306,10.179,-0.011,0.004,-0.027,24.895
24482,-0.043,-0.306,10.193,-0.010,0.005,-0.026,24.895
24492,-0.019,-0.325,10.169,-0.010,0.004,-0.026,24.883
24502,-0.048,-0.325,10.189,-0.011,0.004,-0.027,24.883
24512,-0.038,-0.311,10.169,-0.010,0.005,-0.027,24.855
24522,-0.043,-0.325,10.179,-0.011,0.005,-0.027,24.855
24532,-0.033,-0.321,10.189,-0.010,0.004,-0.027,24.852
24542,-0.029,-0.316,10.189,-0.011,0.004,-0.027,24.852
24552,-0.033,-0.316,10.184,-0.010,0.005,-0.026,24.871
24562,-0.072,-0.311,10.184,-0.010,0.004,-0.026,24.871
24572,-0.033,-0.301,10.184,-0.010,0.004,-0.027,24.914
24582,-0.043,-0.316,10.189,-0.010,0.004,-0.027,24.914
24592,-0.038,-0.335,10.184,-0.010,0.004,-0.027,24.875
24602,-0.029,-0.325,10.184,-0.010,0.004,-0.027,24.875
24612,-0.043,-0.297,10.179,-0.010,0.004,-0.027,24.895
24622,-0.033,-0.287,10.179,-0.010,0.005,-0.027,24.895
24632,-0.053,-0.287,10.193,-0.010,0.004,-0.027,24.906
24642,-0.019,-0.316,10.179,-0.011,0.004,-0.027,24.906
24652,-0.038,-0.301,10.189,-0.010,0.005,-0.026,24.883
24662,-0.024,-0.311,10.174,-0.010,0.005,-0.027,24.883
24672,-0.029,-0.311,10.160,-0.010,0.005,-0.026,24.855
24682,-0.057,-0.311,10.193,-0.011,0.004,-0.027,24.855
24692,-0.005,-0.316,10.198,-0.010,0.005,-0.027,24.918
24702,-0.033,-0.325,10.189,-0.011,0.004,-0.027,24.918
24712,-0.048,-0.321,10.179,-0.010,0.004,-0.027,24.879
24722,-0.033,-0.311,10.174,-0.010,0.004,-0.027,24.879
24732,-0.024,-0.301,10.179,-0.011,0.005,-0.027,24.910
24742,-0.033,-0.325,10.169,-0.010,0.005,-0.027,24.910
24752,-0.048,-0.297,10.198,-0.010,0.005,-0.027,24.891
24772,-0.024,-0.301,10.198,-0.011,0.004,-0.027,24.895
24782,-0.029,-0.311,10.193,-0.011,0.005,-0.027,24.906
24792,-0.019,-0.297,10.193,-0.011,0.004,-0.027,24.906
24802,-0.038,-0.297,10.184,-0.010,0.004,-0.027,24.895
24812,-0.043,-0.306,10.179,-0.010,0.005,-0.028,24.895
24822,-0.029,-0.306,10.174,-0.010,0.004,-0.027,24.883
24832,-0.033,-0.306,10.179,-0.010,0.004,-0.027,24.883
24842,-0.053,-0.311,10.179,-0.011,0.005,-0.027,24.891
24852,-0.033,-0.306,10.193,-0.010,0.004,-0.027,24.891
24862,-0.038,-0.321,10.198,-0.011,0.005,-0.027,24.883
24872,-0.043,-0.321,10.193,-0.010,0.005,-0.027,24.883
24882,-0.024,-0.335,10.184,-0.010,0.004,-0.026,24.891
24892,-0.053,-0.316,10.193,-0.010,0.004,-0.027,24.891
24902,-0.024,-0.316,10.193,-0.011,0.004,-0.027,24.891
24912,-0.019,-0.321,10.179,-0.011,0.004,-0.027,24.891
24922,-0.038,-0.306,10.174,-0.011,0.005,-0.026,24.895
24932,-0.033,-0.316,10.174,-0.010,0.004,-0.027,24.895
24942,-0.014,-0.311,10.193,-0.010,0.004,-0.027,24.879
24952,-0.024,-0.311,10.193,-0.011,0.005,-0.027,24.879
24962,-0.048,-0.311,10.174,-0.011,0.004,-0.027,24.906
24972,-0.048,-0.330,10.169,-0.011,0.005,-0.026,24.906
24982,-0.038,-0.306,10.184,-0.010,0.005,-0.026,24.902
24992,-0.029,-0.316,10.179,-0.010,0.004,-0.027,24.902
25002,-0.024,-0.301,10.184,-0.010,0.005,-0.027,24.859
25012,-0.033,-0.292,10.184,-0.010,0.005,-0.027,24.859
25022,-0.029,-0.297,10.189,-0.010,0.005,-0.027,24.918
25032,-0.033,-0.306,10.174,-0.010,0.005,-0.027,24.918
25042,-0.029,-0.325,10.193,-0.011,0.004,-0.026,24.910
25052,-0.053,-0.301,10.184,-0.011,0.004,-0.027,24.910
25062,-0.043,-0.301,10.189,-0.010,0.005,-0.027,24.938
25072,-0.048,-0.301,10.198,-0.010,0.004,-0.027,24.938
25082,-0.043,-0.306,10.193,-0.011,0.004,-0.027,24.930
25092,-0.024,-0.321,10.189,-0.010,0.004,-0.027,24.930
25102,-0.029,-0.316,10.174,-0.010,0.004,-0.027,24.852
25112,-0.029,-0.301,10.184,-0.010,0.005,-0.028,24.852
25122,-0.033,-0.311,10.169,-0.009,0.005,-0.027,24.898
25132,-0.014,-0.321,10.174,-0.010,0.005,-0.026,24.898
25142,-0.038,-0.306,10.203,-0.010,0.004,-0.027,24.887
25152,-0.029,-0.282,10.179,-0.011,0.004,-0.027,24.887
25162,-0.053,-0.311,10.174,-0.010,0.004,-0.027,24.953
25172,-0.033,-0.306,10.208,-0.011,0.005,-0.027,24.953
25182,-0.024,-0.306,10.217,-0.011,0.004,-0.027,24.902
25192,-0.043,-0.321,10.184,-0.010,0.004,-0.027,24.902
25202,-0.033,-0.321,10.193,-0.010,0.004,-0.027,24.949
25212,-0.029,-0.311,10.189,-0.011,0.005,-0.027,24.949
25222,-0.043,-0.321,10.184,-0.011,0.004,-0.026,24.945
25232,-0.043,-0.311,10.189,-0.010,0.005,-0.027,24.945
25242,-0.033,-0.316,10.184,-0.011,0.005,-0.026,24.852
25252,-0.053,-0.316,10.198,-0.010,0.005,-0.027,24.852
25262,-0.038,-0.316,10.174,-0.010,0.005,-0.027,24.883
25272,-0.010,-0.325,10.189,-0.010,0.004,-0.027,24.883
25282,-0.043,-0.297,10.179,-0.010,0.005,-0.027,24.949
25292,-0.043,-0.301,10.198,-0.011,0.005,-0.027,24.949
25302,-0.048,-0.301,10.184,-0.010,0.004,-0.027,24.906
25312,-0.038,-0.297,10.160,-0.010,0.004,-0.027,24.906
25322,-0.048,-0.311,10.198,-0.010,0.004,-0.027,24.836
25332,-0.029,-0.306,10.203,-0.010,0.004,-0.027,24.836
25342,-0.067,-0.321,10.184,-0.011,0.004,-0.026,24.891
25352,-0.048,-0.306,10.198,-0.011,0.005,-0.027,24.891
25362,-0.010,-0.297,10.189,-0.010,0.004,-0.027,24.906
25372,-0.024,-0.321,10.174,-0.010,0.004,-0.027,24.906
25382,-0.033,-0.311,10.174,-0.010,0.004,-0.027,24.926
25392,-0.038,-0.321,10.174,-0.009,0.004,-0.027,24.926
25402,-0.043,-0.311,10.184,-0.010,0.005,-0.027,24.910
25412,-0.048,-0.311,10.198,-0.010,0.004,-0.027,24.910
25422,-0.048,-0.325,10.184,-0.010,0.004,-0.027,24.910
25432,-0.048,-0.301,10.198,-0.010,0.004,-0.027,24.910
25442,-0.029,-0.292,10.193,-0.011,0.004,-0.027,24.906
25452,-0.019,-0.292,10.179,-0.010,0.004,-0.027,24.906
25462,-0.024,-0.321,10.169,-0.011,0.004,-0.027,24.898
25472,-0.024,-0.301,10.203,-0.010,0.004,-0.027,24.898
25482,-0.024,-0.311,10.193,-0.011,0.004,-0.027,24.852
25492,-0.048,-0.306,10.193,-0.011,0.004,-0.027,24.852
25502,-0.024,-0.325,10.193,-0.011,0.004,-0.026,24.879
25512,-0.014,-0.306,10.184,-0.010,0.005,-0.027,24.879
25522,-0.024,-0.311,10.179,-0.011,0.005,-0.026,24.914
25532,-0.019,-0.325,10.198,-0.011,0.005,-0.027,24.914
25542,-0.029,-0.321,10.184,-0.011,0.004,-0.028,24.957
25552,-0.033,-0.325,10.179,-0.010,0.005,-0.027,24.957
25562,-0.043,-0.311,10.193,-0.009,0.004,-0.027,24.895
25572,-0.048,-0.297,10.193,-0.010,0.005,-0.027,24.895
25582,-0.038,-0.306,10.198,-0.009,0.005,-0.027,24.895
25592,-0.029,-0.292,10.179,-0.010,0.005,-0.027,24.895
25602,-0.048,-0.321,10.184,-0.011,0.004,-0.027,24.883
25612,-0.029,-0.316,10.174,-0.010,0.004,-0.027,24.883
25622,-0.033,-0.306,10.193,-0.011,0.004,-0.027,24.898
25632,-0.043,-0.321,10.198,-0.010,0.005,-0.027,24.898
25642,-0.043,-0.301,10.169,-0.011,0.005,-0.027,24.855
25652,-0.043,-0.321,10.184,-0.010,0.004,-0.026,24.855
25662,-0.024,-0.335,10.193,-0.010,0.005,-0.027,24.902
25672,-0.024,-0.316,10.165,-0.010,0.004,-0.026,24.902
25682,-0.033,-0.306,10.179,-0.010,0.004,-0.027,24.922
25692,-0.014,-0.301,10.189,-0.010,0.005,-0.026,24.922
25702,-0.024,-0.301,10.179,-0.011,0.005,-0.027,24.898
25712,-0.033,-0.301,10.189,-0.011,0.004,-0.027,24.898
25722,-0.038,-0.316,10.136,-0.011,0.005,-0.027,24.957
25732,-0.024,-0.316,10.179,-0.011,0.005,-0.027,24.957
25742,-0.038,-0.297,10.203,-0.010,0.005,-0.027,24.957
25752,-0.029,-0.321,10.179,-0.010,0.005,-0.027,24.957
25762,-0.029,-0.306,10.193,-0.010,0.004,-0.027,24.953
25772,-0.029,-0.330,10.174,-0.011,0.004,-0.027,24.953
25782,-0.029,-0.330,10.174,-0.010,0.004,-0.026,24.938
25792,-0.029,-0.301,10.165,-0.010,0.004,-0.026,24.938
25802,-0.043,-0.321,10.174,-0.010,0.004,-0.027,24.863
25812,-0.038,-0.301,10.169,-0.011,0.005,-0.027,24.863
25822,-0.033,-0.311,10.189,-0.011,0.005,-0.027,24.941
25832,-0.043,-0.321,10.189,-0.011,0.005,-0.027,24.941
25842,-0.043,-0.301,10.179,-0.010,0.005,-0.027,24.922
25852,-0.029,-0.297,10.179,-0.011,0.004,-0.028,24.922
25862,-0.043,-0.316,10.169,-0.011,0.005,-0.027,24.883
25872,-0.043,-0.297,10.203,-0.011,0.004,-0.026,24.883
25892,-0.033,-0.311,10.184,-0.010,0.005,-0.027,24.871
25902,-0.033,-0.311,10.174,-0.010,0.004,-0.027,24.871
25912,-0.048,-0.301,10.193,-0.010,0.005,-0.027,24.918
25922,-0.048,-0.292,10.189,-0.010,0.004,-0.027,24.918
25932,-0.024,-0.301,10.193,-0.011,0.005,-0.027,24.934
25942,-0.014,-0.321,10.189,-0.011,0.005,-0.027,24.934
25952,-0.033,-0.311,10.184,-0.010,0.005,-0.027,24.914
25962,-0.053,-0.292,10.169,-0.011,0.005,-0.026,24.914
25972,-0.029,-0.301,10.184,-0.011,0.004,-0.027,24.906
25982,-0.038,-0.297,10.217,-0.010,0.004,-0.027,24.906
25992,-0.029,-0.311,10.189,-0.010,0.004,-0.026,24.898
26002,-0.033,-0.311,10.184,-0.011,0.005,-0.026,24.898
26012,-0.019,-0.321,10.193,-0.011,0.004,-0.026,24.918
26022,-0.038,-0.306,10.174,-0.010,0.004,-0.027,24.918
26032,-0.048,-0.306,10.189,-0.011,0.005,-0.026,24.887
26042,-0.043,-0.311,10.184,-0.011,0.005,-0.027,24.887
26052,-0.024,-0.306,10.169,-0.010,0.004,-0.027,24.922
26062,-0.019,-0.316,10.184,-0.011,0.004,-0.027,24.922
26072,-0.043,-0.306,10.174,-0.011,0.005,-0.027,24.926
26082,-0.024,-0.316,10.189,-0.010,0.004,-0.027,24.926
26092,-0.043,-0.311,10.208,-0.011,0.004,-0.027,24.906
26102,-0.048,-0.301,10.193,-0.010,0.004,-0.027,24.906
26112,-0.048,-0.321,10.189,-0.011,0.004,-0.028,24.906
26122,-0.048,-0.306,10.193,-0.010,0.004,-0.027,24.906
26132,-0.048,-0.301,10.184,-0.011,0.004,-0.027,24.918
26142,-0.048,-0.306,10.184,-0.010,0.004,-0.027,24.918
26152,-0.029,-0.311,10.169,-0.011,0.004,-0.027,24.934
26162,-0.043,-0.340,10.189,-0.010,0.004,-0.027,24.934
26172,-0.033,-0.321,10.184,-0.011,0.004,-0.027,24.910
26182,-0.024,-0.292,10.198,-0.011,0.005,-0.027,24.910
26192,-0.014,-0.301,10.179,-0.010,0.005,-0.026,24.891
26202,-0.029,-0.297,10.174,-0.010,0.004,-0.026,24.891
26212,-0.033,-0.306,10.193,-0.011,0.005,-0.027,24.914
26222,-0.029,-0.306,10.184,-0.011,0.005,-0.027,24.914
26232,-0.038,-0.306,10.169,-0.011,0.005,-0.027,24.914
26242,-0.053,-0.301,10.165,-0.011,0.005,-0.027,24.914
26252,-0.057,-0.325,10.174,-0.009,0.004,-0.027,24.918
26262,-0.043,-0.287,10.174,-0.010,0.004,-0.026,24.918
26272,-0.057,-0.306,10.184,-0.011,0.004,-0.026,24.898
26282,-0.043,-0.287,10.198,-0.011,0.005,-0.027,24.898
26292,-0.033,-0.306,10.189,-0.011,0.004,-0.027,24.914
26302,-0.010,-0.306,10.165,-0.011,0.005,-0.027,24.914
26312,-0.024,-0.311,10.193,-0.011,0.004,-0.026,24.980
26322,-0.053,-0.316,10.189,-0.011,0.004,-0.027,24.980
26332,-0.024,-0.282,10.179,-0.010,0.004,-0.027,24.898
26342,-0.038,-0.306,10.165,-0.009,0.004,-0.026,24.898
26352,-0.043,-0.297,10.150,-0.009,0.004,-0.027,24.938
26362,-0.029,-0.301,10.184,-0.010,0.004,-0.027,24.938
26372,-0.024,-0.330,10.179,-0.010,0.004,-0.027,24.930
26382,-0.038,-0.330,10.184,-0.010,0.005,-0.027,24.930
26392,-0.033,-0.311,10.165,-0.010,0.005,-0.026,24.887
26402,-0.033,-0.316,10.165,-0.010,0.004,-0.026,24.887
26412,-0.048,-0.297,10.189,-0.010,0.004,-0.027,24.957
26422,-0.038,-0.306,10.179,-0.010,0.004,-0.027,24.957
26432,-0.048,-0.287,10.184,-0.009,0.004,-0.027,24.934
26442,-0.053,-0.316,10.189,-0.010,0.005,-0.027,24.934
26452,-0.033,-0.306,10.184,-0.010,0.005,-0.027,24.965
26462,-0.029,-0.292,10.189,-0.010,0.005,-0.027,24.965
26472,-0.038,-0.311,10.184,-0.010,0.004,-0.027,24.965
26482,-0.043,-0.297,10.184,-0.010,0.005,-0.027,24.965
26492,-0.014,-0.306,10.184,-0.010,0.005,-0.027,24.926
26502,-0.019,-0.311,10.174,-0.011,0.004,-0.027,24.926
26512,-0.038,-0.297,10.179,-0.010,0.004,-0.027,24.918
26522,-0.048,-0.297,10.179,-0.010,0.005,-0.027,24.918
26532,-0.033,-0.306,10.184,-0.010,0.005,-0.026,24.934
26542,-0.033,-0.301,10.160,-0.011,0.005,-0.027,24.934
26552,-0.043,-0.311,10.179,-0.010,0.004,-0.027,24.945
26562,-0.048,-0.321,10.179,-0.010,0.004,-0.027,24.945
26572,-0.062,-0.311,10.203,-0.010,0.004,-0.027,24.949
26582,-0.043,-0.301,10.193,-0.011,0.004,-0.026,24.949
26592,-0.053,-0.301,10.193,-0.010,0.005,-0.027,24.941
26602,-0.043,-0.301,10.174,-0.010,0.005,-0.026,24.941
26612,-0.043,-0.297,10.189,-0.010,0.004,-0.027,24.930
26622,-0.014,-0.325,10.169,-0.011,0.005,-0.027,24.930
26632,-0.038,-0.311,10.189,-0.011,0.004,-0.027,24.934
26642,-0.024,-0.311,10.184,-0.010,0.005,-0.027,24.934
26652,-0.024,-0.278,10.193,-0.011,0.004,-0.027,24.969
26662,-0.029,-0.301,10.198,-0.011,0.004,-0.027,24.969
26672,-0.029,-0.325,10.193,-0.010,0.004,-0.027,24.961
26682,-0.048,-0.306,10.179,-0.010,0.004,-0.027,24.961
26692,-0.033,-0.316,10.179,-0.010,0.004,-0.027,24.973
26702,-0.053,-0.311,10.189,-0.010,0.004,-0.027,24.973
26712,-0.014,-0.321,10.184,-0.010,0.005,-0.026,24.973
26722,-0.024,-0.321,10.165,-0.011,0.004,-0.027,24.973
26732,-0.029,-0.306,10.155,-0.011,0.004,-0.027,24.949
26742,-0.033,-0.297,10.189,-0.010,0.005,-0.027,24.949
26752,-0.043,-0.311,10.179,-0.011,0.004,-0.027,24.945
26762,-0.019,-0.316,10.184,-0.010,0.004,-0.027,24.945
26772,-0.043,-0.306,10.179,-0.010,0.004,-0.027,24.930
26782,-0.024,-0.316,10.189,-0.011,0.004,-0.026,24.930
26792,-0.033,-0.316,10.184,-0.011,0.004,-0.026,24.957
26802,-0.024,-0.321,10.174,-0.011,0.005,-0.026,24.957
26812,-0.033,-0.321,10.169,-0.011,0.004,-0.027,24.949
26822,-0.033,-0.297,10.189,-0.010,0.004,-0.027,24.949
26832,-0.038,-0.301,10.165,-0.010,0.005,-0.027,24.945
26842,-0.029,-0.316,10.184,-0.010,0.005,-0.027,24.945
26852,-0.053,-0.311,10.165,-0.011,0.005,-0.027,24.953
26862,-0.048,-0.306,10.160,-0.011,0.005,-0.027,24.953
26872,-0.048,-0.306,10.189,-0.011,0.005,-0.027,24.918
26882,-0.043,-0.292,10.184,-0.010,0.004,-0.027,24.918
26892,-0.019,-0.306,10.189,-0.010,0.004,-0.027,24.980
26902,-0.038,-0.301,10.150,-0.011,0.004,-0.027,24.980
26912,-0.038,-0.287,10.160,-0.010,0.004,-0.027,25.004
26922,-0.024,-0.297,10.179,-0.010,0.004,-0.027,25.004
26932,-0.024,-0.306,10.165,-0.011,0.004,-0.027,24.922
26942,-0.038,-0.306,10.169,-0.011,0.004,-0.027,24.922
26952,-0.033,-0.301,10.179,-0.011,0.005,-0.027,24.961
26962,-0.033,-0.306,10.193,-0.010,0.004,-0.027,24.961
26972,-0.038,-0.287,10.169,-0.011,0.004,-0.027,24.934
26982,-0.033,-0.292,10.193,-0.010,0.005,-0.027,24.934
27002,-0.019,-0.311,10.174,-0.010,0.005,-0.027,24.926
27012,-0.029,-0.325,10.189,-0.010,0.004,-0.027,24.926
27022,-0.033,-0.301,10.184,-0.011,0.005,-0.027,24.961
27032,-0.019,-0.316,10.174,-0.011,0.005,-0.027,24.961
27042,-0.033,-0.311,10.160,-0.010,0.005,-0.027,24.922
27052,-0.029,-0.321,10.189,-0.011,0.004,-0.027,24.922
27062,-0.038,-0.321,10.179,-0.011,0.004,-0.027,24.980
27072,-0.033,-0.330,10.198,-0.011,0.004,-0.027,24.980
27082,-0.043,-0.316,10.174,-0.010,0.005,-0.027,24.879
27092,-0.029,-0.316,10.160,-0.011,0.005,-0.027,24.879
27102,-0.038,-0.306,10.193,-0.010,0.005,-0.027,24.969
27112,-0.029,-0.311,10.179,-0.010,0.004,-0.027,24.969
27122,-0.048,-0.301,10.184,-0.010,0.005,-0.027,24.949
27132,-0.038,-0.301,10.189,-0.010,0.004,-0.027,24.949
27142,-0.033,-0.311,10.179,-0.011,0.005,-0.027,24.926
27152,-0.033,-0.292,10.174,-0.011,0.005,-0.027,24.926
27162,-0.033,-0.316,10.179,-0.011,0.005,-0.027,24.973
27172,-0.033,-0.306,10.203,-0.010,0.005,-0.026,24.973
27182,-0.038,-0.297,10.208,-0.010,0.005,-0.027,24.965
27192,-0.029,-0.311,10.165,-0.010,0.004,-0.027,24.965
27202,-0.024,-0.306,10.198,-0.010,0.004,-0.027,24.961
27212,-0.048,-0.301,10.179,-0.011,0.004,-0.027,24.961
27222,-0.057,-0.301,10.189,-0.010,0.004,-0.027,24.926
27232,-0.029,-0.301,10.169,-0.010,0.005,-0.028,24.926
27242,-0.038,-0.321,10.174,-0.011,0.005,-0.027,24.945
27252,-0.043,-0.325,10.174,-0.011,0.004,-0.027,24.945
27262,-0.043,-0.306,10.174,-0.010,0.004,-0.026,24.961
27272,-0.029,-0.321,10.193,-0.011,0.004,-0.027,24.961
27282,-0.024,-0.301,10.198,-0.011,0.004,-0.027,24.969
27292,-0.024,-0.311,10.179,-0.010,0.004,-0.027,24.969
27302,-0.019,-0.325,10.179,-0.010,0.004,-0.027,24.922
27312,-0.038,-0.301,10.193,-0.011,0.004,-0.027,24.922
27322,-0.043,-0.306,10.193,-0.011,0.004,-0.026,24.926
27332,-0.043,-0.306,10.174,-0.011,0.004,-0.027,24.926
27342,-0.033,-0.306,10.174,-0.011,0.004,-0.027,24.934
27352,-0.038,-0.311,10.169,-0.010,0.005,-0.027,24.934
27362,-0.024,-0.311,10.189,-0.010,0.004,-0.027,24.977
27372,-0.019,-0.311,10.193,-0.010,0.004,-0.027,24.977
27382,-0.029,-0.306,10.193,-0.010,0.005,-0.027,24.938
27392,-0.043,-0.306,10.189,-0.010,0.004,-0.027,24.938
27402,-0.038,-0.306,10.169,-0.010,0.005,-0.027,24.980
27412,-0.024,-0.316,10.169,-0.010,0.005,-0.027,24.980
27422,-0.057,-0.297,10.160,-0.010,0.004,-0.026,24.949
27432,-0.048,-0.325,10.160,-0.011,0.004,-0.027,24.949
27442,-0.053,-0.325,10.189,-0.010,0.006,-0.027,24.992
27452,-0.043,-0.311,10.179,-0.010,0.005,-0.026,24.992
27462,-0.043,-0.306,10.189,-0.010,0.004,-0.027,24.961
27472,-0.048,-0.316,10.184,-0.011,0.004,-0.026,24.961
27482,-0.053,-0.301,10.189,-0.010,0.004,-0.027,24.965
27492,-0.033,-0.292,10.174,-0.010,0.004,-0.027,24.965
27502,-0.043,-0.306,10.174,-0.011,0.004,-0.027,24.953
27512,-0.033,-0.321,10.169,-0.011,0.004,-0.027,24.953
27522,-0.043,-0.306,10.193,-0.010,0.004,-0.027,24.977
27532,-0.019,-0.301,10.179,-0.010,0.004,-0.027,24.977
27542,-0.062,-0.311,10.184,-0.010,0.005,-0.028,24.938
27552,-0.048,-0.306,10.203,-0.010,0.004,-0.026,24.938
27562,-0.043,-0.301,10.203,-0.010,0.005,-0.026,24.973
27572,-0.038,-0.325,10.184,-0.010,0.004,-0.026,24.973
27582,-0.053,-0.316,10.174,-0.010,0.004,-0.027,24.992
27592,-0.038,-0.306,10.193,-0.011,0.005,-0.027,24.992
27602,-0.043,-0.301,10.184,-0.010,0.005,-0.027,24.934
27612,-0.048,-0.311,10.179,-0.010,0.004,-0.027,24.934
27622,-0.010,-0.301,10.165,-0.010,0.005,-0.027,24.938
27632,-0.019,-0.306,10.179,-0.010,0.004,-0.027,24.938
27642,-0.038,-0.330,10.174,-0.010,0.004,-0.026,24.945
27652,-0.024,-0.301,10.179,-0.011,0.005,-0.026,24.945
27662,-0.043,-0.340,10.165,-0.010,0.004,-0.026,24.914
27672,-0.038,-0.335,10.193,-0.010,0.005,-0.026,24.914
27682,-0.038,-0.301,10.184,-0.011,0.005,-0.027,24.934
27692,-0.043,-0.316,10.179,-0.011,0.005,-0.027,24.934
27702,-0.024,-0.292,10.193,-0.010,0.004,-0.027,24.992
27712,-0.010,-0.306,10.193,-0.011,0.005,-0.026,24.992
27722,-0.048,-0.311,10.184,-0.011,0.005,-0.026,24.969
27732,-0.033,-0.321,10.179,-0.011,0.004,-0.027,24.969
27742,-0.043,-0.297,10.179,-0.011,0.004,-0.027,24.973
27752,-0.043,-0.311,10.193,-0.009,0.004,-0.027,24.973
27762,-0.043,-0.316,10.193,-0.011,0.004,-0.027,24.926
27772,-0.057,-0.316,10.179,-0.010,0.005,-0.027,24.926
27782,-0.038,-0.306,10.174,-0.010,0.005,-0.027,24.977
27792,-0.038,-0.301,10.193,-0.011,0.005,-0.027,24.977
27802,-0.029,-0.316,10.198,-0.010,0.004,-0.027,24.992
27812,-0.043,-0.287,10.198,-0.009,0.005,-0.027,24.992
27822,-0.048,-0.311,10.160,-0.010,0.005,-0.026,24.949
27832,-0.024,-0.316,10.184,-0.011,0.005,-0.026,24.949
27842,-0.033,-0.321,10.165,-0.011,0.005,-0.026,24.977
27852,-0.033,-0.306,10.179,-0.011,0.004,-0.027,24.977
27862,-0.029,-0.316,10.179,-0.010,0.004,-0.027,24.926
27872,-0.038,-0.301,10.184,-0.011,0.004,-0.027,24.926
27882,-0.024,-0.292,10.179,-0.010,0.004,-0.027,24.980
27892,-0.053,-0.301,10.165,-0.010,0.004,-0.026,24.980
27902,-0.048,-0.297,10.169,-0.010,0.004,-0.027,24.914
27912,-0.053,-0.321,10.179,-0.010,0.005,-0.027,24.914
27922,-0.043,-0.325,10.179,-0.010,0.005,-0.027,24.969
27932,-0.043,-0.301,10.160,-0.010,0.004,-0.026,24.969
27942,-0.033,-0.301,10.165,-0.010,0.004,-0.027,24.980
27952,-0.029,-0.311,10.179,-0.010,0.004,-0.027,24.980
27962,-0.029,-0.321,10.155,-0.011,0.004,-0.027,24.969
27972,-0.038,-0.292,10.184,-0.011,0.005,-0.027,24.969
27982,-0.038,-0.311,10.179,-0.011,0.004,-0.027,24.988
27992,-0.043,-0.311,10.169,-0.010,0.005,-0.027,24.988
28002,-0.029,-0.316,10.184,-0.010,0.005,-0.027,24.957
28012,-0.033,-0.301,10.174,-0.011,0.005,-0.027,24.957
28022,-0.038,-0.311,10.174,-0.010,0.004,-0.027,24.973
28032,-0.043,-0.311,10.174,-0.011,0.004,-0.027,24.973
28042,-0.038,-0.325,10.179,-0.010,0.004,-0.027,24.977
28052,-0.024,-0.311,10.193,-0.010,0.004,-0.027,24.977
28062,-0.024,-0.301,10.169,-0.011,0.004,-0.027,24.953
28072,-0.019,-0.301,10.150,-0.011,0.004,-0.026,24.953
28082,-0.038,-0.292,10.179,-0.011,0.004,-0.027,24.961
28092,-0.043,-0.321,10.203,-0.011,0.004,-0.027,24.961
28102,-0.005,-0.306,10.189,-0.010,0.004,-0.027,24.969
28122,-0.014,-0.297,10.179,-0.010,0.005,-0.027,25.000
28132,-0.033,-0.306,10.165,-0.011,0.005,-0.027,24.984
28142,-0.053,-0.301,10.174,-0.010,0.004,-0.027,24.984
28152,-0.024,-0.297,10.189,-0.011,0.004,-0.027,24.980
28162,-0.048,-0.292,10.179,-0.010,0.004,-0.027,24.980
28172,-0.029,-0.316,10.179,-0.010,0.005,-0.027,24.992
28182,-0.014,-0.297,10.189,-0.010,0.004,-0.027,24.992
28192,-0.010,-0.306,10.169,-0.010,0.004,-0.027,24.984
28202,-0.043,-0.301,10.184,-0.011,0.004,-0.027,24.984
28212,-0.048,-0.301,10.174,-0.011,0.004,-0.027,24.973
28222,-0.038,-0.340,10.184,-0.010,0.004,-0.026,24.973
28232,-0.029,-0.325,10.165,-0.010,0.005,-0.026,24.965
28242,-0.043,-0.321,10.174,-0.011,0.005,-0.027,24.965
28252,-0.043,-0.321,10.198,-0.011,0.005,-0.026,24.930
28262,-0.029,-0.316,10.184,-0.011,0.006,-0.026,24.930
28272,-0.029,-0.321,10.179,-0.011,0.005,-0.027,24.992
28282,-0.033,-0.301,10.193,-0.011,0.005,-0.027,24.992
28292,-0.048,-0.330,10.189,-0.011,0.005,-0.027,24.969
28302,-0.033,-0.311,10.179,-0.010,0.004,-0.027,24.969
28312,-0.029,-0.335,10.169,-0.010,0.004,-0.027,24.988
28322,-0.029,-0.306,10.203,-0.011,0.005,-0.027,24.988
28332,-0.033,-0.292,10.193,-0.010,0.005,-0.027,24.969
28342,-0.048,-0.316,10.160,-0.010,0.005,-0.027,24.969
28352,-0.029,-0.301,10.184,-0.011,0.005,-0.027,24.961
28362,-0.024,-0.301,10.174,-0.010,0.005,-0.026,24.961
28372,-0.029,-0.311,10.160,-0.010,0.004,-0.026,24.973
28382,-0.024,-0.287,10.179,-0.010,0.005,-0.027,24.973
28392,-0.038,-0.316,10.160,-0.010,0.004,-0.027,24.984
28402,-0.014,-0.306,10.179,-0.010,0.005,-0.027,24.984
28412,-0.033,-0.306,10.169,-0.011,0.005,-0.027,24.965
28422,-0.024,-0.292,10.174,-0.011,0.005,-0.027,24.965
28432,-0.010,-0.311,10.189,-0.010,0.004,-0.026,24.961
28442,-0.029,-0.301,10.169,-0.010,0.005,-0.027,24.961
28452,-0.029,-0.311,10.179,-0.010,0.005,-0.027,25.008
28462,-0.029,-0.325,10.179,-0.010,0.004,-0.027,25.008
28472,-0.043,-0.306,10.184,-0.010,0.004,-0.027,24.969
28482,-0.038,-0.301,10.184,-0.010,0.005,-0.027,24.969
28492,-0.038,-0.316,10.179,-0.010,0.004,-0.027,24.992
28502,-0.053,-0.311,10.169,-0.010,0.005,-0.026,24.992
28512,-0.043,-0.306,10.193,-0.011,0.005,-0.026,25.000
28522,-0.038,-0.325,10.179,-0.011,0.004,-0.027,25.000
28532,-0.043,-0.311,10.169,-0.011,0.004,-0.027,24.941
28542,-0.038,-0.306,10.179,-0.010,0.005,-0.027,24.941
28552,-0.048,-0.306,10.184,-0.011,0.004,-0.027,24.992
28562,-0.010,-0.297,10.189,-0.010,0.005,-0.026,24.992
28572,-0.043,-0.301,10.160,-0.010,0.004,-0.027,25.008
28582,-0.053,-0.330,10.184,-0.011,0.004,-0.027,25.008
28592,-0.048,-0.321,10.169,-0.010,0.005,-0.027,25.004
28602,-0.024,-0.316,10.189,-0.011,0.004,-0.027,25.004
28612,-0.038,-0.311,10.174,-0.010,0.004,-0.027,24.980
28622,-0.038,-0.321,10.184,-0.010,0.004,-0.027,24.980
28632,-0.014,-0.325,10.189,-0.010,0.004,-0.027,24.988
28642,-0.033,-0.301,10.184,-0.011,0.005,-0.027,24.988
28652,-0.033,-0.301,10.174,-0.011,0.004,-0.027,24.965
28662,-0.029,-0.330,10.189,-0.011,0.004,-0.027,24.965
28672,-0.043,-0.311,10.169,-0.011,0.005,-0.027,24.973
28682,-0.048,-0.301,10.184,-0.010,0.005,-0.027,24.973
28692,-0.029,-0.297,10.179,-0.011,0.005,-0.026,24.980
28702,-0.029,-0.316,10.198,-0.011,0.004,-0.027,24.980
28712,-0.019,-0.278,10.198,-0.011,0.005,-0.026,24.965
28722,-0.038,-0.301,10.169,-0.011,0.005,-0.027,24.965
28732,-0.019,-0.306,10.174,-0.010,0.004,-0.027,25.027
28742,-0.043,-0.301,10.174,-0.011,0.005,-0.027,25.027
28752,-0.048,-0.316,10.150,-0.011,0.005,-0.027,25.047
28762,-0.067,-0.311,10.174,-0.011,0.005,-0.026,25.047
28772,-0.038,-0.297,10.179,-0.010,0.004,-0.027,24.969
28782,-0.038,-0.321,10.184,-0.010,0.005,-0.027,24.969
28792,-0.029,-0.335,10.189,-0.010,0.005,-0.027,24.938
28802,-0.033,-0.311,10.179,-0.010,0.005,-0.026,24.938
28812,-0.033,-0.306,10.165,-0.010,0.005,-0.026,24.969
28822,-0.043,-0.273,10.184,-0.009,0.005,-0.027,24.969
28832,-0.029,-0.316,10.184,-0.010,0.005,-0.027,24.938
28842,-0.019,-0.301,10.174,-0.010,0.005,-0.027,24.938
28852,-0.010,-0.311,10.193,-0.011,0.005,-0.027,25.000
28862,-0.014,-0.316,10.179,-0.010,0.004,-0.027,25.000
28872,-0.024,-0.297,10.179,-0.010,0.004,-0.027,24.980
28882,-0.038,-0.301,10.174,-0.010,0.005,-0.027,24.980
28892,-0.043,-0.316,10.174,-0.010,0.004,-0.027,24.977
28902,-0.033,-0.306,10.189,-0.010,0.005,-0.027,24.977
28912,-0.033,-0.306,10.169,-0.011,0.005,-0.027,25.008
28922,-0.019,-0.311,10.174,-0.011,0.005,-0.027,25.008
28932,-0.014,-0.325,10.179,-0.011,0.005,-0.027,25.031
28942,-0.053,-0.316,10.174,-0.011,0.005,-0.027,25.031
28952,-0.014,-0.316,10.184,-0.010,0.005,-0.027,24.988
28962,-0.043,-0.316,10.198,-0.010,0.002,-0.028,24.988
28972,-0.053,-0.316,10.160,-0.010,0.005,-0.026,25.027
28982,-0.038,-0.301,10.169,-0.011,0.005,-0.027,25.027
28992,-0.014,-0.330,10.189,-0.011,0.004,-0.027,25.000
29002,-0.029,-0.321,10.179,-0.010,0.005,-0.027,25.000
29012,-0.043,-0.301,10.179,-0.010,0.004,-0.027,25.012
29022,-0.048,-0.301,10.189,-0.010,0.005,-0.027,25.012
29032,-0.024,-0.287,10.169,-0.010,0.005,-0.027,24.977
29042,-0.019,-0.301,10.198,-0.009,0.004,-0.027,24.977
29052,-0.029,-0.278,10.174,-0.010,0.005,-0.027,24.957
29062,-0.024,-0.301,10.189,-0.011,0.005,-0.027,24.957
29072,-0.029,-0.311,10.174,-0.010,0.005,-0.027,25.008
29082,-0.019,-0.301,10.169,-0.010,0.004,-0.027,25.008
29092,-0.024,-0.306,10.174,-0.010,0.005,-0.027,25.004
29102,-0.014,-0.330,10.184,-0.010,0.005,-0.027,25.004
29112,-0.033,-0.316,10.179,-0.010,0.005,-0.027,25.016
29122,-0.048,-0.311,10.174,-0.010,0.004,-0.027,25.016
29132,-0.038,-0.301,10.169,-0.010,0.004,-0.027,24.965
29142,-0.024,-0.321,10.165,-0.010,0.005,-0.027,24.965
29152,-0.014,-0.321,10.174,-0.010,0.005,-0.027,25.000
29162,-0.019,-0.306,10.184,-0.011,0.005,-0.027,25.000
29172,-0.043,-0.316,10.179,-0.010,0.005,-0.026,24.977
29182,-0.043,-0.311,10.179,-0.010,0.004,-0.027,24.977
29192,-0.053,-0.335,10.193,-0.010,0.005,-0.027,25.000
29202,-0.033,-0.316,10.179,-0.010,0.005,-0.027,25.000
29212,-0.043,-0.301,10.184,-0.010,0.005,-0.027,25.000
29222,-0.043,-0.311,10.169,-0.010,0.004,-0.027,24.988
29242,-0.067,-0.292,10.169,-0.010,0.004,-0.027,24.977
29252,-0.010,-0.316,10.169,-0.010,0.004,-0.027,24.977
29262,-0.029,-0.311,10.160,-0.010,0.004,-0.027,25.000
29272,-0.033,-0.297,10.174,-0.011,0.005,-0.027,25.000
29282,-0.029,-0.316,10.179,-0.011,0.005,-0.027,25.008
29292,-0.014,-0.306,10.189,-0.010,0.004,-0.026,25.008
29302,-0.048,-0.316,10.184,-0.010,0.004,-0.027,25.004
29312,-0.014,-0.306,10.198,-0.011,0.004,-0.027,25.004
29322,-0.033,-0.311,10.184,-0.010,0.004,-0.026,24.988
29332,-0.024,-0.301,10.165,-0.010,0.004,-0.027,24.988
29342,-0.043,-0.297,10.179,-0.011,0.005,-0.027,25.000
29352,-0.033,-0.306,10.179,-0.010,0.005,-0.027,25.000
29362,-0.053,-0.311,10.184,-0.010,0.005,-0.027,25.055
29372,-0.029,-0.316,10.169,-0.010,0.004,-0.027,25.055
29382,-0.024,-0.311,10.169,-0.011,0.005,-0.027,25.020
29392,-0.019,-0.311,10.179,-0.010,0.004,-0.026,25.020
29402,-0.029,-0.301,10.189,-0.011,0.005,-0.026,25.008
29412,-0.057,-0.325,10.169,-0.011,0.005,-0.027,25.008
29422,-0.038,-0.325,10.184,-0.010,0.004,-0.027,24.969
29432,-0.014,-0.306,10.169,-0.011,0.004,-0.027,24.969
29442,-0.033,-0.306,10.174,-0.011,0.004,-0.026,24.996
29452,-0.024,-0.316,10.174,-0.010,0.005,-0.027,24.996
29462,-0.038,-0.306,10.174,-0.011,0.005,-0.027,24.973
29472,-0.029,-0.316,10.174,-0.011,0.004,-0.027,24.973
29482,-0.048,-0.306,10.189,-0.010,0.005,-0.026,25.043
29492,-0.029,-0.321,10.198,-0.010,0.004,-0.027,25.043
29502,-0.043,-0.321,10.165,-0.010,0.004,-0.027,25.016
29512,-0.029,-0.301,10.165,-0.010,0.005,-0.026,25.016
29522,-0.043,-0.311,10.179,-0.011,0.005,-0.027,25.012
29532,-0.024,-0.306,10.198,-0.010,0.004,-0.027,25.012
29542,-0.043,-0.321,10.184,-0.010,0.004,-0.027,25.000
29552,-0.019,-0.316,10.160,-0.010,0.004,-0.027,25.000
29562,-0.029,-0.321,10.174,-0.010,0.004,-0.028,24.980
29572,-0.038,-0.306,10.160,-0.010,0.005,-0.027,24.980
29582,-0.038,-0.306,10.174,-0.010,0.005,-0.027,25.000
29592,-0.048,-0.301,10.169,-0.011,0.004,-0.027,25.000
29602,-0.014,-0.316,10.174,-0.010,0.004,-0.027,25.000
29612,-0.043,-0.306,10.155,-0.011,0.004,-0.027,25.000
29622,-0.057,-0.301,10.189,-0.010,0.005,-0.026,24.992
29632,-0.024,-0.321,10.189,-0.010,0.004,-0.027,24.992
29642,-0.019,-0.316,10.160,-0.011,0.005,-0.027,25.023
29652,-0.029,-0.292,10.165,-0.011,0.005,-0.026,25.023
29662,-0.029,-0.311,10.169,-0.010,0.005,-0.027,25.000
29672,-0.019,-0.330,10.179,-0.010,0.005,-0.027,25.000
29682,-0.053,-0.316,10.174,-0.011,0.004,-0.027,25.008
29692,-0.048,-0.301,10.174,-0.011,0.005,-0.027,25.008
29702,-0.019,-0.306,10.189,-0.010,0.005,-0.026,25.000
29712,-0.014,-0.311,10.155,-0.010,0.005,-0.026,25.000
29722,-0.048,-0.316,10.179,-0.011,0.004,-0.027,25.016
29732,-0.043,-0.301,10.169,-0.010,0.005,-0.027,25.016
29742,-0.014,-0.297,10.184,-0.010,0.005,-0.027,25.043
29752,-0.024,-0.297,10.165,-0.011,0.005,-0.027,25.043
29762,-0.014,-0.325,10.179,-0.010,0.005,-0.027,24.977
29772,-0.043,-0.301,10.169,-0.010,0.004,-0.027,24.977
29782,-0.029,-0.301,10.179,-0.010,0.004,-0.026,25.000
29792,-0.014,-0.306,10.189,-0.010,0.005,-0.026,25.000
29802,-0.043,-0.311,10.179,-0.010,0.005,-0.027,24.992
29812,-0.010,-0.306,10.179,-0.011,0.005,-0.027,24.992
29822,-0.033,-0.301,10.179,-0.011,0.005,-0.027,24.980
29832,-0.033,-0.306,10.174,-0.010,0.005,-0.026,24.980
29842,-0.038,-0.306,10.179,-0.010,0.004,-0.027,25.004
29852,-0.038,-0.287,10.193,-0.011,0.005,-0.026,25.004
29862,-0.048,-0.325,10.169,-0.011,0.005,-0.026,25.039
29872,-0.019,-0.297,10.174,-0.010,0.005,-0.026,25.039
29882,-0.033,-0.321,10.184,-0.010,0.004,-0.027,25.000
29892,-0.029,-0.316,10.189,-0.010,0.005,-0.027,25.000
29902,-0.048,-0.306,10.165,-0.010,0.004,-0.027,25.035
29912,-0.010,-0.311,10.179,-0.010,0.004,-0.027,25.035
29922,-0.029,-0.306,10.165,-0.010,0.004,-0.027,24.957
29932,-0.029,-0.311,10.174,-0.010,0.005,-0.026,24.957
29942,-0.048,-0.301,10.179,-0.011,0.005,-0.026,25.023
29952,-0.019,-0.306,10.184,-0.009,0.004,-0.027,25.023
29962,-0.014,-0.316,10.169,-0.010,0.004,-0.027,24.973
29972,-0.029,-0.311,10.179,-0.010,0.005,-0.026,24.973
29982,-0.043,-0.297,10.155,-0.010,0.004,-0.026,24.957
29992,-0.014,-0.321,10.184,-0.010,0.005,-0.027,24.957
30002,-0.038,-0.301,10.179,-0.010,0.005,-0.027,25.020
30012,-0.019,-0.297,10.155,-0.010,0.004,-0.028,25.020
30022,-0.053,-0.311,10.165,-0.010,0.004,-0.028,24.988
30032,-0.024,-0.282,10.184,-0.010,0.004,-0.027,24.988
30042,-0.038,-0.316,10.165,-0.011,0.004,-0.027,25.039
30052,-0.029,-0.306,10.174,-0.010,0.005,-0.027,25.039
30062,-0.029,-0.297,10.189,-0.010,0.005,-0.027,25.055
30072,-0.014,-0.306,10.174,-0.010,0.005,-0.027,25.055
30082,-0.019,-0.325,10.165,-0.010,0.004,-0.027,25.008
30092,-0.019,-0.311,10.193,-0.009,0.004,-0.027,25.008
30102,-0.048,-0.306,10.184,-0.011,0.005,-0.027,25.051
30112,-0.033,-0.311,10.184,-0.010,0.005,-0.027,25.051
30122,-0.005,-0.311,10.189,-0.010,0.004,-0.027,24.996
30132,-0.038,-0.306,10.174,-0.010,0.004,-0.027,24.996
30142,-0.038,-0.316,10.179,-0.010,0.004,-0.027,25.012
30152,-0.033,-0.297,10.174,-0.010,0.005,-0.027,25.012
30162,-0.048,-0.321,10.174,-0.010,0.005,-0.027,24.965
30172,-0.029,-0.321,10.165,-0.010,0.005,-0.026,24.965
30182,-0.019,-0.301,10.184,-0.010,0.004,-0.027,24.969
30192,-0.024,-0.306,10.165,-0.010,0.004,-0.027,24.969
30202,-0.029,-0.287,10.179,-0.010,0.005,-0.026,24.984
30212,-0.024,-0.287,10.174,-0.010,0.005,-0.026,24.984
30222,-0.033,-0.306,10.160,-0.010,0.005,-0.027,25.016
30232,-0.033,-0.316,10.169,-0.011,0.004,-0.027,25.016
30242,-0.029,-0.301,10.184,-0.010,0.005,-0.026,25.008
30252,-0.048,-0.306,10.165,-0.011,0.005,-0.027,25.008
30262,-0.019,-0.306,10.179,-0.010,0.005,-0.026,25.000
30272,-0.029,-0.316,10.174,-0.010,0.005,-0.027,25.000
30282,-0.033,-0.316,10.189,-0.011,0.004,-0.027,25.000
30292,-0.038,-0.311,10.193,-0.010,0.004,-0.027,25.000
30302,-0.024,-0.301,10.169,-0.010,0.005,-0.027,25.004
30312,-0.019,-0.311,10.179,-0.010,0.005,-0.026,25.004
30322,-0.038,-0.297,10.184,-0.011,0.005,-0.027,24.996
30332,-0.014,-0.306,10.169,-0.010,0.005,-0.027,24.996
30352,-0.033,-0.325,10.169,-0.010,0.004,-0.027,25.000
30362,-0.019,-0.306,10.179,-0.011,0.005,-0.027,25.000
30372,-0.043,-0.325,10.169,-0.011,0.005,-0.026,24.996
30382,-0.019,-0.316,10.169,-0.011,0.004,-0.027,24.996
30392,-0.038,-0.292,10.179,-0.012,0.005,-0.027,25.000
30402,-0.014,-0.316,10.169,-0.011,0.004,-0.027,25.000
30412,-0.019,-0.325,10.169,-0.011,0.004,-0.027,25.023
30422,-0.038,-0.316,10.174,-0.011,0.005,-0.027,25.023
30432,-0.024,-0.306,10.169,-0.010,0.004,-0.026,25.000
30442,-0.010,-0.306,10.208,-0.011,0.005,-0.026,25.000
30452,-0.024,-0.316,10.198,-0.011,0.004,-0.027,25.023
30462,-0.024,-0.292,10.150,-0.010,0.004,-0.027,25.023
30472,-0.038,-0.316,10.174,-0.010,0.004,-0.027,25.000
30482,-0.033,-0.311,10.189,-0.011,0.005,-0.027,25.000
30492,-0.029,-0.306,10.174,-0.011,0.005,-0.027,24.965
30502,-0.038,-0.292,10.160,-0.011,0.004,-0.027,24.965
30512,-0.038,-0.306,10.165,-0.010,0.004,-0.026,25.008
30522,-0.033,-0.316,10.169,-0.010,0.004,-0.026,25.008
30532,-0.029,-0.325,10.165,-0.011,0.005,-0.026,24.984
30542,-0.048,-0.306,10.184,-0.011,0.004,-0.026,24.984
30552,-0.019,-0.297,10.155,-0.011,0.005,-0.026,25.000
30562,-0.048,-0.306,10.169,-0.010,0.005,-0.026,25.000
30572,-0.043,-0.297,10.174,-0.010,0.004,-0.027,25.012
30582,-0.067,-0.297,10.174,-0.011,0.004,-0.026,25.012
30592,-0.029,-0.316,10.189,-0.011,0.004,-0.026,25.035
30602,-0.057,-0.325,10.174,-0.010,0.004,-0.027,25.035
30612,-0.038,-0.335,10.184,-0.011,0.004,-0.027,25.027
30622,-0.043,-0.330,10.184,-0.010,0.005,-0.027,25.027
30632,-0.033,-0.316,10.165,-0.010,0.004,-0.027,24.996
30642,-0.053,-0.306,10.184,-0.010,0.004,-0.027,24.996
30652,-0.005,-0.278,10.169,-0.010,0.005,-0.027,24.988
30662,-0.019,-0.316,10.165,-0.010,0.004,-0.027,24.988
30672,-0.005,-0.301,10.179,-0.010,0.004,-0.026,25.008
30682,-0.043,-0.316,10.160,-0.011,0.004,-0.026,25.008
30692,-0.043,-0.340,10.174,-0.011,0.002,-0.027,25.047
30702,-0.043,-0.325,10.189,-0.010,0.004,-0.027,25.047
30712,-0.043,-0.316,10.179,-0.010,0.005,-0.027,25.000
30722,-0.038,-0.311,10.179,-0.011,0.005,-0.027,25.000
30732,-0.033,-0.297,10.155,-0.011,0.005,-0.027,25.023
30742,-0.038,-0.306,10.169,-0.011,0.004,-0.027,25.023
30752,-0.024,-0.306,10.198,-0.010,0.004,-0.027,25.008
30762,-0.038,-0.311,10.150,-0.011,0.004,-0.027,25.008
30772,-0.019,-0.301,10.169,-0.011,0.004,-0.027,25.031
30782,-0.029,-0.325,10.189,-0.010,0.005,-0.027,25.031
30792,-0.024,-0.306,10.174,-0.011,0.005,-0.027,25.000
30802,-0.014,-0.325,10.169,-0.010,0.005,-0.027,25.000
30812,-0.038,-0.311,10.169,-0.010,0.005,-0.026,25.008
30822,-0.038,-0.301,10.174,-0.011,0.005,-0.027,25.008
30832,-0.038,-0.301,10.179,-0.011,0.005,-0.027,25.012
30842,-0.053,-0.301,10.184,-0.011,0.005,-0.027,25.012
30852,-0.029,-0.325,10.174,-0.011,0.005,-0.027,25.074
30862,-0.024,-0.301,10.174,-0.011,0.005,-0.027,25.074
30872,-0.019,-0.297,10.184,-0.010,0.004,-0.028,25.035
30882,-0.019,-0.292,10.174,-0.010,0.005,-0.026,25.035
30892,-0.029,-0.321,10.160,-0.011,0.004,-0.027,24.992
30902,-0.048,-0.306,10.174,-0.010,0.005,-0.027,24.992
30912,-0.033,-0.325,10.189,-0.010,0.005,-0.027,25.020
30922,-0.033,-0.311,10.189,-0.011,0.005,-0.027,25.020
30932,-0.019,-0.311,10.160,-0.010,0.005,-0.026,25.004
30942,-0.043,-0.335,10.165,-0.011,0.004,-0.027,25.004
30952,-0.048,-0.306,10.165,-0.011,0.005,-0.027,24.992
30962,-0.014,-0.301,10.160,-0.011,0.005,-0.027,24.992
30972,-0.029,-0.301,10.203,-0.011,0.005,-0.026,25.070
30982,-0.019,-0.301,10.174,-0.011,0.004,-0.027,25.070
30992,-0.014,-0.297,10.146,-0.010,0.004,-0.027,25.043
31002,-0.010,-0.321,10.155,-0.010,0.005,-0.028,25.043
31012,-0.024,-0.316,10.198,-0.010,0.004,-0.027,25.027
31022,-0.053,-0.306,10.174,-0.011,0.005,-0.026,25.027
31032,-0.033,-0.306,10.174,-0.011,0.005,-0.027,25.000
31042,-0.005,-0.306,10.189,-0.011,0.005,-0.026,25.000
31052,-0.024,-0.311,10.193,-0.011,0.005,-0.027,25.000
31062,-0.019,-0.301,10.174,-0.010,0.005,-0.028,25.000
31072,-0.048,-0.321,10.179,-0.010,0.004,-0.027,25.008
31082,-0.033,-0.311,10.165,-0.010,0.005,-0.027,25.008
31092,-0.029,-0.311,10.160,-0.011,0.004,-0.027,25.008
31102,-0.019,-0.306,10.184,-0.010,0.005,-0.026,25.008
31112,-0.024,-0.316,10.174,-0.011,0.004,-0.027,25.012
31122,-0.033,-0.297,10.155,-0.010,0.005,-0.027,25.012
31132,-0.029,-0.297,10.174,-0.010,0.004,-0.027,25.039
31142,-0.019,-0.306,10.165,-0.010,0.005,-0.027,25.039
31152,-0.033,-0.311,10.189,-0.011,0.004,-0.027,25.043
31162,-0.048,-0.306,10.165,-0.010,0.005,-0.027,25.043
31172,-0.053,-0.325,10.169,-0.010,0.005,-0.027,25.004
31182,-0.029,-0.311,10.184,-0.010,0.005,-0.027,25.004
31192,-0.029,-0.321,10.179,-0.010,0.004,-0.027,25.035
31202,-0.033,-0.311,10.155,-0.011,0.005,-0.027,25.035
31212,-0.005,-0.306,10.179,-0.011,0.005,-0.027,25.047
31222,-0.048,-0.316,10.179,-0.010,0.005,-0.027,25.047
31232,-0.048,-0.325,10.184,-0.010,0.005,-0.026,25.004
31242,-0.038,-0.325,10.174,-0.010,0.005,-0.027,25.004
31252,-0.010,-0.321,10.169,-0.011,0.005,-0.027,25.039
31262,-0.024,-0.301,10.174,-0.011,0.005,-0.027,25.039
31272,-0.024,-0.311,10.179,-0.010,0.004,-0.027,25.016
31282,-0.029,-0.301,10.184,-0.010,0.005,-0.027,25.016
31292,-0.024,-0.301,10.179,-0.011,0.005,-0.026,25.008
31302,-0.033,-0.306,10.179,-0.011,0.005,-0.027,25.008
31312,-0.048,-0.306,10.165,-0.010,0.005,-0.026,25.012
31322,-0.043,-0.325,10.155,-0.010,0.005,-0.026,25.012
31332,-0.029,-0.282,10.184,-0.011,0.005,-0.027,25.074
31342,-0.024,-0.301,10.189,-0.010,0.005,-0.027,25.074
31352,-0.029,-0.306,10.174,-0.009,0.004,-0.027,25.023
31362,-0.029,-0.321,10.189,-0.010,0.004,-0.027,25.023
31372,0.000,-0.306,10.198,-0.011,0.005,-0.027,25.000
31382,-0.043,-0.311,10.160,-0.011,0.004,-0.027,25.000
31392,-0.010,-0.316,10.165,-0.011,0.004,-0.026,25.023
31402,-0.019,-0.316,10.193,-0.011,0.005,-0.028,25.023
31412,-0.048,-0.301,10.160,-0.011,0.005,-0.027,25.059
31422,-0.024,-0.321,10.169,-0.010,0.004,-0.026,25.059
31432,-0.038,-0.316,10.174,-0.010,0.005,-0.027,25.031
31442,-0.033,-0.301,10.160,-0.010,0.005,-0.026,25.031
31452,-0.033,-0.306,10.184,-0.010,0.005,-0.026,25.023
31462,-0.043,-0.311,10.174,-0.011,0.005,-0.027,25.023
31472,-0.029,-0.306,10.189,-0.010,0.004,-0.027,25.012
31492,-0.033,-0.311,10.174,-0.010,0.005,-0.027,24.984
31502,-0.043,-0.321,10.174,-0.011,0.005,-0.026,25.004
31512,-0.029,-0.330,10.174,-0.011,0.004,-0.026,25.004
31522,-0.043,-0.330,10.189,-0.010,0.005,-0.026,25.043
31532,-0.024,-0.321,10.184,-0.010,0.004,-0.027,25.043
31542,-0.043,-0.330,10.174,-0.010,0.005,-0.027,25.055
31552,-0.043,-0.321,10.174,-0.010,0.005,-0.027,25.055
31562,-0.029,-0.311,10.189,-0.010,0.004,-0.027,25.082
31572,-0.038,-0.301,10.179,-0.010,0.005,-0.026,25.082
31582,0.005,-0.325,10.160,-0.011,0.005,-0.027,25.031
31592,-0.029,-0.306,10.184,-0.010,0.005,-0.027,25.031
31602,-0.038,-0.316,10.165,-0.010,0.005,-0.026,25.047
31612,-0.019,-0.306,10.174,-0.010,0.004,-0.027,25.047
31622,-0.029,-0.316,10.169,-0.011,0.005,-0.027,25.004
31632,-0.053,-0.340,10.184,-0.010,0.005,-0.027,25.004
31642,-0.019,-0.316,10.174,-0.011,0.005,-0.027,25.008
31652,-0.024,-0.301,10.193,-0.011,0.005,-0.027,25.008
31662,-0.033,-0.311,10.179,-0.010,0.005,-0.027,25.055
31672,-0.038,-0.292,10.179,-0.011,0.004,-0.027,25.055
31682,-0.033,-0.325,10.184,-0.010,0.005,-0.027,25.012
31692,-0.043,-0.330,10.179,-0.011,0.004,-0.027,25.012
31702,-0.014,-0.325,10.203,-0.010,0.004,-0.027,25.055
31712,-0.048,-0.330,10.179,-0.010,0.004,-0.027,25.055
31722,-0.029,-0.316,10.184,-0.010,0.004,-0.027,25.031
31732,-0.014,-0.301,10.174,-0.011,0.005,-0.026,25.031
31742,-0.048,-0.306,10.179,-0.010,0.004,-0.027,25.020
31752,-0.024,-0.282,10.179,-0.010,0.004,-0.027,25.020
31762,-0.038,-0.306,10.193,-0.011,0.004,-0.026,25.031
31772,-0.043,-0.292,10.165,-0.010,0.005,-0.027,25.031
31782,-0.077,-0.316,10.150,-0.010,0.004,-0.027,25.047
31792,-0.029,-0.321,10.184,-0.011,0.004,-0.027,25.047
31802,-0.014,-0.301,10.179,-0.010,0.005,-0.027,25.074
31812,-0.029,-0.301,10.184,-0.010,0.004,-0.027,25.074
31822,-0.029,-0.316,10.184,-0.010,0.004,-0.027,25.027
31832,-0.014,-0.282,10.193,-0.010,0.004,-0.027,25.027
31842,-0.033,-0.306,10.160,-0.011,0.005,-0.027,25.020
31852,-0.019,-0.321,10.184,-0.010,0.005,-0.027,25.020
31862,-0.033,-0.325,10.169,-0.010,0.005,-0.027,25.059
31872,-0.038,-0.316,10.174,-0.011,0.004,-0.027,25.059
31882,-0.019,-0.306,10.155,-0.010,0.005,-0.027,25.027
31892,-0.010,-0.325,10.198,-0.010,0.005,-0.027,25.027
31902,-0.029,-0.321,10.169,-0.010,0.005,-0.027,25.016
31912,-0.029,-0.292,10.179,-0.010,0.004,-0.027,25.016
31922,-0.033,-0.316,10.174,-0.010,0.005,-0.027,25.055
31932,-0.029,-0.325,10.184,-0.011,0.005,-0.027,25.055
31942,-0.019,-0.321,10.169,-0.010,0.004,-0.027,25.051
31952,-0.033,-0.301,10.184,-0.010,0.005,-0.027,25.051
31962,-0.029,-0.335,10.169,-0.010,0.005,-0.027,25.047
31972,-0.038,-0.311,10.179,-0.010,0.005,-0.027,25.047
31982,-0.033,-0.287,10.160,-0.010,0.005,-0.027,25.020
31992,-0.005,-0.321,10.203,-0.011,0.005,-0.027,25.020
32002,-0.014,-0.311,10.174,-0.010,0.005,-0.027,25.063
32012,-0.038,-0.316,10.174,-0.010,0.004,-0.027,25.063
32022,-0.033,-0.330,10.169,-0.010,0.004,-0.027,25.043
32032,-0.024,-0.316,10.184,-0.011,0.004,-0.026,25.043
32042,-0.033,-0.292,10.179,-0.010,0.005,-0.027,25.070
32052,-0.014,-0.306,10.179,-0.010,0.005,-0.027,25.070
32062,-0.029,-0.306,10.193,-0.011,0.005,-0.027,25.035
32072,-0.010,-0.311,10.174,-0.011,0.004,-0.026,25.035
32082,-0.048,-0.297,10.160,-0.010,0.004,-0.026,25.070
32092,-0.024,-0.311,10.169,-0.010,0.004,-0.027,25.070
32102,-0.043,-0.311,10.184,-0.010,0.004,-0.027,25.051
32112,-0.024,-0.311,10.169,-0.010,0.005,-0.027,25.051
32122,-0.038,-0.316,10.179,-0.011,0.004,-0.027,25.055
32132,-0.014,-0.316,10.179,-0.011,0.005,-0.027,25.055
32142,-0.024,-0.292,10.174,-0.010,0.005,-0.026,25.023
32152,-0.019,-0.306,10.165,-0.010,0.004,-0.026,25.023
32162,-0.024,-0.311,10.189,-0.011,0.005,-0.027,25.012
32172,-0.043,-0.316,10.189,-0.011,0.005,-0.027,25.012
32182,-0.029,-0.301,10.174,-0.011,0.005,-0.027,25.043
32192,-0.043,-0.321,10.184,-0.010,0.005,-0.026,25.043
32202,-0.029,-0.306,10.179,-0.010,0.005,-0.026,25.031
32212,-0.019,-0.311,10.160,-0.011,0.005,-0.027,25.031
32222,-0.024,-0.292,10.174,-0.010,0.005,-0.027,25.035
32232,-0.029,-0.282,10.160,-0.011,0.005,-0.027,25.035
32242,-0.019,-0.306,10.165,-0.011,0.005,-0.027,25.039
32252,-0.033,-0.321,10.179,-0.011,0.005,-0.027,25.039
32262,-0.019,-0.306,10.160,-0.010,0.004,-0.027,25.031
32272,-0.038,-0.321,10.179,-0.010,0.004,-0.027,25.031
32282,-0.019,-0.311,10.179,-0.010,0.005,-0.027,25.027
32292,-0.029,-0.321,10.174,-0.010,0.005,-0.027,25.027
32302,-0.057,-0.311,10.165,-0.010,0.004,-0.027,25.051
32312,-0.019,-0.306,10.174,-0.010,0.004,-0.027,25.051
32322,-0.033,-0.311,10.179,-0.011,0.004,-0.027,25.059
32332,-0.038,-0.321,10.169,-0.011,0.004,-0.027,25.059
32342,-0.038,-0.316,10.174,-0.010,0.004,-0.027,25.047
32352,-0.024,-0.325,10.160,-0.010,0.004,-0.027,25.047
32362,-0.033,-0.316,10.179,-0.011,0.004,-0.027,25.094
32372,-0.005,-0.330,10.189,-0.011,0.004,-0.027,25.094
32382,-0.019,-0.301,10.179,-0.010,0.004,-0.027,25.066
32392,0.000,-0.311,10.160,-0.010,0.004,-0.027,25.066
32402,-0.010,-0.311,10.184,-0.011,0.004,-0.026,25.059
32412,-0.019,-0.321,10.174,-0.011,0.004,-0.027,25.059
32422,-0.043,-0.297,10.179,-0.011,0.005,-0.027,25.105
32432,-0.043,-0.306,10.165,-0.010,0.005,-0.027,25.105
32442,-0.029,-0.330,10.169,-0.010,0.004,-0.027,25.023
32452,-0.038,-0.311,10.189,-0.011,0.005,-0.027,25.023
32462,-0.014,-0.311,10.160,-0.011,0.005,-0.027,25.031
32472,-0.043,-0.301,10.165,-0.010,0.005,-0.026,25.031
32482,-0.029,-0.306,10.169,-0.010,0.005,-0.027,25.082
32492,-0.024,-0.311,10.179,-0.010,0.005,-0.027,25.082
32502,0.000,-0.321,10.174,-0.010,0.004,-0.027,25.078
32512,-0.019,-0.316,10.174,-0.010,0.004,-0.027,25.078
32522,0.000,-0.301,10.189,-0.009,0.005,-0.026,25.031
32532,-0.014,-0.273,10.179,-0.010,0.005,-0.027,25.031
32542,-0.029,-0.311,10.169,-0.010,0.004,-0.027,25.023
32552,-0.033,-0.297,10.169,-0.010,0.004,-0.027,25.023
32562,-0.038,-0.311,10.184,-0.010,0.005,-0.027,25.008
32572,-0.024,-0.316,10.165,-0.010,0.004,-0.027,25.008
32582,-0.024,-0.301,10.174,-0.011,0.005,-0.027,25.039
32592,-0.053,-0.311,10.174,-0.011,0.005,-0.026,25.039
32602,-0.029,-0.316,10.184,-0.010,0.005,-0.027,25.086
32612,-0.029,-0.306,10.169,-0.010,0.005,-0.027,25.086
32622,-0.024,-0.311,10.165,-0.011,0.004,-0.026,25.055
32632,-0.033,-0.316,10.184,-0.010,0.005,-0.026,25.055
32642,-0.033,-0.325,10.193,-0.010,0.005,-0.027,25.051
32662,-0.033,-0.321,10.165,-0.011,0.005,-0.027,25.055
32672,-0.014,-0.311,10.174,-0.010,0.005,-0.027,25.074
32682,-0.038,-0.321,10.174,-0.010,0.005,-0.027,25.074
32692,-0.024,-0.311,10.193,-0.010,0.004,-0.027,25.051
32702,-0.038,-0.301,10.174,-0.010,0.004,-0.027,25.051
32712,-0.019,-0.321,10.160,-0.010,0.005,-0.027,25.082
32722,-0.005,-0.297,10.165,-0.010,0.005,-0.027,25.082
32732,-0.048,-0.340,10.179,-0.010,0.005,-0.027,25.055
32742,0.000,-0.325,10.179,-0.010,0.004,-0.027,25.055
32752,-0.019,-0.321,10.169,-0.011,0.005,-0.027,25.109
32762,-0.029,-0.297,10.179,-0.010,0.004,-0.027,25.109
32772,-0.033,-0.316,10.155,-0.011,0.004,-0.026,25.074
32782,-0.024,-0.316,10.174,-0.011,0.004,-0.027,25.074
32792,-0.019,-0.301,10.184,-0.010,0.004,-0.026,25.051
32802,-0.029,-0.330,10.174,-0.010,0.004,-0.026,25.051
32812,-0.029,-0.306,10.189,-0.010,0.005,-0.026,25.066
32822,-0.024,-0.306,10.179,-0.010,0.005,-0.027,25.066
32832,-0.014,-0.306,10.179,-0.010,0.004,-0.027,25.082
32842,-0.029,-0.311,10.189,-0.010,0.005,-0.027,25.082
32852,-0.005,-0.306,10.184,-0.010,0.004,-0.027,25.090
32862,-0.029,-0.306,10.165,-0.010,0.004,-0.027,25.090
32872,-0.053,-0.306,10.184,-0.010,0.004,-0.027,25.078
32882,-0.005,-0.301,10.169,-0.010,0.004,-0.027,25.078
32892,-0.029,-0.311,10.174,-0.010,0.004,-0.027,25.074
32902,-0.024,-0.321,10.150,-0.010,0.004,-0.026,25.074
32912,-0.019,-0.321,10.174,-0.011,0.005,-0.026,25.059
32922,-0.014,-0.321,10.169,-0.011,0.004,-0.027,25.059
32932,-0.043,-0.306,10.184,-0.010,0.002,-0.028,25.059
32942,-0.038,-0.311,10.174,-0.011,0.005,-0.027,25.059
32952,-0.043,-0.301,10.165,-0.011,0.005,-0.027,25.051
32962,-0.038,-0.349,10.189,-0.010,0.005,-0.027,25.051
32972,-0.029,-0.316,10.165,-0.011,0.005,-0.027,25.000
32982,-0.048,-0.301,10.160,-0.010,0.005,-0.027,25.000
32992,-0.048,-0.311,10.179,-0.009,0.005,-0.027,25.047
33002,-0.029,-0.297,10.193,-0.009,0.004,-0.027,25.047
33012,-0.029,-0.297,10.184,-0.010,0.005,-0.026,25.059
33022,-0.033,-0.330,10.184,-0.010,0.005,-0.027,25.059
33032,-0.019,-0.316,10.184,-0.011,0.004,-0.027,25.070
33042,-0.024,-0.287,10.169,-0.010,0.004,-0.028,25.070
33052,-0.033,-0.316,10.150,-0.010,0.004,-0.027,25.094
33062,-0.038,-0.297,10.174,-0.010,0.004,-0.027,25.094
33072,-0.024,-0.321,10.169,-0.010,0.004,-0.027,25.090
33082,-0.024,-0.321,10.184,-0.010,0.004,-0.027,25.090
33092,-0.038,-0.316,10.174,-0.011,0.005,-0.026,25.102
33102,0.000,-0.316,10.165,-0.011,0.005,-0.028,25.102
33112,-0.038,-0.311,10.189,-0.010,0.005,-0.027,25.098
33122,-0.019,-0.311,10.184,-0.011,0.005,-0.027,25.098
33132,-0.043,-0.321,10.169,-0.011,0.004,-0.026,25.086
33142,-0.029,-0.321,10.169,-0.011,0.004,-0.027,25.086
33152,-0.024,-0.301,10.179,-0.010,0.005,-0.027,25.090
33162,-0.043,-0.301,10.174,-0.011,0.005,-0.026,25.090
33172,-0.024,-0.316,10.193,-0.010,0.005,-0.027,25.109
33182,-0.010,-0.316,10.174,-0.010,0.004,-0.027,25.109
33192,-0.033,-0.311,10.198,-0.010,0.005,-0.027,25.047
33202,-0.014,-0.311,10.169,-0.010,0.004,-0.027,25.047
33212,-0.014,-0.306,10.155,-0.011,0.005,-0.026,25.086
33222,-0.005,-0.301,10.169,-0.011,0.005,-0.027,25.086
33232,-0.029,-0.301,10.165,-0.011,0.005,-0.027,25.051
33242,-0.014,-0.292,10.174,-0.010,0.005,-0.027,25.051
33252,-0.029,-0.306,10.184,-0.011,0.005,-0.026,25.109
33262,-0.014,-0.316,10.189,-0.011,0.005,-0.026,25.109
33272,-0.019,-0.297,10.179,-0.011,0.004,-0.026,25.090
33282,-0.029,-0.316,10.184,-0.010,0.004,-0.026,25.090
33292,-0.038,-0.321,10.179,-0.010,0.005,-0.028,25.082
33302,-0.038,-0.316,10.193,-0.011,0.005,-0.026,25.082
33312,-0.014,-0.287,10.179,-0.011,0.005,-0.026,25.086
33322,-0.005,-0.301,10.198,-0.011,0.004,-0.027,25.086
33332,-0.033,-0.316,10.179,-0.010,0.004,-0.027,25.121
33342,-0.029,-0.292,10.165,-0.011,0.004,-0.027,25.121
33352,-0.043,-0.297,10.184,-0.010,0.005,-0.027,25.078
33362,-0.019,-0.306,10.165,-0.010,0.004,-0.027,25.078
33372,-0.033,-0.311,10.189,-0.011,0.004,-0.026,25.078
33382,-0.014,-0.297,10.174,-0.011,0.005,-0.026,25.078
33392,-0.014,-0.301,10.189,-0.010,0.005,-0.027,25.090
33402,-0.043,-0.311,10.174,-0.010,0.005,-0.026,25.090
33412,-0.024,-0.316,10.174,-0.011,0.005,-0.027,25.074
33422,-0.029,-0.311,10.189,-0.011,0.004,-0.027,25.074
33432,-0.038,-0.311,10.174,-0.010,0.004,-0.026,25.074
33442,-0.014,-0.321,10.169,-0.010,0.004,-0.027,25.074
33452,-0.014,-0.316,10.198,-0.010,0.004,-0.027,25.109
33462,-0.029,-0.301,10.174,-0.011,0.004,-0.027,25.109
33472,-0.033,-0.306,10.174,-0.011,0.005,-0.027,25.094
33482,0.005,-0.301,10.169,-0.010,0.004,-0.027,25.094
33492,-0.010,-0.316,10.174,-0.010,0.004,-0.027,25.086
33502,0.005,-0.321,10.198,-0.010,0.005,-0.027,25.086
33512,-0.053,-0.301,10.165,-0.010,0.005,-0.026,25.121
33522,-0.029,-0.306,10.179,-0.011,0.004,-0.026,25.121
33532,-0.038,-0.316,10.189,-0.011,0.005,-0.027,25.059
33542,-0.029,-0.311,10.198,-0.010,0.005,-0.027,25.059
33552,-0.029,-0.311,10.184,-0.010,0.005,-0.027,25.070
33562,-0.029,-0.325,10.174,-0.010,0.004,-0.027,25.070
33572,-0.029,-0.321,10.174,-0.011,0.004,-0.027,25.059
33582,-0.019,-0.330,10.174,-0.010,0.005,-0.027,25.059
33592,-0.029,-0.301,10.189,-0.010,0.005,-0.027,25.098
33602,-0.038,-0.321,10.184,-0.011,0.004,-0.027,25.098
33612,0.005,-0.316,10.184,-0.010,0.004,-0.027,25.090
33622,-0.029,-0.316,10.174,-0.010,0.004,-0.027,25.090
33632,-0.024,-0.297,10.174,-0.011,0.004,-0.027,25.078
33642,-0.024,-0.321,10.193,-0.010,0.005,-0.027,25.078
33652,-0.048,-0.311,10.169,-0.010,0.004,-0.026,25.117
33662,-0.024,-0.301,10.184,-0.011,0.004,-0.027,25.117
33672,-0.038,-0.297,10.169,-0.011,0.005,-0.027,25.117
33682,-0.048,-0.297,10.165,-0.010,0.004,-0.027,25.117
33692,-0.048,-0.301,10.179,-0.011,0.004,-0.027,25.109
33702,-0.024,-0.301,10.165,-0.010,0.005,-0.027,25.109
33712,-0.010,-0.273,10.179,-0.010,0.005,-0.027,25.082
33722,-0.005,-0.306,10.189,-0.010,0.005,-0.027,25.082
33732,-0.024,-0.287,10.169,-0.010,0.004,-0.027,25.086
33742,-0.010,-0.306,10.160,-0.011,0.004,-0.027,25.086
33752,-0.019,-0.301,10.184,-0.011,0.005,-0.027,25.113
33762,-0.043,-0.287,10.160,-0.010,0.005,-0.027,25.113
33772,-0.038,-0.287,10.160,-0.011,0.005,-0.027,25.066
33782,0.000,-0.297,10.198,-0.010,0.004,-0.027,25.066
33792,-0.053,-0.321,10.146,-0.010,0.005,-0.027,25.063
33812,-0.014,-0.316,10.160,-0.011,0.005,-0.026,25.148
33822,-0.043,-0.301,10.174,-0.010,0.004,-0.027,25.090
33832,-0.010,-0.306,10.169,-0.011,0.005,-0.027,25.090
33842,-0.010,-0.297,10.169,-0.010,0.004,-0.027,25.078
33852,-0.024,-0.297,10.179,-0.010,0.005,-0.027,25.078
33862,-0.014,-0.335,10.193,-0.010,0.005,-0.027,25.109
33872,-0.014,-0.330,10.169,-0.010,0.004,-0.027,25.109
33882,-0.024,-0.301,10.165,-0.010,0.004,-0.027,25.117
33892,-0.014,-0.311,10.179,-0.011,0.005,-0.026,25.117
33902,-0.033,-0.330,10.165,-0.011,0.005,-0.027,25.082
33912,-0.024,-0.297,10.174,-0.010,0.005,-0.027,25.082
33922,-0.038,-0.311,10.184,-0.010,0.004,-0.027,25.055
33932,-0.024,-0.306,10.174,-0.010,0.005,-0.027,25.055
33942,-0.043,-0.297,10.165,-0.011,0.005,-0.027,25.121
33952,-0.019,-0.311,10.160,-0.010,0.005,-0.027,25.121
33962,-0.043,-0.311,10.174,-0.010,0.004,-0.027,25.125
33972,-0.010,-0.301,10.165,-0.011,0.004,-0.027,25.125
33982,-0.014,-0.306,10.174,-0.011,0.004,-0.027,25.125
33992,-0.024,-0.311,10.160,-0.010,0.005,-0.027,25.125
34002,-0.019,-0.321,10.160,-0.010,0.004,-0.026,25.137
34012,-0.029,-0.311,10.179,-0.010,0.005,-0.027,25.137
34022,-0.043,-0.321,10.160,-0.010,0.005,-0.026,25.117
34032,-0.029,-0.321,10.179,-0.011,0.005,-0.027,25.117
34042,-0.029,-0.340,10.150,-0.010,0.004,-0.027,25.082
34052,-0.024,-0.301,10.193,-0.010,0.004,-0.027,25.082
34062,-0.014,-0.306,10.169,-0.011,0.004,-0.027,25.109
34072,-0.033,-0.316,10.169,-0.011,0.005,-0.026,25.109
34082,-0.043,-0.316,10.160,-0.010,0.004,-0.027,25.105
34092,-0.019,-0.335,10.179,-0.010,0.004,-0.027,25.105
34102,-0.033,-0.306,10.179,-0.010,0.005,-0.027,25.066
34112,-0.014,-0.306,10.165,-0.010,0.004,-0.027,25.066
34122,-0.029,-0.301,10.193,-0.010,0.005,-0.027,25.090
34132,-0.024,-0.321,10.179,-0.010,0.005,-0.027,25.090
34142,-0.029,-0.297,10.160,-0.010,0.004,-0.026,25.133
34152,-0.024,-0.297,10.165,-0.011,0.005,-0.027,25.133
34162,-0.019,-0.306,10.174,-0.010,0.005,-0.027,25.121
34172,-0.038,-0.306,10.165,-0.010,0.005,-0.027,25.121
34182,-0.024,-0.306,10.184,-0.010,0.004,-0.027,25.074
34192,-0.024,-0.297,10.150,-0.011,0.004,-0.027,25.074
34202,-0.014,-0.292,10.189,-0.011,0.005,-0.027,25.121
34212,-0.038,-0.325,10.193,-0.010,0.005,-0.027,25.121
34222,-0.033,-0.301,10.179,-0.011,0.004,-0.027,25.098
34232,-0.014,-0.311,10.189,-0.011,0.004,-0.026,25.098
34242,-0.029,-0.306,10.179,-0.010,0.005,-0.027,25.078
34252,-0.029,-0.297,10.160,-0.010,0.005,-0.027,25.078
34262,-0.029,-0.325,10.174,-0.010,0.004,-0.027,25.129
34272,-0.010,-0.311,10.165,-0.010,0.005,-0.027,25.129
34282,-0.005,-0.306,10.169,-0.011,0.004,-0.027,25.086
34292,-0.014,-0.321,10.174,-0.011,0.004,-0.027,25.086
34302,0.000,-0.301,10.169,-0.010,0.005,-0.027,25.098
34312,-0.014,-0.301,10.160,-0.010,0.004,-0.027,25.098
34322,-0.019,-0.301,10.160,-0.011,0.004,-0.027,25.070
34332,-0.033,-0.297,10.169,-0.011,0.005,-0.027,25.070
34342,-0.053,-0.325,10.179,-0.010,0.004,-0.027,25.090
34352,-0.024,-0.297,10.184,-0.010,0.004,-0.026,25.090
34362,-0.024,-0.306,10.179,-0.010,0.005,-0.027,25.113
34372,-0.038,-0.316,10.179,-0.010,0.005,-0.027,25.113
34382,-0.010,-0.311,10.174,-0.010,0.005,-0.026,25.117
34392,-0.024,-0.306,10.179,-0.010,0.005,-0.027,25.117
34402,-0.033,-0.306,10.189,-0.010,0.005,-0.027,25.102
34412,-0.043,-0.311,10.155,-0.011,0.006,-0.027,25.102
34422,-0.029,-0.297,10.165,-0.011,0.005,-0.027,25.074
34432,-0.029,-0.287,10.165,-0.010,0.005,-0.027,25.074
34442,-0.014,-0.297,10.169,-0.010,0.005,-0.027,25.082
34452,-0.019,-0.301,10.169,-0.010,0.004,-0.027,25.082
34462,-0.029,-0.311,10.169,-0.010,0.005,-0.026,25.105
34472,-0.014,-0.311,10.189,-0.010,0.004,-0.026,25.105
34482,-0.010,-0.311,10.160,-0.010,0.005,-0.026,25.121
34492,-0.033,-0.306,10.174,-0.010,0.005,-0.027,25.121
34502,-0.019,-0.316,10.169,-0.011,0.004,-0.027,25.121
34512,0.005,-0.306,10.169,-0.011,0.005,-0.026,25.121
34522,-0.029,-0.306,10.174,-0.011,0.005,-0.027,25.066
34532,-0.024,-0.297,10.165,-0.010,0.004,-0.027,25.066
34542,-0.029,-0.311,10.169,-0.010,0.005,-0.027,25.125
34552,-0.033,-0.321,10.155,-0.010,0.004,-0.027,25.125
34562,-0.024,-0.316,10.174,-0.010,0.004,-0.027,25.117
34572,-0.029,-0.325,10.184,-0.011,0.005,-0.027,25.117
34582,-0.029,-0.282,10.174,-0.011,0.005,-0.027,25.113
34592,-0.019,-0.306,10.174,-0.011,0.004,-0.027,25.113
34602,-0.033,-0.316,10.198,-0.011,0.004,-0.027,25.113
34612,-0.005,-0.321,10.184,-0.011,0.004,-0.027,25.113
34622,-0.024,-0.301,10.155,-0.012,0.005,-0.026,25.078
34632,-0.038,-0.316,10.179,-0.010,0.005,-0.026,25.078
34642,-0.038,-0.301,10.193,-0.011,0.005,-0.027,25.121
34652,-0.010,-0.306,10.169,-0.011,0.005,-0.027,25.121
34662,-0.014,-0.301,10.174,-0.011,0.004,-0.027,25.117
34672,0.000,-0.301,10.150,-0.011,0.005,-0.027,25.117
34682,-0.038,-0.301,10.169,-0.011,0.005,-0.027,25.121
34692,-0.010,-0.301,10.160,-0.011,0.004,-0.027,25.121
34702,-0.029,-0.297,10.165,-0.011,0.004,-0.027,25.105
34712,-0.014,-0.311,10.174,-0.010,0.004,-0.027,25.105
34722,-0.033,-0.311,10.179,-0.011,0.005,-0.027,25.102
34732,-0.024,-0.311,10.179,-0.011,0.004,-0.026,25.102
34742,-0.043,-0.321,10.179,-0.011,0.005,-0.026,25.133
34752,-0.024,-0.301,10.174,-0.011,0.005,-0.027,25.133
34762,-0.029,-0.316,10.184,-0.010,0.004,-0.027,25.090
34772,-0.014,-0.316,10.174,-0.010,0.005,-0.027,25.090
34782,-0.019,-0.301,10.179,-0.010,0.004,-0.027,25.098
34792,-0.014,-0.316,10.189,-0.011,0.005,-0.027,25.098
34802,-0.024,-0.316,10.174,-0.011,0.005,-0.026,25.059
34812,-0.014,-0.321,10.184,-0.011,0.005,-0.026,25.059
34822,-0.024,-0.306,10.179,-0.010,0.005,-0.026,25.102
34832,-0.019,-0.311,10.189,-0.010,0.005,-0.027,25.102
34842,-0.019,-0.301,10.193,-0.010,0.005,-0.027,25.160
34852,-0.024,-0.311,10.165,-0.010,0.004,-0.026,25.160
34862,-0.038,-0.297,10.169,-0.010,0.004,-0.027,25.102
34872,-0.048,-0.301,10.179,-0.010,0.004,-0.027,25.102
34882,-0.033,-0.297,10.189,-0.010,0.005,-0.027,25.117
34892,-0.019,-0.297,10.169,-0.010,0.005,-0.028,25.117
34902,-0.048,-0.321,10.146,-0.011,0.005,-0.026,25.086
34912,-0.024,-0.287,10.179,-0.011,0.004,-0.027,25.086
34922,-0.014,-0.335,10.160,-0.011,0.004,-0.027,25.082
34942,-0.038,-0.292,10.160,-0.010,0.004,-0.027,25.105
34952,-0.033,-0.321,10.169,-0.010,0.004,-0.027,25.090
34962,-0.033,-0.325,10.179,-0.010,0.004,-0.026,25.090
34972,-0.010,-0.301,10.189,-0.010,0.004,-0.027,25.078
34982,-0.033,-0.292,10.179,-0.010,0.005,-0.027,25.078
34992,-0.048,-0.311,10.189,-0.011,0.005,-0.026,25.152
35002,-0.053,-0.321,10.174,-0.010,0.005,-0.027,25.152
35012,-0.019,-0.311,10.169,-0.011,0.005,-0.027,25.125
35022,-0.019,-0.316,10.174,-0.011,0.005,-0.027,25.125
35032,-0.033,-0.301,10.165,-0.010,0.004,-0.028,25.094
35042,-0.062,-0.306,10.165,-0.010,0.004,-0.028,25.094
35052,-0.024,-0.297,10.174,-0.011,0.004,-0.026,25.148
35062,-0.005,-0.316,10.179,-0.011,0.004,-0.027,25.148
35072,-0.029,-0.316,10.174,-0.011,0.005,-0.027,25.145
35082,-0.043,-0.321,10.169,-0.010,0.005,-0.027,25.145
35092,-0.033,-0.297,10.169,-0.011,0.005,-0.027,25.121
35102,-0.014,-0.316,10.169,-0.010,0.005,-0.027,25.121
35112,-0.029,-0.301,10.155,-0.011,0.004,-0.027,25.117
35122,-0.033,-0.292,10.174,-0.010,0.004,-0.027,25.117
35132,-0.010,-0.316,10.165,-0.010,0.004,-0.027,25.094
35142,-0.029,-0.316,10.169,-0.011,0.005,-0.027,25.094
35152,-0.043,-0.292,10.155,-0.010,0.005,-0.027,25.117
35162,-0.019,-0.325,10.174,-0.011,0.005,-0.028,25.117
35172,-0.010,-0.306,10.189,-0.010,0.005,-0.028,25.094
35182,-0.019,-0.311,10.193,-0.010,0.005,-0.027,25.094
35192,-0.033,-0.306,10.174,-0.010,0.005,-0.026,25.098
35202,-0.024,-0.321,10.169,-0.010,0.004,-0.027,25.098
35212,-0.014,-0.301,10.174,-0.010,0.005,-0.027,25.094
35222,-0.048,-0.316,10.174,-0.009,0.005,-0.027,25.094
35232,-0.048,-0.301,10.193,-0.010,0.004,-0.026,25.090
35242,-0.010,-0.301,10.174,-0.010,0.004,-0.027,25.090
35252,-0.024,-0.316,10.160,-0.011,0.004,-0.027,25.098
35262,-0.033,-0.316,10.160,-0.010,0.004,-0.026,25.098
35272,-0.019,-0.287,10.165,-0.010,0.004,-0.027,25.109
35282,-0.019,-0.306,10.179,-0.011,0.004,-0.027,25.109
35292,-0.024,-0.306,10.169,-0.010,0.005,-0.026,25.121
35302,-0.033,-0.311,10.165,-0.010,0.005,-0.027,25.121
35312,-0.033,-0.321,10.179,-0.010,0.004,-0.027,25.094
35322,-0.019,-0.321,10.165,-0.011,0.005,-0.027,25.094
35332,-0.014,-0.306,10.155,-0.010,0.004,-0.027,25.137
35342,-0.019,-0.301,10.179,-0.010,0.004,-0.026,25.137
35352,-0.024,-0.321,10.184,-0.010,0.005,-0.027,25.113
35362,-0.014,-0.311,10.179,-0.010,0.005,-0.027,25.113
35372,-0.029,-0.316,10.169,-0.010,0.005,-0.027,25.156
35382,-0.019,-0.306,10.184,-0.011,0.005,-0.027,25.156
35392,-0.033,-0.292,10.179,-0.011,0.005,-0.027,25.121
35402,-0.029,-0.306,10.165,-0.010,0.005,-0.027,25.121
35412,-0.033,-0.311,10.189,-0.011,0.005,-0.026,25.090
35422,-0.024,-0.301,10.169,-0.011,0.005,-0.026,25.090
35432,-0.010,-0.292,10.150,-0.011,0.005,-0.027,25.117
35442,-0.019,-0.306,10.174,-0.011,0.005,-0.027,25.117
35452,-0.029,-0.306,10.198,-0.010,0.005,-0.027,25.082
35462,-0.014,-0.306,10.169,-0.011,0.005,-0.027,25.082
35472,-0.043,-0.306,10.184,-0.011,0.005,-0.027,25.129
35482,-0.024,-0.316,10.179,-0.010,0.004,-0.027,25.129
35492,-0.038,-0.311,10.160,-0.011,0.005,-0.027,25.086
35502,-0.019,-0.321,10.179,-0.011,0.004,-0.027,25.086
35512,-0.024,-0.340,10.155,-0.011,0.004,-0.027,25.148
35522,-0.005,-0.301,10.165,-0.010,0.005,-0.027,25.148
35532,-0.029,-0.282,10.165,-0.010,0.005,-0.027,25.102
35542,-0.010,-0.297,10.179,-0.010,0.005,-0.027,25.102
35552,-0.029,-0.311,10.174,-0.010,0.004,-0.027,25.121
35562,-0.033,-0.301,10.165,-0.010,0.005,-0.027,25.121
35572,-0.033,-0.292,10.179,-0.010,0.005,-0.027,25.121
35582,-0.024,-0.321,10.184,-0.011,0.005,-0.027,25.121
35592,-0.014,-0.297,10.174,-0.010,0.005,-0.026,25.090
35602,-0.014,-0.321,10.184,-0.011,0.005,-0.026,25.090
35612,-0.019,-0.316,10.165,-0.011,0.005,-0.027,25.098
35622,-0.029,-0.301,10.169,-0.011,0.005,-0.026,25.098
35632,-0.024,-0.321,10.179,-0.011,0.005,-0.027,25.137
35642,-0.038,-0.306,10.174,-0.010,0.004,-0.026,25.137
35652,-0.033,-0.306,10.179,-0.010,0.005,-0.027,25.137
35662,-0.029,-0.297,10.174,-0.011,0.004,-0.027,25.137
35672,-0.029,-0.306,10.198,-0.010,0.005,-0.027,25.086
35682,-0.057,-0.316,10.174,-0.011,0.005,-0.027,25.086
35692,-0.038,-0.301,10.189,-0.011,0.005,-0.027,25.156
35702,-0.038,-0.297,10.169,-0.010,0.005,-0.027,25.156
35712,-0.038,-0.297,10.193,-0.011,0.005,-0.027,25.148
35722,-0.043,-0.311,10.179,-0.011,0.005,-0.027,25.148
35732,-0.005,-0.311,10.174,-0.010,0.005,-0.026,25.152
35742,-0.029,-0.292,10.189,-0.010,0.005,-0.027,25.152
35752,-0.053,-0.311,10.184,-0.011,0.004,-0.027,25.125
35762,-0.043,-0.311,10.174,-0.010,0.005,-0.027,25.125
35772,-0.043,-0.316,10.150,-0.011,0.005,-0.027,25.121
35782,-0.029,-0.311,10.169,-0.011,0.005,-0.027,25.121
35792,-0.029,-0.306,10.169,-0.011,0.004,-0.027,25.109
35802,-0.019,-0.287,10.179,-0.011,0.004,-0.027,25.109
35812,-0.024,-0.316,10.169,-0.011,0.004,-0.027,25.148
35822,-0.024,-0.316,10.179,-0.011,0.005,-0.027,25.148
35832,-0.043,-0.301,10.184,-0.011,0.004,-0.027,25.117
35842,-0.038,-0.301,10.165,-0.012,0.004,-0.027,25.117
35852,-0.038,-0.297,10.146,-0.012,0.005,-0.026,25.164
35862,-0.043,-0.311,10.165,-0.011,0.005,-0.027,25.164
35872,-0.024,-0.316,10.169,-0.010,0.005,-0.027,25.105
35882,-0.033,-0.297,10.169,-0.010,0.004,-0.027,25.105
35892,-0.024,-0.311,10.179,-0.011,0.004,-0.027,25.160
35902,-0.043,-0.292,10.189,-0.011,0.004,-0.027,25.160
35912,-0.019,-0.311,10.169,-0.010,0.005,-0.027,25.141
35922,-0.038,-0.301,10.169,-0.010,0.005,-0.027,25.141
35932,-0.038,-0.311,10.184,-0.010,0.005,-0.027,25.160
35942,-0.043,-0.287,10.136,-0.010,0.005,-0.027,25.160
35952,-0.048,-0.325,10.179,-0.010,0.005,-0.027,25.109
35962,-0.029,-0.306,10.169,-0.011,0.005,-0.027,25.109
35972,-0.019,-0.321,10.169,-0.010,0.004,-0.027,25.113
35982,-0.033,-0.311,10.165,-0.011,0.005,-0.027,25.113
35992,-0.038,-0.316,10.169,-0.010,0.004,-0.027,25.137
36002,-0.038,-0.306,10.179,-0.011,0.005,-0.027,25.137
36012,-0.029,-0.301,10.155,-0.010,0.005,-0.027,25.105
36022,-0.038,-0.316,10.165,-0.010,0.004,-0.027,25.105
36032,-0.033,-0.292,10.179,-0.010,0.004,-0.026,25.141
36042,-0.014,-0.297,10.165,-0.010,0.004,-0.027,25.141
36052,-0.010,-0.311,10.169,-0.010,0.005,-0.027,25.109
36062,-0.019,-0.321,10.165,-0.011,0.005,-0.027,25.109
36082,-0.014,-0.301,10.155,-0.011,0.005,-0.027,25.145
36092,0.005,-0.292,10.165,-0.011,0.005,-0.026,25.145
36102,-0.033,-0.321,10.150,-0.010,0.005,-0.027,25.117
36112,-0.010,-0.311,10.169,-0.011,0.004,-0.027,25.117
36122,-0.005,-0.311,10.165,-0.010,0.004,-0.027,25.156
36132,-0.033,-0.325,10.169,-0.011,0.005,-0.027,25.156
36142,-0.010,-0.306,10.184,-0.011,0.005,-0.027,25.141
36152,-0.019,-0.311,10.169,-0.011,0.005,-0.027,25.141
36162,-0.048,-0.316,10.174,-0.011,0.004,-0.027,25.121
36172,-0.019,-0.311,10.165,-0.010,0.004,-0.026,25.121
36182,-0.019,-0.311,10.160,-0.010,0.004,-0.027,25.129
36192,-0.010,-0.301,10.165,-0.010,0.004,-0.027,25.129
36202,-0.029,-0.282,10.160,-0.010,0.005,-0.027,25.137
36212,-0.033,-0.316,10.189,-0.011,0.005,-0.027,25.137
36222,-0.014,-0.325,10.174,-0.011,0.004,-0.026,25.129
36232,-0.053,-0.282,10.179,-0.011,0.004,-0.027,25.129
36242,-0.033,-0.321,10.150,-0.010,0.005,-0.027,25.102
36252,-0.043,-0.316,10.169,-0.010,0.005,-0.028,25.102
36262,-0.019,-0.306,10.160,-0.010,0.004,-0.027,25.121
36272,-0.010,-0.297,10.174,-0.010,0.004,-0.027,25.121
36282,-0.038,-0.311,10.174,-0.011,0.005,-0.026,25.133
36292,-0.033,-0.321,10.179,-0.011,0.005,-0.027,25.133
36302,-0.019,-0.306,10.165,-0.011,0.005,-0.027,25.137
36312,-0.029,-0.282,10.165,-0.011,0.004,-0.027,25.137
36322,-0.029,-0.306,10.160,-0.010,0.005,-0.027,25.121
36332,-0.029,-0.301,10.165,-0.011,0.004,-0.026,25.121
36342,-0.029,-0.292,10.160,-0.011,0.005,-0.027,25.141
36352,0.014,-0.297,10.155,-0.011,0.005,-0.027,25.141
36362,-0.019,-0.311,10.169,-0.011,0.005,-0.027,25.082
36372,-0.029,-0.297,10.179,-0.011,0.004,-0.026,25.082
36382,-0.033,-0.325,10.174,-0.011,0.004,-0.027,25.105
36392,-0.014,-0.287,10.165,-0.010,0.005,-0.027,25.105
36402,-0.014,-0.321,10.174,-0.011,0.004,-0.028,25.117
36412,-0.005,-0.297,10.174,-0.010,0.005,-0.027,25.117
36422,-0.043,-0.297,10.165,-0.011,0.004,-0.027,25.125
36432,-0.029,-0.311,10.184,-0.011,0.005,-0.027,25.125
36442,-0.005,-0.316,10.165,-0.010,0.005,-0.027,25.094
36452,-0.029,-0.335,10.169,-0.011,0.005,-0.028,25.094
36462,-0.029,-0.316,10.179,-0.011,0.005,-0.026,25.113
36472,-0.010,-0.311,10.160,-0.010,0.005,-0.026,25.113
36482,-0.029,-0.306,10.160,-0.011,0.005,-0.026,25.133
36492,-0.033,-0.297,10.169,-0.010,0.005,-0.026,25.133
36502,-0.019,-0.306,10.160,-0.010,0.005,-0.027,25.113
36512,-0.010,-0.316,10.174,-0.011,0.005,-0.026,25.113
36522,-0.019,-0.301,10.169,-0.011,0.005,-0.027,25.102
36532,-0.029,-0.306,10.184,-0.010,0.004,-0.027,25.102
36542,-0.053,-0.306,10.174,-0.010,0.005,-0.027,25.098
36552,-0.033,-0.287,10.155,-0.011,0.005,-0.026,25.098
36562,-0.029,-0.292,10.165,-0.010,0.004,-0.027,25.113
36572,-0.024,-0.316,10.165,-0.011,0.005,-0.027,25.113
36582,-0.010,-0.301,10.179,-0.010,0.005,-0.026,25.148
36592,-0.038,-0.321,10.184,-0.011,0.006,-0.027,25.148
36602,-0.029,-0.311,10.169,-0.011,0.005,-0.027,25.109
36612,-0.038,-0.325,10.160,-0.010,0.005,-0.027,25.109
36622,-0.038,-0.297,10.146,-0.010,0.005,-0.027,25.121
36632,-0.033,-0.311,10.169,-0.010,0.005,-0.027,25.121
36642,0.014,-0.316,10.179,-0.011,0.005,-0.027,25.105
36652,-0.024,-0.316,10.169,-0.011,0.005,-0.027,25.105
36662,-0.024,-0.325,10.174,-0.010,0.005,-0.027,25.113
36672,-0.029,-0.306,10.165,-0.011,0.005,-0.026,25.113
36682,-0.024,-0.311,10.184,-0.010,0.004,-0.027,25.133
36692,-0.043,-0.311,10.174,-0.010,0.004,-0.027,25.133
36702,-0.043,-0.306,10.169,-0.010,0.005,-0.026,25.129
36712,-0.029,-0.316,10.169,-0.011,0.005,-0.027,25.129
36722,-0.019,-0.297,10.160,-0.010,0.005,-0.027,25.094
36732,-0.029,-0.301,10.155,-0.011,0.004,-0.027,25.094
36742,0.000,-0.306,10.189,-0.010,0.005,-0.027,25.117
36752,-0.024,-0.316,10.169,-0.010,0.005,-0.027,25.117
36762,-0.019,-0.292,10.150,-0.011,0.005,-0.026,25.137
36772,-0.005,-0.325,10.174,-0.011,0.004,-0.027,25.137
36782,-0.038,-0.301,10.179,-0.011,0.005,-0.027,25.121
36792,-0.033,-0.340,10.193,-0.011,0.004,-0.027,25.121
36802,-0.029,-0.316,10.160,-0.011,0.005,-0.027,25.148
36812,-0.019,-0.330,10.174,-0.011,0.004,-0.027,25.148
36822,-0.033,-0.306,10.174,-0.010,0.005,-0.027,25.121
36832,-0.024,-0.311,10.165,-0.011,0.005,-0.026,25.121
36842,-0.019,-0.321,10.208,-0.010,0.004,-0.026,25.121
36852,-0.010,-0.321,10.184,-0.010,0.005,-0.027,25.121
36862,-0.038,-0.321,10.160,-0.011,0.004,-0.027,25.125
36872,-0.024,-0.321,10.174,-0.011,0.005,-0.027,25.125
36882,-0.043,-0.311,10.179,-0.011,0.005,-0.027,25.105
36892,-0.019,-0.321,10.169,-0.010,0.004,-0.027,25.105
36902,-0.010,-0.325,10.160,-0.011,0.005,-0.027,25.102
36912,0.005,-0.306,10.169,-0.011,0.005,-0.027,25.102
36922,-0.010,-0.325,10.169,-0.011,0.004,-0.027,25.074
36932,-0.019,-0.287,10.160,-0.010,0.004,-0.027,25.074
36942,-0.024,-0.306,10.155,-0.011,0.004,-0.027,25.121
36952,-0.014,-0.297,10.184,-0.010,0.004,-0.027,25.121
36962,-0.038,-0.316,10.189,-0.011,0.004,-0.027,25.156
36972,-0.010,-0.316,10.174,-0.010,0.004,-0.027,25.156
36982,-0.038,-0.292,10.155,-0.011,0.005,-0.027,25.141
36992,-0.019,-0.301,10.169,-0.011,0.004,-0.027,25.141
37002,-0.043,-0.316,10.174,-0.011,0.005,-0.026,25.133
37012,-0.024,-0.325,10.160,-0.011,0.004,-0.027,25.133
37022,-0.029,-0.321,10.179,-0.011,0.004,-0.027,25.086
37032,-0.043,-0.306,10.174,-0.011,0.005,-0.027,25.086
37042,-0.010,-0.311,10.189,-0.011,0.004,-0.027,25.145
37052,-0.019,-0.282,10.179,-0.011,0.005,-0.026,25.145
37062,-0.010,-0.311,10.179,-0.010,0.005,-0.026,25.098
37072,-0.029,-0.301,10.184,-0.010,0.004,-0.027,25.098
37082,-0.043,-0.311,10.174,-0.010,0.004,-0.027,25.133
37092,-0.024,-0.306,10.165,-0.010,0.005,-0.027,25.133
37102,-0.048,-0.301,10.174,-0.011,0.005,-0.027,25.168
37112,-0.019,-0.306,10.174,-0.011,0.004,-0.027,25.168
37122,-0.024,-0.311,10.169,-0.011,0.005,-0.027,25.129
37132,-0.033,-0.301,10.179,-0.011,0.005,-0.027,25.129
37142,-0.043,-0.311,10.165,-0.010,0.005,-0.027,25.160
37162,-0.048,-0.287,10.165,-0.011,0.005,-0.027,25.160
37172,-0.029,-0.306,10.169,-0.011,0.005,-0.027,25.160
37182,-0.014,-0.301,10.136,-0.010,0.004,-0.027,25.160
37192,-0.019,-0.316,10.174,-0.011,0.004,-0.027,25.160
37202,-0.014,-0.292,10.160,-0.010,0.005,-0.027,25.160
37212,-0.010,-0.311,10.179,-0.011,0.004,-0.026,25.156
37222,-0.019,-0.330,10.169,-0.011,0.005,-0.027,25.156
37232,-0.029,-0.321,10.179,-0.011,0.005,-0.027,25.133
37242,-0.029,-0.306,10.169,-0.010,0.005,-0.027,25.133
37252,-0.033,-0.325,10.174,-0.010,0.005,-0.026,25.051
37262,-0.024,-0.311,10.174,-0.011,0.005,-0.027,25.051
37272,-0.024,-0.306,10.184,-0.011,0.004,-0.027,25.137
37282,-0.024,-0.292,10.179,-0.011,0.005,-0.027,25.137
37292,-0.019,-0.301,10.189,-0.011,0.004,-0.028,25.168
37302,-0.014,-0.321,10.155,-0.011,0.005,-0.027,25.168
37312,-0.057,-0.311,10.169,-0.011,0.005,-0.027,25.133
37322,-0.014,-0.297,10.184,-0.011,0.005,-0.027,25.133
37332,-0.014,-0.316,10.155,-0.011,0.005,-0.026,25.105
37342,-0.033,-0.311,10.165,-0.011,0.005,-0.027,25.105
37352,-0.033,-0.321,10.169,-0.012,0.004,-0.027,25.133
37362,-0.024,-0.311,10.179,-0.011,0.005,-0.026,25.133
37372,-0.019,-0.316,10.165,-0.011,0.004,-0.027,25.133
37382,-0.019,-0.306,10.155,-0.010,0.005,-0.027,25.133
37392,-0.019,-0.311,10.165,-0.011,0.005,-0.027,25.156
37402,-0.014,-0.278,10.174,-0.011,0.005,-0.026,25.156
37412,-0.024,-0.297,10.179,-0.010,0.005,-0.027,25.129
37422,-0.019,-0.311,10.169,-0.011,0.005,-0.027,25.129
37432,-0.048,-0.292,10.150,-0.011,0.005,-0.027,25.129
37442,-0.033,-0.325,10.179,-0.010,0.005,-0.027,25.129
37452,-0.029,-0.297,10.165,-0.011,0.005,-0.028,25.113
37462,-0.019,-0.311,10.169,-0.010,0.005,-0.027,25.113
37472,-0.019,-0.311,10.179,-0.011,0.005,-0.027,25.145
37482,-0.043,-0.311,10.184,-0.011,0.005,-0.026,25.145
37492,-0.033,-0.311,10.146,-0.011,0.005,-0.027,25.191
37502,-0.019,-0.311,10.179,-0.010,0.004,-0.027,25.191
37512,-0.019,-0.311,10.165,-0.010,0.005,-0.026,25.137
37522,-0.024,-0.292,10.198,-0.010,0.005,-0.027,25.137
37532,-0.048,-0.297,10.165,-0.011,0.005,-0.027,25.148
37542,-0.010,-0.311,10.179,-0.011,0.002,-0.027,25.148
37552,-0.019,-0.321,10.150,-0.010,0.004,-0.028,25.125
37562,-0.024,-0.325,10.184,-0.010,0.004,-0.027,25.125
37572,-0.038,-0.311,10.179,-0.011,0.005,-0.026,25.121
37582,-0.019,-0.297,10.184,-0.010,0.004,-0.027,25.121
37592,-0.010,-0.301,10.165,-0.010,0.005,-0.027,25.145
37602,-0.024,-0.311,10.165,-0.011,0.004,-0.026,25.145
37612,-0.014,-0.301,10.193,-0.010,0.005,-0.026,25.066
37622,-0.024,-0.321,10.146,-0.010,0.005,-0.027,25.066
37632,-0.024,-0.287,10.184,-0.011,0.004,-0.028,25.141
37642,-0.024,-0.297,10.160,-0.011,0.005,-0.027,25.141
37652,-0.029,-0.311,10.174,-0.012,0.005,-0.027,25.152
37662,-0.005,-0.292,10.179,-0.011,0.005,-0.026,25.152
37672,-0.029,-0.282,10.169,-0.011,0.005,-0.027,25.129
37682,-0.029,-0.316,10.184,-0.010,0.005,-0.027,25.129
37692,-0.038,-0.306,10.169,-0.011,0.005,-0.027,25.129
37702,-0.029,-0.306,10.179,-0.011,0.005,-0.027,25.129
37712,-0.014,-0.316,10.165,-0.011,0.005,-0.027,25.184
37722,-0.014,-0.306,10.169,-0.010,0.005,-0.027,25.184
37732,-0.043,-0.287,10.155,-0.011,0.005,-0.027,25.121
37742,-0.029,-0.306,10.169,-0.011,0.005,-0.027,25.121
37752,-0.033,-0.301,10.179,-0.010,0.005,-0.027,25.137
37762,-0.019,-0.301,10.174,-0.010,0.004,-0.027,25.137
37772,-0.033,-0.306,10.160,-0.010,0.004,-0.027,25.141
37782,-0.033,-0.287,10.165,-0.010,0.004,-0.027,25.141
37792,-0.010,-0.301,10.155,-0.010,0.005,-0.026,25.188
37802,-0.014,-0.278,10.179,-0.010,0.004,-0.027,25.188
37812,-0.057,-0.292,10.169,-0.010,0.004,-0.027,25.168
37822,-0.038,-0.311,10.169,-0.010,0.004,-0.026,25.168
37832,-0.024,-0.306,10.184,-0.010,0.005,-0.027,25.164
37842,-0.057,-0.301,10.165,-0.011,0.005,-0.027,25.164
37852,-0.033,-0.321,10.169,-0.010,0.004,-0.026,25.160
37862,-0.024,-0.306,10.160,-0.011,0.005,-0.027,25.160
37872,-0.033,-0.321,10.174,-0.010,0.004,-0.027,25.148
37882,-0.019,-0.301,10.165,-0.010,0.004,-0.027,25.148
37892,-0.024,-0.325,10.174,-0.010,0.005,-0.027,25.125
37902,-0.019,-0.311,10.169,-0.011,0.005,-0.026,25.125
37912,-0.014,-0.306,10.174,-0.011,0.005,-0.027,25.148
37922,-0.019,-0.306,10.165,-0.010,0.004,-0.027,25.148
37932,-0.005,-0.316,10.150,-0.011,0.005,-0.026,25.164
37942,-0.014,-0.335,10.179,-0.011,0.005,-0.026,25.164
37952,-0.024,-0.311,10.174,-0.011,0.006,-0.026,25.145
37962,-0.019,-0.311,10.169,-0.011,0.005,-0.026,25.145
37972,-0.024,-0.325,10.184,-0.011,0.005,-0.027,25.148
37982,-0.019,-0.292,10.174,-0.011,0.005,-0.027,25.148
37992,-0.043,-0.301,10.179,-0.010,0.005,-0.026,25.141
38002,-0.043,-0.330,10.184,-0.010,0.005,-0.026,25.141
38012,-0.038,-0.301,10.179,-0.011,0.005,-0.026,25.105
38022,-0.038,-0.321,10.169,-0.010,0.005,-0.027,25.105
38032,-0.053,-0.325,10.174,-0.010,0.005,-0.027,25.148
38042,-0.048,-0.297,10.174,-0.011,0.004,-0.026,25.148
38052,-0.019,-0.321,10.169,-0.010,0.004,-0.027,25.191
38062,-0.043,-0.316,10.179,-0.011,0.005,-0.027,25.191
38072,-0.019,-0.292,10.169,-0.011,0.004,-0.026,25.141
38082,-0.033,-0.301,10.193,-0.010,0.004,-0.027,25.141
38092,-0.019,-0.301,10.189,-0.011,0.005,-0.027,25.125
38102,-0.029,-0.316,10.155,-0.011,0.005,-0.026,25.125
38112,-0.033,-0.321,10.179,-0.011,0.005,-0.027,25.141
38122,-0.033,-0.321,10.169,-0.011,0.005,-0.027,25.141
38132,-0.024,-0.297,10.184,-0.010,0.005,-0.027,25.180
38142,-0.029,-0.311,10.165,-0.011,0.005,-0.027,25.180
38152,-0.029,-0.287,10.174,-0.011,0.005,-0.027,25.152
38162,-0.029,-0.306,10.165,-0.011,0.004,-0.027,25.152
38172,-0.029,-0.321,10.174,-0.011,0.005,-0.027,25.176
38182,-0.024,-0.292,10.155,-0.010,0.005,-0.027,25.176
38192,-0.029,-0.301,10.165,-0.011,0.005,-0.027,25.176
38202,-0.019,-0.321,10.179,-0.012,0.005,-0.027,25.176
38212,-0.024,-0.321,10.160,-0.010,0.005,-0.026,25.145
38222,-0.029,-0.311,10.160,-0.010,0.005,-0.027,25.145
38232,-0.024,-0.311,10.169,-0.010,0.005,-0.026,25.160
38252,-0.029,-0.306,10.179,-0.010,0.004,-0.026,25.129
38262,-0.019,-0.297,10.174,-0.010,0.005,-0.026,25.172
38272,-0.014,-0.316,10.179,-0.010,0.005,-0.027,25.172
38282,-0.024,-0.297,10.184,-0.011,0.006,-0.027,25.172
38292,-0.043,-0.330,10.169,-0.010,0.005,-0.026,25.172
38302,-0.024,-0.316,10.155,-0.011,0.004,-0.026,25.137
38312,-0.029,-0.316,10.169,-0.011,0.005,-0.027,25.137
38322,-0.038,-0.311,10.174,-0.010,0.004,-0.027,25.180
38332,-0.019,-0.316,10.150,-0.011,0.005,-0.027,25.180
38342,-0.043,-0.311,10.169,-0.011,0.005,-0.026,25.156
38352,-0.033,-0.292,10.160,-0.011,0.005,-0.027,25.156
38362,-0.048,-0.311,10.189,-0.010,0.004,-0.027,25.105
38372,-0.029,-0.311,10.169,-0.011,0.005,-0.026,25.105
38382,-0.053,-0.311,10.174,-0.011,0.005,-0.027,25.141
38392,-0.019,-0.306,10.169,-0.011,0.005,-0.027,25.141
38402,-0.024,-0.287,10.155,-0.011,0.004,-0.027,25.133
38412,-0.019,-0.306,10.160,-0.010,0.004,-0.026,25.133
38422,-0.019,-0.306,10.146,-0.011,0.005,-0.027,25.129
38432,-0.019,-0.297,10.160,-0.011,0.005,-0.027,25.129
38442,-0.029,-0.311,10.193,-0.011,0.004,-0.027,25.168
38452,-0.024,-0.325,10.179,-0.011,0.005,-0.027,25.168
38462,-0.024,-0.306,10.150,-0.010,0.004,-0.027,25.109
38472,-0.024,-0.306,10.179,-0.010,0.004,-0.027,25.109
38482,-0.024,-0.297,10.184,-0.010,0.005,-0.026,25.129
38492,-0.024,-0.297,10.165,-0.011,0.005,-0.027,25.129
38502,-0.033,-0.316,10.169,-0.010,0.005,-0.028,25.164
38512,-0.053,-0.301,10.193,-0.010,0.005,-0.026,25.164
38522,-0.014,-0.301,10.174,-0.010,0.005,-0.027,25.180
38532,-0.010,-0.306,10.169,-0.010,0.005,-0.027,25.180
38542,-0.010,-0.321,10.174,-0.010,0.005,-0.027,25.121
38552,-0.014,-0.311,10.184,-0.010,0.004,-0.027,25.121
38562,-0.062,-0.311,10.150,-0.010,0.005,-0.027,25.129
38572,-0.024,-0.306,10.179,-0.011,0.005,-0.026,25.129
38582,-0.038,-0.316,10.150,-0.011,0.004,-0.027,25.176
38592,-0.033,-0.311,10.165,-0.012,0.005,-0.027,25.176
38602,-0.024,-0.325,10.150,-0.011,0.005,-0.026,25.121
38612,-0.024,-0.287,10.184,-0.010,0.004,-0.027,25.121
38622,-0.024,-0.287,10.189,-0.010,0.004,-0.026,25.117
38632,-0.029,-0.306,10.165,-0.010,0.005,-0.027,25.117
38642,-0.033,-0.311,10.189,-0.010,0.005,-0.027,25.180
38652,-0.038,-0.301,10.179,-0.011,0.004,-0.026,25.180
38662,-0.033,-0.316,10.165,-0.010,0.004,-0.027,25.117
38672,-0.024,-0.311,10.165,-0.011,0.005,-0.026,25.117
38682,-0.029,-0.297,10.169,-0.011,0.005,-0.027,25.121
38692,-0.033,-0.292,10.193,-0.011,0.005,-0.027,25.121
38702,-0.033,-0.321,10.169,-0.010,0.005,-0.026,25.133
38712,-0.029,-0.301,10.174,-0.011,0.004,-0.026,25.133
38722,-0.010,-0.282,10.174,-0.011,0.004,-0.026,25.223
38732,-0.053,-0.301,10.179,-0.010,0.004,-0.026,25.223
38742,-0.014,-0.335,10.174,-0.011,0.004,-0.026,25.137
38752,-0.043,-0.325,10.155,-0.011,0.005,-0.027,25.137
38762,-0.010,-0.321,10.174,-0.010,0.005,-0.027,25.125
38772,-0.005,-0.287,10.169,-0.011,0.005,-0.027,25.125
38782,-0.019,-0.292,10.169,-0.011,0.005,-0.027,25.148
38792,-0.029,-0.297,10.169,-0.010,0.005,-0.027,25.148
38802,-0.024,-0.316,10.169,-0.010,0.005,-0.026,25.172
38812,-0.019,-0.330,10.184,-0.011,0.005,-0.026,25.172
38822,-0.038,-0.311,10.174,-0.011,0.004,-0.027,25.168
38832,-0.014,-0.325,10.174,-0.010,0.005,-0.027,25.168
38842,-0.010,-0.306,10.165,-0.011,0.005,-0.026,25.145
38852,-0.029,-0.301,10.179,-0.011,0.005,-0.027,25.145
38862,-0.014,-0.297,10.179,-0.010,0.005,-0.027,25.152
38872,-0.033,-0.306,10.165,-0.010,0.005,-0.027,25.152
38882,-0.019,-0.330,10.174,-0.010,0.005,-0.027,25.168
38892,-0.019,-0.316,10.160,-0.010,0.005,-0.027,25.168
38902,-0.014,-0.311,10.169,-0.011,0.005,-0.027,25.145
38912,-0.029,-0.301,10.179,-0.010,0.005,-0.027,25.145
38922,-0.038,-0.301,10.184,-0.010,0.004,-0.027,25.184
38932,-0.010,-0.297,10.174,-0.010,0.005,-0.026,25.184
38942,-0.043,-0.306,10.165,-0.010,0.004,-0.026,25.164
38952,-0.014,-0.306,10.203,-0.011,0.004,-0.026,25.164
38962,-0.019,-0.301,10.189,-0.011,0.005,-0.026,25.133
38972,-0.029,-0.297,10.146,-0.010,0.006,-0.027,25.133
38982,-0.014,-0.321,10.174,-0.010,0.005,-0.027,25.141
38992,-0.019,-0.306,10.174,-0.010,0.005,-0.026,25.141
39002,-0.048,-0.330,10.169,-0.011,0.005,-0.027,25.176
39012,-0.043,-0.306,10.193,-0.011,0.005,-0.027,25.176
39022,-0.038,-0.297,10.155,-0.011,0.004,-0.027,25.180
39032,-0.038,-0.297,10.165,-0.011,0.005,-0.027,25.180
39042,-0.019,-0.306,10.169,-0.010,0.005,-0.027,25.160
39052,-0.005,-0.325,10.179,-0.011,0.005,-0.026,25.160
39062,-0.029,-0.325,10.160,-0.010,0.005,-0.026,25.164
39072,-0.024,-0.311,10.169,-0.011,0.005,-0.026,25.164
39082,-0.029,-0.306,10.189,-0.011,0.004,-0.027,25.168
39092,-0.053,-0.311,10.146,-0.011,0.005,-0.027,25.168
39102,-0.043,-0.301,10.150,-0.011,0.005,-0.027,25.156
39112,-0.019,-0.321,10.174,-0.010,0.005,-0.026,25.156
39122,-0.033,-0.301,10.174,-0.010,0.005,-0.026,25.160
39132,0.000,-0.306,10.179,-0.011,0.004,-0.027,25.160
39142,-0.024,-0.321,10.155,-0.011,0.005,-0.027,25.184
39152,-0.053,-0.316,10.184,-0.011,0.005,-0.027,25.184
39162,-0.019,-0.301,10.174,-0.011,0.005,-0.027,25.184
39172,-0.033,-0.297,10.179,-0.011,0.004,-0.027,25.184
39182,-0.038,-0.282,10.169,-0.011,0.005,-0.027,25.160
39192,-0.024,-0.325,10.174,-0.011,0.004,-0.027,25.160
39202,-0.019,-0.316,10.184,-0.011,0.005,-0.027,25.168
39212,-0.024,-0.330,10.179,-0.011,0.005,-0.027,25.168
39222,-0.024,-0.311,10.169,-0.011,0.005,-0.027,25.160
39232,-0.043,-0.287,10.169,-0.011,0.005,-0.026,25.160
39242,-0.014,-0.297,10.169,-0.011,0.005,-0.027,25.125
39252,-0.024,-0.325,10.146,-0.011,0.005,-0.027,25.125
39262,0.000,-0.292,10.179,-0.011,0.005,-0.026,25.164
39272,-0.029,-0.311,10.174,-0.011,0.005,-0.026,25.164
39282,-0.024,-0.311,10.184,-0.011,0.005,-0.027,25.195
39292,-0.033,-0.321,10.179,-0.011,0.004,-0.026,25.195
39302,-0.029,-0.330,10.184,-0.010,0.005,-0.027,25.195
39312,-0.010,-0.282,10.179,-0.010,0.005,-0.027,25.195
39322,-0.010,-0.306,10.184,-0.010,0.005,-0.026,25.164
39332,-0.024,-0.311,10.165,-0.010,0.004,-0.027,25.164
39342,-0.038,-0.311,10.193,-0.011,0.005,-0.027,25.191
39352,-0.014,-0.301,10.155,-0.010,0.005,-0.027,25.191
39362,-0.029,-0.316,10.174,-0.011,0.004,-0.027,25.160
39382,-0.053,-0.297,10.174,-0.011,0.005,-0.026,25.180
39392,-0.029,-0.321,10.174,-0.011,0.005,-0.027,25.176
39402,-0.043,-0.301,10.160,-0.011,0.005,-0.027,25.176
39412,-0.024,-0.325,10.179,-0.010,0.005,-0.027,25.172
39422,-0.029,-0.321,10.174,-0.011,0.004,-0.026,25.172
39432,-0.033,-0.316,10.189,-0.011,0.005,-0.026,25.152
39442,0.000,-0.306,10.160,-0.011,0.006,-0.026,25.152
39452,-0.024,-0.306,10.169,-0.010,0.005,-0.027,25.172
39462,-0.053,-0.335,10.155,-0.010,0.005,-0.027,25.172
39472,-0.019,-0.321,10.169,-0.011,0.004,-0.026,25.164
39482,-0.029,-0.292,10.179,-0.011,0.005,-0.026,25.164
39492,-0.010,-0.306,10.160,-0.011,0.005,-0.026,25.168
39502,-0.038,-0.301,10.150,-0.010,0.005,-0.027,25.168
39512,-0.010,-0.311,10.179,-0.011,0.005,-0.027,25.141
39522,-0.038,-0.306,10.174,-0.011,0.005,-0.027,25.141
39532,-0.038,-0.325,10.169,-0.011,0.004,-0.026,25.133
39542,-0.024,-0.311,10.165,-0.010,0.005,-0.026,25.133
39552,-0.057,-0.292,10.179,-0.011,0.005,-0.026,25.199
39562,-0.019,-0.311,10.193,-0.010,0.004,-0.027,25.199
39572,-0.019,-0.316,10.179,-0.011,0.005,-0.027,25.180
39582,-0.029,-0.301,10.184,-0.010,0.005,-0.026,25.180
39592,-0.024,-0.311,10.198,-0.011,0.004,-0.026,25.152
39602,-0.033,-0.316,10.169,-0.011,0.005,-0.027,25.152
39612,-0.005,-0.325,10.184,-0.011,0.004,-0.027,25.203
39622,-0.033,-0.297,10.165,-0.011,0.005,-0.027,25.203
39632,-0.043,-0.301,10.169,-0.011,0.005,-0.026,25.184
39642,-0.014,-0.321,10.179,-0.010,0.004,-0.027,25.184
39652,0.000,-0.311,10.169,-0.011,0.005,-0.027,25.191
39662,-0.043,-0.301,10.174,-0.010,0.005,-0.027,25.191
39672,-0.029,-0.306,10.169,-0.010,0.005,-0.027,25.191
39682,-0.019,-0.330,10.189,-0.010,0.005,-0.027,25.191
39692,-0.043,-0.311,10.165,-0.011,0.005,-0.027,25.238
39702,-0.019,-0.311,10.179,-0.011,0.005,-0.026,25.238
39712,-0.029,-0.306,10.174,-0.011,0.004,-0.027,25.168
39722,-0.029,-0.321,10.179,-0.012,0.005,-0.027,25.168
39732,-0.024,-0.297,10.174,-0.011,0.005,-0.027,25.223
39742,-0.014,-0.316,10.179,-0.011,0.005,-0.027,25.223
39752,-0.029,-0.311,10.169,-0.011,0.005,-0.027,25.168
39762,-0.043,-0.306,10.160,-0.011,0.005,-0.027,25.168
39772,-0.038,-0.287,10.179,-0.010,0.005,-0.027,25.199
39782,-0.019,-0.316,10.165,-0.010,0.005,-0.027,25.199
39792,-0.033,-0.316,10.174,-0.010,0.004,-0.027,25.172
39802,-0.038,-0.330,10.169,-0.011,0.004,-0.027,25.172
39812,-0.048,-0.297,10.184,-0.010,0.004,-0.026,25.203
39822,-0.019,-0.297,10.179,-0.010,0.004,-0.026,25.203
39832,-0.043,-0.297,10.174,-0.011,0.005,-0.026,25.184
39842,-0.014,-0.316,10.165,-0.011,0.004,-0.026,25.184
39852,-0.005,-0.311,10.160,-0.010,0.004,-0.027,25.160
39862,-0.043,-0.297,10.174,-0.011,0.005,-0.026,25.160
39872,-0.033,-0.306,10.193,-0.011,0.005,-0.027,25.230
39882,-0.048,-0.321,10.169,-0.011,0.006,-0.027,25.230
39892,-0.033,-0.311,10.169,-0.011,0.004,-0.027,25.199
39902,-0.038,-0.306,10.179,-0.010,0.005,-0.027,25.199
39912,-0.029,-0.292,10.169,-0.010,0.005,-0.027,25.172
39922,-0.005,-0.311,10.174,-0.010,0.004,-0.027,25.172
39932,-0.014,-0.311,10.165,-0.010,0.004,-0.026,25.191
39942,-0.024,-0.311,10.184,-0.010,0.005,-0.027,25.191
39952,-0.029,-0.311,10.165,-0.011,0.005,-0.027,25.176
39962,-0.010,-0.287,10.184,-0.011,0.005,-0.027,25.176
39972,0.000,-0.335,10.179,-0.011,0.005,-0.027,25.148
39982,-0.029,-0.306,10.174,-0.010,0.005,-0.027,25.148
39992,-0.033,-0.311,10.179,-0.011,0.005,-0.027,25.137
40002,-0.024,-0.325,10.179,-0.011,0.005,-0.027,25.137
40012,-0.033,-0.311,10.179,-0.011,0.005,-0.027,25.230
40022,-0.029,-0.297,10.169,-0.011,0.005,-0.027,25.230
40032,-0.024,-0.306,10.160,-0.011,0.004,-0.027,25.203
40042,-0.038,-0.316,10.169,-0.010,0.005,-0.027,25.203
40052,-0.014,-0.301,10.174,-0.010,0.005,-0.027,25.172
40062,-0.043,-0.316,10.165,-0.010,0.005,-0.027,25.172
40072,-0.048,-0.311,10.174,-0.011,0.005,-0.027,25.172
40082,-0.053,-0.321,10.198,-0.011,0.005,-0.027,25.172
40092,-0.048,-0.316,10.174,-0.010,0.005,-0.027,25.227
40102,-0.029,-0.301,10.160,-0.011,0.004,-0.027,25.227
40112,-0.024,-0.316,10.189,-0.011,0.005,-0.027,25.191
40122,-0.033,-0.316,10.150,-0.011,0.006,-0.027,25.191
40132,-0.024,-0.311,10.169,-0.010,0.004,-0.027,25.172
40142,-0.019,-0.306,10.179,-0.010,0.004,-0.027,25.172
40152,-0.024,-0.311,10.184,-0.010,0.005,-0.027,25.191
40162,-0.024,-0.316,10.174,-0.010,0.005,-0.027,25.191
40172,-0.024,-0.316,10.146,-0.011,0.005,-0.027,25.176
40182,-0.019,-0.306,10.174,-0.011,0.005,-0.027,25.176
40192,-0.029,-0.292,10.169,-0.011,0.005,-0.027,25.184
40202,-0.019,-0.306,10.160,-0.012,0.005,-0.026,25.184
40212,-0.029,-0.297,10.193,-0.011,0.005,-0.026,25.188
40222,-0.010,-0.306,10.193,-0.010,0.005,-0.026,25.188
40232,-0.010,-0.306,10.184,-0.010,0.005,-0.027,25.141
40242,-0.043,-0.301,10.174,-0.011,0.005,-0.027,25.141
40252,-0.029,-0.316,10.198,-0.010,0.005,-0.027,25.203
40262,-0.033,-0.311,10.184,-0.010,0.005,-0.026,25.203
40272,-0.029,-0.306,10.179,-0.010,0.004,-0.027,25.176
40282,-0.029,-0.301,10.169,-0.010,0.004,-0.026,25.176
40292,-0.019,-0.292,10.174,-0.011,0.004,-0.027,25.160
40302,-0.010,-0.316,10.174,-0.012,0.005,-0.027,25.160
40312,-0.024,-0.325,10.174,-0.012,0.005,-0.026,25.160
40322,-0.024,-0.316,10.169,-0.010,0.005,-0.027,25.160
40332,-0.029,-0.311,10.179,-0.011,0.005,-0.027,25.211
40342,-0.038,-0.301,10.169,-0.011,0.004,-0.026,25.211
40352,-0.033,-0.316,10.160,-0.010,0.004,-0.027,25.207
40362,-0.024,-0.301,10.189,-0.010,0.004,-0.027,25.207
40372,-0.033,-0.301,10.189,-0.011,0.005,-0.027,25.195
40382,-0.024,-0.316,10.169,-0.011,0.005,-0.027,25.195
40392,-0.029,-0.301,10.160,-0.011,0.005,-0.027,25.184
40402,-0.043,-0.316,10.184,-0.010,0.004,-0.027,25.184
40412,-0.019,-0.301,10.165,-0.011,0.005,-0.027,25.164
40422,-0.038,-0.306,10.179,-0.011,0.005,-0.026,25.164
40432,-0.024,-0.311,10.179,-0.011,0.005,-0.027,25.199
40442,-0.043,-0.301,10.150,-0.010,0.005,-0.026,25.199
40452,-0.048,-0.306,10.169,-0.010,0.005,-0.026,25.184
40462,-0.019,-0.297,10.174,-0.010,0.004,-0.027,25.184
40472,-0.024,-0.321,10.179,-0.010,0.004,-0.027,25.199
40482,-0.019,-0.301,10.160,-0.011,0.005,-0.027,25.199
40492,-0.024,-0.316,10.150,-0.011,0.005,-0.027,25.180
40502,-0.014,-0.306,10.179,-0.010,0.005,-0.027,25.180
40512,-0.024,-0.316,10.169,-0.010,0.005,-0.027,25.191
40532,-0.024,-0.311,10.160,-0.011,0.005,-0.026,25.195
40542,-0.033,-0.316,10.160,-0.011,0.005,-0.027,25.203
40552,-0.029,-0.311,10.174,-0.011,0.004,-0.027,25.203
40562,-0.038,-0.306,10.165,-0.011,0.005,-0.027,25.180
40572,-0.024,-0.306,10.150,-0.010,0.005,-0.026,25.180
40582,-0.029,-0.330,10.174,-0.010,0.004,-0.027,25.160
40592,-0.029,-0.311,10.179,-0.010,0.004,-0.026,25.160
40602,-0.048,-0.301,10.179,-0.011,0.004,-0.026,25.172
40612,-0.010,-0.297,10.174,-0.011,0.005,-0.027,25.172
40622,-0.019,-0.306,10.179,-0.010,0.005,-0.027,25.191
40632,0.000,-0.321,10.169,-0.010,0.005,-0.027,25.191
40642,-0.024,-0.306,10.184,-0.010,0.005,-0.027,25.176
40652,-0.014,-0.325,10.165,-0.010,0.005,-0.027,25.176
40662,-0.010,-0.306,10.174,-0.010,0.005,-0.026,25.191
40672,-0.014,-0.306,10.179,-0.010,0.005,-0.027,25.191
40682,-0.010,-0.311,10.174,-0.011,0.005,-0.027,25.211
40692,-0.038,-0.316,10.174,-0.011,0.005,-0.026,25.211
40702,-0.014,-0.321,10.165,-0.011,0.005,-0.027,25.152
40712,-0.024,-0.316,10.160,-0.011,0.005,-0.027,25.152
40722,-0.038,-0.301,10.165,-0.011,0.005,-0.026,25.211
40732,-0.029,-0.311,10.179,-0.011,0.005,-0.026,25.211
40742,-0.024,-0.297,10.179,-0.011,0.004,-0.027,25.203
40752,-0.029,-0.292,10.150,-0.011,0.005,-0.026,25.203
40762,-0.014,-0.301,10.165,-0.010,0.004,-0.027,25.172
40772,-0.019,-0.316,10.160,-0.011,0.004,-0.027,25.172
40782,-0.038,-0.316,10.179,-0.011,0.005,-0.027,25.172
40792,-0.048,-0.306,10.169,-0.011,0.005,-0.027,25.172
40802,-0.033,-0.311,10.174,-0.010,0.004,-0.027,25.180
40812,-0.024,-0.297,10.155,-0.011,0.004,-0.027,25.180
40822,-0.029,-0.306,10.179,-0.011,0.005,-0.026,25.207
40832,-0.043,-0.325,10.155,-0.010,0.005,-0.026,25.207
40842,-0.029,-0.306,10.174,-0.010,0.005,-0.027,25.184
40852,-0.014,-0.311,10.169,-0.010,0.005,-0.027,25.184
40862,-0.019,-0.316,10.165,-0.010,0.004,-0.027,25.223
40872,-0.010,-0.306,10.174,-0.011,0.004,-0.027,25.223
40882,-0.038,-0.301,10.165,-0.010,0.005,-0.027,25.207
40892,-0.024,-0.306,10.184,-0.011,0.005,-0.027,25.207
40902,-0.019,-0.297,10.184,-0.010,0.006,-0.026,25.168
40912,-0.053,-0.311,10.179,-0.010,0.005,-0.026,25.168
40922,-0.029,-0.301,10.174,-0.010,0.005,-0.027,25.160
40932,-0.005,-0.292,10.179,-0.012,0.005,-0.027,25.160
40942,-0.019,-0.301,10.169,-0.011,0.005,-0.026,25.215
40952,-0.005,-0.316,10.189,-0.010,0.005,-0.027,25.215
40962,-0.033,-0.297,10.174,-0.010,0.005,-0.027,25.215
40972,-0.043,-0.316,10.160,-0.010,0.004,-0.027,25.215
40982,-0.043,-0.301,10.169,-0.010,0.005,-0.026,25.184
40992,-0.019,-0.311,10.169,-0.010,0.004,-0.028,25.184
41002,-0.014,-0.297,10.174,-0.010,0.005,-0.027,25.176
41012,-0.024,-0.297,10.184,-0.010,0.004,-0.027,25.176
41022,-0.043,-0.311,10.169,-0.010,0.005,-0.027,25.195
41032,-0.014,-0.316,10.165,-0.010,0.005,-0.027,25.195
41042,-0.053,-0.316,10.169,-0.011,0.005,-0.027,25.199
41052,-0.014,-0.301,10.160,-0.011,0.005,-0.026,25.199
41062,-0.038,-0.311,10.169,-0.011,0.004,-0.026,25.195
41072,-0.048,-0.330,10.174,-0.010,0.004,-0.027,25.195
41082,-0.024,-0.311,10.184,-0.010,0.005,-0.027,25.188
41092,-0.029,-0.311,10.165,-0.011,0.005,-0.027,25.188
41102,-0.014,-0.306,10.155,-0.011,0.005,-0.027,25.184
41112,-0.014,-0.316,10.165,-0.011,0.005,-0.026,25.184
41122,-0.033,-0.301,10.160,-0.010,0.005,-0.026,25.172
41132,0.000,-0.306,10.155,-0.010,0.004,-0.027,25.172
41142,-0.014,-0.311,10.160,-0.010,0.004,-0.027,25.176
41152,-0.019,-0.301,10.146,-0.011,0.006,-0.027,25.176
41162,-0.024,-0.311,10.141,-0.010,0.005,-0.027,25.160
41172,-0.029,-0.306,10.155,-0.011,0.005,-0.027,25.160
41182,-0.038,-0.311,10.160,-0.011,0.005,-0.027,25.176
41192,-0.033,-0.325,10.165,-0.010,0.005,-0.027,25.176
41202,-0.005,-0.297,10.179,-0.011,0.005,-0.027,25.176
41212,-0.014,-0.316,10.165,-0.011,0.005,-0.027,25.176
41222,-0.024,-0.306,10.165,-0.011,0.005,-0.026,25.195
41232,-0.014,-0.311,10.174,-0.011,0.005,-0.026,25.195
41242,-0.038,-0.301,10.179,-0.010,0.005,-0.027,25.168
41252,-0.024,-0.297,10.174,-0.011,0.004,-0.027,25.168
41262,-0.038,-0.297,10.160,-0.011,0.004,-0.027,25.148
41272,-0.038,-0.282,10.184,-0.010,0.005,-0.026,25.148
41282,-0.043,-0.301,10.169,-0.010,0.005,-0.027,25.211
41292,-0.024,-0.316,10.169,-0.010,0.004,-0.027,25.211
41302,-0.029,-0.335,10.179,-0.011,0.004,-0.027,25.172
41312,-0.019,-0.321,10.155,-0.011,0.004,-0.026,25.172
41322,-0.033,-0.325,10.165,-0.010,0.005,-0.027,25.219
41332,-0.029,-0.306,10.169,-0.010,0.005,-0.027,25.219
41342,-0.033,-0.325,10.184,-0.010,0.005,-0.028,25.211
41352,-0.014,-0.311,10.169,-0.011,0.005,-0.027,25.211
41362,-0.024,-0.311,10.165,-0.011,0.005,-0.027,25.219
41372,-0.029,-0.311,10.150,-0.011,0.005,-0.027,25.219
41382,-0.048,-0.316,10.169,-0.011,0.004,-0.027,25.219
41392,-0.024,-0.301,10.184,-0.010,0.005,-0.026,25.219
41402,-0.019,-0.321,10.184,-0.010,0.005,-0.027,25.195
41412,-0.043,-0.301,10.165,-0.010,0.005,-0.027,25.195
41422,-0.024,-0.311,10.165,-0.011,0.005,-0.027,25.215
41432,-0.057,-0.321,10.179,-0.011,0.005,-0.027,25.215
41442,-0.048,-0.306,10.169,-0.010,0.005,-0.027,25.184
41452,-0.024,-0.306,10.174,-0.011,0.005,-0.027,25.184
41462,-0.029,-0.301,10.174,-0.011,0.005,-0.027,25.195
41472,-0.010,-0.301,10.169,-0.011,0.005,-0.027,25.195
41482,-0.029,-0.325,10.179,-0.010,0.004,-0.027,25.207
41492,-0.014,-0.306,10.160,-0.011,0.005,-0.026,25.207
41502,-0.014,-0.301,10.174,-0.011,0.005,-0.027,25.207
41512,-0.062,-0.287,10.193,-0.011,0.004,-0.027,25.207
41522,0.000,-0.330,10.155,-0.011,0.004,-0.026,25.191
41532,-0.010,-0.316,10.184,-0.011,0.004,-0.027,25.191
41542,-0.019,-0.297,10.169,-0.010,0.005,-0.027,25.215
41552,-0.014,-0.330,10.160,-0.011,0.006,-0.027,25.215
41562,-0.048,-0.316,10.189,-0.009,0.005,-0.027,25.176
41572,-0.010,-0.287,10.165,-0.010,0.005,-0.027,25.176
41582,-0.029,-0.311,10.165,-0.010,0.005,-0.026,25.215
41592,-0.038,-0.292,10.179,-0.010,0.004,-0.027,25.215
41602,-0.029,-0.311,10.165,-0.011,0.004,-0.027,25.195
41622,-0.048,-0.316,10.146,-0.011,0.005,-0.027,25.211
41632,-0.029,-0.306,10.169,-0.011,0.005,-0.026,25.227
41642,-0.048,-0.301,10.169,-0.010,0.005,-0.027,25.227
41652,-0.019,-0.311,10.169,-0.011,0.005,-0.027,25.195
41662,-0.014,-0.301,10.174,-0.011,0.005,-0.026,25.195
41672,-0.024,-0.306,10.179,-0.011,0.005,-0.027,25.176
41682,-0.029,-0.316,10.174,-0.011,0.004,-0.027,25.176
41692,-0.048,-0.311,10.165,-0.011,0.004,-0.027,25.180
41702,-0.029,-0.292,10.174,-0.011,0.005,-0.027,25.180
41712,-0.033,-0.287,10.160,-0.010,0.005,-0.026,25.180
41722,-0.033,-0.325,10.165,-0.010,0.005,-0.027,25.180
41732,-0.038,-0.311,10.165,-0.010,0.005,-0.027,25.211
41742,-0.014,-0.292,10.169,-0.011,0.005,-0.027,25.211
41752,-0.024,-0.301,10.179,-0.011,0.005,-0.026,25.207
41762,-0.014,-0.306,10.165,-0.011,0.005,-0.026,25.207
41772,-0.029,-0.292,10.155,-0.011,0.005,-0.027,25.234
41782,-0.033,-0.301,10.150,-0.011,0.005,-0.026,25.234
41792,-0.038,-0.311,10.165,-0.011,0.004,-0.027,25.191
41802,-0.029,-0.311,10.155,-0.010,0.005,-0.027,25.191
41812,-0.048,-0.321,10.155,-0.011,0.005,-0.026,25.242
41822,-0.005,-0.301,10.155,-0.010,0.005,-0.027,25.242
41832,-0.043,-0.311,10.165,-0.010,0.004,-0.027,25.242
41842,-0.024,-0.311,10.169,-0.010,0.002,-0.026,25.242
41852,-0.024,-0.297,10.155,-0.011,0.005,-0.026,25.195
41862,-0.029,-0.301,10.150,-0.011,0.005,-0.026,25.195
41872,-0.024,-0.292,10.169,-0.011,0.004,-0.026,25.180
41882,-0.038,-0.316,10.189,-0.010,0.005,-0.027,25.180
41892,-0.019,-0.330,10.160,-0.010,0.004,-0.027,25.215
41902,-0.014,-0.321,10.160,-0.011,0.005,-0.027,25.215
41912,-0.029,-0.316,10.165,-0.011,0.005,-0.027,25.234
41922,-0.010,-0.325,10.169,-0.010,0.005,-0.027,25.234
41932,-0.024,-0.297,10.169,-0.010,0.005,-0.026,25.199
41942,-0.024,-0.297,10.165,-0.011,0.004,-0.027,25.199
41952,-0.029,-0.306,10.184,-0.010,0.005,-0.027,25.207
41962,-0.005,-0.297,10.160,-0.010,0.005,-0.027,25.207
41972,-0.057,-0.311,10.155,-0.011,0.004,-0.026,25.191
41982,-0.010,-0.306,10.184,-0.011,0.005,-0.027,25.191
41992,-0.014,-0.311,10.169,-0.010,0.005,-0.027,25.211
42002,-0.038,-0.292,10.160,-0.010,0.005,-0.027,25.211
42012,-0.033,-0.311,10.179,-0.010,0.004,-0.027,25.207
42022,-0.048,-0.297,10.169,-0.010,0.005,-0.027,25.207
42032,-0.057,-0.306,10.169,-0.011,0.005,-0.027,25.199
42042,-0.038,-0.330,10.165,-0.010,0.004,-0.026,25.199
42052,-0.043,-0.321,10.169,-0.011,0.005,-0.027,25.234
42062,-0.014,-0.316,10.189,-0.011,0.005,-0.026,25.234
42072,-0.043,-0.301,10.169,-0.010,0.005,-0.026,25.242
42082,-0.029,-0.301,10.174,-0.010,0.004,-0.027,25.242
42092,-0.019,-0.287,10.179,-0.010,0.005,-0.026,25.164
42102,-0.038,-0.292,10.165,-0.010,0.005,-0.026,25.164
42112,-0.029,-0.311,10.174,-0.010,0.005,-0.027,25.195
42122,-0.029,-0.316,10.165,-0.010,0.005,-0.027,25.195
42132,-0.024,-0.316,10.184,-0.010,0.005,-0.027,25.184
42142,-0.014,-0.292,10.174,-0.011,0.005,-0.027,25.184
42152,-0.033,-0.301,10.160,-0.011,0.005,-0.027,25.180
42162,-0.014,-0.306,10.179,-0.011,0.004,-0.027,25.180
42172,-0.014,-0.325,10.174,-0.010,0.005,-0.027,25.227
42182,-0.029,-0.311,10.160,-0.010,0.004,-0.026,25.227
42192,-0.033,-0.297,10.165,-0.010,0.004,-0.027,25.207
42202,-0.014,-0.301,10.155,-0.011,0.005,-0.027,25.207
42212,-0.024,-0.292,10.179,-0.011,0.004,-0.026,25.184
42222,-0.038,-0.273,10.179,-0.010,0.005,-0.026,25.184
42232,-0.029,-0.292,10.174,-0.010,0.005,-0.027,25.230
42242,-0.024,-0.292,10.179,-0.010,0.005,-0.027,25.230
42252,-0.005,-0.311,10.179,-0.010,0.005,-0.026,25.242
42262,-0.038,-0.335,10.174,-0.012,0.005,-0.026,25.242
42272,-0.010,-0.316,10.174,-0.011,0.005,-0.028,25.188
42282,-0.033,-0.311,10.146,-0.011,0.005,-0.027,25.188
42292,-0.019,-0.306,10.165,-0.010,0.005,-0.027,25.223
42302,-0.019,-0.311,10.184,-0.011,0.004,-0.027,25.223
42312,-0.010,-0.306,10.184,-0.011,0.005,-0.027,25.227
42322,-0.010,-0.321,10.141,-0.011,0.005,-0.026,25.227
42332,-0.024,-0.311,10.184,-0.010,0.005,-0.026,25.184
42342,-0.014,-0.297,10.165,-0.010,0.005,-0.027,25.184
42352,-0.005,-0.301,10.160,-0.010,0.005,-0.027,25.219
42362,-0.010,-0.311,10.174,-0.011,0.004,-0.027,25.219
42372,-0.019,-0.306,10.174,-0.010,0.005,-0.026,25.203
42382,-0.019,-0.287,10.174,-0.011,0.005,-0.026,25.203
42392,-0.014,-0.297,10.165,-0.010,0.004,-0.027,25.188
42402,-0.033,-0.311,10.160,-0.010,0.005,-0.027,25.188
42412,-0.029,-0.325,10.184,-0.010,0.005,-0.026,25.223
42422,-0.005,-0.311,10.184,-0.011,0.005,-0.026,25.223
42432,-0.043,-0.287,10.169,-0.011,0.006,-0.026,25.219
42442,-0.029,-0.297,10.179,-0.011,0.005,-0.027,25.219
42452,-0.043,-0.330,10.179,-0.011,0.005,-0.027,25.207
42462,-0.010,-0.306,10.165,-0.010,0.005,-0.027,25.207
42472,-0.010,-0.311,10.174,-0.012,0.005,-0.027,25.172
42482,-0.010,-0.311,10.174,-0.011,0.005,-0.027,25.172
42492,-0.014,-0.287,10.174,-0.011,0.005,-0.027,25.211
42502,-0.024,-0.325,10.189,-0.010,0.005,-0.027,25.211
42512,-0.048,-0.292,10.169,-0.010,0.005,-0.026,25.215
42522,-0.033,-0.325,10.146,-0.011,0.005,-0.027,25.215
42532,-0.029,-0.321,10.174,-0.010,0.005,-0.026,25.195
42542,-0.024,-0.321,10.150,-0.011,0.005,-0.026,25.195
42552,-0.014,-0.301,10.155,-0.011,0.006,-0.026,25.266
42562,-0.029,-0.301,10.179,-0.011,0.004,-0.026,25.266
42572,-0.033,-0.306,10.169,-0.010,0.004,-0.027,25.238
42582,-0.029,-0.316,10.184,-0.010,0.005,-0.027,25.238
42592,-0.029,-0.297,10.174,-0.010,0.004,-0.027,25.223
42602,-0.010,-0.325,10.165,-0.010,0.005,-0.027,25.223
42612,-0.019,-0.321,10.150,-0.011,0.005,-0.027,25.227
42622,-0.014,-0.301,10.189,-0.010,0.006,-0.027,25.227
42632,-0.005,-0.292,10.189,-0.010,0.005,-0.026,25.219
42642,-0.014,-0.321,10.184,-0.011,0.005,-0.027,25.219
42652,-0.038,-0.311,10.169,-0.011,0.006,-0.027,25.207
42662,-0.029,-0.335,10.184,-0.010,0.005,-0.027,25.207
42672,-0.019,-0.335,10.179,-0.010,0.005,-0.026,25.273
42682,0.000,-0.306,10.165,-0.010,0.004,-0.027,25.273
42692,-0.024,-0.306,10.174,-0.010,0.005,-0.027,25.238
42702,-0.024,-0.297,10.169,-0.011,0.004,-0.027,25.238
42722,-0.019,-0.301,10.198,-0.010,0.004,-0.027,25.254
42732,-0.033,-0.306,10.165,-0.011,0.005,-0.027,25.254
42742,-0.033,-0.321,10.169,-0.011,0.005,-0.027,25.238
42752,-0.024,-0.311,10.160,-0.011,0.005,-0.027,25.238
42762,-0.024,-0.297,10.174,-0.011,0.005,-0.027,25.234
42772,-0.019,-0.311,10.169,-0.011,0.005,-0.027,25.234
42782,-0.019,-0.297,10.150,-0.011,0.005,-0.027,25.238
42792,-0.019,-0.306,10.165,-0.011,0.004,-0.027,25.238
42802,-0.019,-0.316,10.169,-0.010,0.005,-0.027,25.266
42812,-0.043,-0.311,10.174,-0.010,0.005,-0.027,25.266
42822,-0.043,-0.311,10.179,-0.010,0.005,-0.028,25.223
42832,-0.005,-0.292,10.150,-0.010,0.005,-0.027,25.223
42842,-0.038,-0.306,10.174,-0.010,0.004,-0.027,25.246
42852,-0.019,-0.311,10.169,-0.011,0.005,-0.027,25.246
42862,-0.029,-0.325,10.179,-0.011,0.005,-0.027,25.242
42872,-0.029,-0.311,10.165,-0.010,0.004,-0.027,25.242
42882,-0.043,-0.316,10.169,-0.010,0.004,-0.027,25.242
42892,-0.043,-0.306,10.169,-0.011,0.005,-0.027,25.242
42902,-0.057,-0.120,10.203,-0.006,0.005,-0.061,25.242
42912,-0.005,-0.297,10.165,-0.004,0.012,-0.116,25.242
42922,0.354,-0.230,10.126,0.004,0.022,-0.120,25.211
42932,-0.062,-0.211,10.122,0.005,0.011,-0.175,25.211
42942,-0.172,-0.325,10.179,-0.012,-0.001,-0.079,25.246
42952,-0.057,-0.311,10.189,-0.012,0.002,-0.022,25.246
42962,0.033,-0.244,10.193,-0.012,0.004,-0.012,25.234
42972,-0.139,-0.502,10.069,-0.004,0.009,-0.012,25.234
42982,-0.091,-0.392,10.217,-0.009,0.000,-0.023,25.250
42992,-0.062,-0.378,10.160,-0.001,0.009,-0.031,25.250
43002,-0.029,-0.297,10.160,-0.009,0.004,-0.032,25.227
43012,-0.033,-0.306,10.160,-0.007,0.005,-0.029,25.227
43022,-0.024,-0.301,10.179,-0.009,0.004,-0.029,25.234
43032,-0.029,-0.325,10.193,-0.011,0.004,-0.029,25.234
43042,0.005,-0.287,10.146,-0.005,0.009,-0.029,25.254
43052,-0.048,-0.301,10.155,-0.007,0.007,-0.033,25.254
43062,-0.057,-0.306,10.165,-0.006,0.005,-0.033,25.246
43072,-0.005,-0.335,10.174,-0.006,0.005,-0.033,25.246
43082,-0.043,-0.306,10.189,-0.005,0.006,-0.034,25.266
43092,-0.024,-0.297,10.155,-0.007,0.007,-0.035,25.266
43102,-0.048,-0.297,10.193,-0.006,0.006,-0.037,25.246
43112,-0.038,-0.306,10.174,-0.006,0.006,-0.037,25.246
43122,0.005,-0.287,10.189,-0.007,0.005,-0.037,25.254
43132,-0.038,-0.292,10.160,-0.007,0.006,-0.039,25.254
43142,0.000,-0.301,10.189,-0.007,0.004,-0.040,25.246
43152,0.005,-0.301,10.179,-0.007,0.006,-0.043,25.246
43162,0.005,-0.306,10.155,-0.009,0.005,-0.046,25.199
43172,0.038,-0.292,10.174,-0.007,0.005,-0.053,25.199
43182,0.014,-0.292,10.189,-0.007,0.006,-0.061,25.219
43192,0.072,-0.287,10.184,-0.009,0.004,-0.072,25.219
43202,-0.038,-0.287,10.136,-0.010,0.005,-0.082,25.266
43212,-0.033,-0.297,10.165,-0.012,0.004,-0.078,25.266
43222,-0.053,-0.287,10.165,-0.010,0.004,-0.071,25.254
43232,-0.014,-0.282,10.165,-0.010,0.005,-0.067,25.254
43242,-0.038,-0.311,10.169,-0.010,0.005,-0.067,25.215
43252,-0.005,-0.287,10.165,-0.010,0.006,-0.062,25.215
43262,-0.048,-0.292,10.160,-0.010,0.004,-0.061,25.258
43272,-0.072,-0.287,10.165,-0.010,0.005,-0.060,25.258
43282,-0.048,-0.311,10.189,-0.011,0.004,-0.056,25.254
43292,-0.048,-0.287,10.165,-0.011,0.005,-0.053,25.254
43302,-0.048,-0.278,10.179,-0.011,0.005,-0.050,25.277
43312,-0.038,-0.287,10.165,-0.011,0.005,-0.046,25.277
43322,-0.038,-0.292,10.160,-0.011,0.004,-0.044,25.207
43332,-0.048,-0.278,10.165,-0.010,0.005,-0.042,25.207
43342,-0.029,-0.311,10.174,-0.010,0.005,-0.040,25.254
43352,-0.062,-0.321,10.155,-0.010,0.004,-0.039,25.254
43362,-0.033,-0.306,10.174,-0.010,0.005,-0.038,25.230
43372,-0.019,-0.292,10.184,-0.011,0.005,-0.037,25.230
43382,-0.029,-0.282,10.169,-0.011,0.005,-0.038,25.227
43392,0.000,-0.297,10.174,-0.010,0.005,-0.037,25.227
43402,-0.033,-0.278,10.179,-0.010,0.005,-0.037,25.262
43412,-0.048,-0.292,10.165,-0.010,0.005,-0.037,25.262
43422,-0.010,-0.316,10.179,-0.011,0.005,-0.037,25.250
43432,-0.048,-0.311,10.165,-0.010,0.005,-0.038,25.250
43442,-0.043,-0.297,10.160,-0.010,0.005,-0.038,25.199
43452,-0.019,-0.301,10.169,-0.010,0.006,-0.037,25.199
43462,-0.033,-0.282,10.169,-0.010,0.006,-0.037,25.230
43472,-0.010,-0.301,10.169,-0.011,0.005,-0.037,25.230
43482,-0.029,-0.292,10.160,-0.011,0.005,-0.038,25.266
43492,-0.019,-0.311,10.169,-0.011,0.004,-0.038,25.266
43502,-0.033,-0.301,10.179,-0.011,0.005,-0.038,25.266
43512,-0.029,-0.316,10.169,-0.011,0.005,-0.035,25.266
43522,-0.053,-0.292,10.174,-0.011,0.004,-0.035,25.246
43532,-0.038,-0.278,10.146,-0.011,0.004,-0.035,25.246
43542,-0.048,-0.297,10.169,-0.010,0.005,-0.034,25.234
43552,-0.043,-0.287,10.174,-0.011,0.004,-0.033,25.234
43562,-0.048,-0.297,10.150,-0.010,0.005,-0.032,25.207
43572,-0.033,-0.306,10.193,-0.011,0.004,-0.032,25.207
43582,-0.033,-0.292,10.150,-0.011,0.005,-0.031,25.223
43592,-0.043,-0.297,10.184,-0.011,0.004,-0.031,25.223
43602,-0.033,-0.287,10.184,-0.010,0.004,-0.031,25.270
43612,-0.019,-0.306,10.179,-0.010,0.004,-0.029,25.270
43622,-0.038,-0.306,10.179,-0.011,0.004,-0.028,25.262
43632,-0.029,-0.282,10.169,-0.011,0.005,-0.028,25.262
43642,-0.033,-0.287,10.193,-0.012,0.004,-0.029,25.238
43652,-0.029,-0.316,10.165,-0.012,0.004,-0.028,25.238
43662,-0.048,-0.292,10.165,-0.011,0.005,-0.027,25.266
43672,-0.019,-0.297,10.165,-0.011,0.006,-0.027,25.266
43682,-0.038,-0.292,10.174,-0.010,0.006,-0.027,25.242
43692,-0.033,-0.306,10.160,-0.010,0.005,-0.028,25.242
43702,-0.043,-0.325,10.169,-0.010,0.005,-0.028,25.223
43712,-0.019,-0.301,10.174,-0.011,0.005,-0.028,25.223
43722,-0.043,-0.292,10.165,-0.012,0.005,-0.027,25.227
43732,-0.019,-0.316,10.174,-0.011,0.004,-0.028,25.227
43742,-0.014,-0.301,10.160,-0.011,0.005,-0.027,25.219
43752,-0.024,-0.311,10.184,-0.011,0.004,-0.027,25.219
43762,-0.029,-0.301,10.155,-0.011,0.005,-0.027,25.227
43772,-0.019,-0.292,10.184,-0.011,0.005,-0.027,25.227
43792,-0.033,-0.301,10.169,-0.010,0.004,-0.027,25.180
43802,-0.033,-0.301,10.136,-0.011,0.005,-0.026,25.180
43812,-0.033,-0.292,10.193,-0.010,0.005,-0.027,25.262
43822,-0.048,-0.297,10.179,-0.011,0.005,-0.027,25.262
43832,-0.043,-0.311,10.169,-0.011,0.005,-0.027,25.238
43842,-0.005,-0.292,10.189,-0.011,0.005,-0.027,25.238
43852,-0.019,-0.297,10.160,-0.011,0.005,-0.027,25.199
43862,-0.014,-0.301,10.169,-0.011,0.004,-0.027,25.199
43872,-0.029,-0.278,10.169,-0.011,0.004,-0.027,25.273
43882,-0.010,-0.311,10.184,-0.011,0.005,-0.027,25.273
43892,-0.038,-0.311,10.165,-0.011,0.005,-0.026,25.262
43902,-0.024,-0.292,10.160,-0.011,0.005,-0.026,25.262
43912,-0.014,-0.301,10.179,-0.011,0.005,-0.026,25.293
43922,-0.019,-0.301,10.179,-0.011,0.004,-0.026,25.293
43932,-0.038,-0.316,10.150,-0.011,0.004,-0.027,25.250
43942,-0.005,-0.311,10.198,-0.011,0.005,-0.027,25.250
43952,-0.019,-0.287,10.179,-0.011,0.005,-0.027,25.207
43962,-0.038,-0.311,10.169,-0.011,0.005,-0.027,25.207
43972,-0.029,-0.297,10.179,-0.011,0.005,-0.027,25.266
43982,-0.010,-0.321,10.165,-0.011,0.004,-0.027,25.266
43992,-0.010,-0.297,10.160,-0.010,0.004,-0.027,25.254
44002,-0.019,-0.278,10.165,-0.010,0.005,-0.027,25.254
44012,-0.005,-0.311,10.179,-0.011,0.005,-0.027,25.289
44022,-0.048,-0.278,10.141,-0.010,0.005,-0.027,25.289
44032,-0.033,-0.301,10.174,-0.010,0.004,-0.027,25.266
44042,-0.024,-0.306,10.155,-0.011,0.005,-0.026,25.266
44052,-0.038,-0.301,10.169,-0.012,0.004,-0.026,25.281
44062,-0.019,-0.297,10.165,-0.011,0.004,-0.026,25.281
44072,-0.043,-0.301,10.179,-0.011,0.005,-0.026,25.254
44082,-0.033,-0.287,10.174,-0.011,0.005,-0.027,25.254
44092,-0.053,-0.306,10.174,-0.011,0.004,-0.026,25.266
44102,-0.024,-0.282,10.160,-0.012,0.005,-0.024,25.266
44112,-0.024,-0.301,10.179,-0.011,0.005,-0.024,25.262
44122,-0.057,-0.297,10.193,-0.012,0.004,-0.024,25.262
44132,-0.019,-0.292,10.165,-0.012,0.005,-0.023,25.262
44142,-0.038,-0.282,10.169,-0.011,0.004,-0.024,25.262
44152,-0.019,-0.287,10.174,-0.011,0.004,-0.023,25.277
44162,-0.024,-0.297,10.155,-0.011,0.004,-0.024,25.277
44172,-0.038,-0.292,10.160,-0.011,0.004,-0.024,25.227
44182,-0.043,-0.321,10.160,-0.011,0.005,-0.024,25.227
44192,-0.038,-0.330,10.184,-0.010,0.005,-0.026,25.250
44202,-0.024,-0.311,10.165,-0.011,0.005,-0.027,25.250
44212,-0.029,-0.292,10.169,-0.010,0.004,-0.027,25.246
44222,-0.024,-0.301,10.179,-0.009,0.005,-0.028,25.246
44232,-0.024,-0.301,10.169,-0.009,0.005,-0.028,25.254
44242,-0.024,-0.306,10.174,-0.010,0.005,-0.028,25.254
44252,-0.038,-0.306,10.184,-0.010,0.005,-0.028,25.246
44262,-0.038,-0.311,10.174,-0.010,0.004,-0.029,25.246
44272,-0.043,-0.287,10.174,-0.010,0.005,-0.031,25.273
44282,-0.010,-0.287,10.165,-0.009,0.005,-0.032,25.273
44292,-0.033,-0.287,10.174,-0.010,0.005,-0.033,25.242
44302,-0.029,-0.287,10.184,-0.009,0.005,-0.034,25.242
44312,-0.024,-0.306,10.155,-0.011,0.005,-0.034,25.246
44322,-0.029,-0.287,10.160,-0.011,0.004,-0.027,25.246
44332,-0.043,-0.292,10.184,-0.012,0.005,-0.024,25.215
44342,-0.043,-0.297,10.174,-0.013,0.005,-0.023,25.215
44352,-0.033,-0.287,10.174,-0.012,0.004,-0.022,25.262
44362,-0.010,-0.306,10.160,-0.011,0.004,-0.024,25.262
44372,-0.029,-0.287,10.165,-0.012,0.004,-0.021,25.297
44382,-0.005,-0.292,10.174,-0.011,0.004,-0.018,25.297
44392,-0.038,-0.311,10.146,-0.011,0.005,-0.020,25.215
44402,-0.043,-0.297,10.160,-0.011,0.004,-0.022,25.215
44412,-0.033,-0.282,10.146,-0.010,0.004,-0.024,25.254
44422,-0.033,-0.292,10.189,-0.010,0.004,-0.026,25.254
44432,-0.019,-0.278,10.160,-0.010,0.004,-0.026,25.230
44442,-0.043,-0.297,10.174,-0.011,0.005,-0.026,25.230
44452,-0.024,-0.287,10.165,-0.010,0.005,-0.026,25.254
44462,-0.005,-0.306,10.174,-0.010,0.004,-0.026,25.254
44472,-0.033,-0.297,10.169,-0.011,0.005,-0.026,25.227
44482,-0.033,-0.278,10.155,-0.010,0.005,-0.026,25.227
44492,-0.033,-0.301,10.150,-0.011,0.006,-0.026,25.242
44502,-0.029,-0.282,10.165,-0.010,0.005,-0.027,25.242
44512,-0.033,-0.297,10.165,-0.011,0.005,-0.027,25.242
44522,-0.024,-0.297,10.179,-0.011,0.005,-0.027,25.242
44532,-0.024,-0.311,10.165,-0.011,0.005,-0.027,25.258
44542,-0.019,-0.287,10.160,-0.010,0.005,-0.027,25.258
44552,-0.019,-0.287,10.150,-0.010,0.005,-0.027,25.215
44562,-0.019,-0.292,10.160,-0.011,0.005,-0.027,25.215
44572,-0.024,-0.306,10.174,-0.010,0.005,-0.026,25.219
44582,-0.024,-0.301,10.165,-0.010,0.005,-0.026,25.219
44592,-0.033,-0.321,10.165,-0.010,0.005,-0.027,25.234
44602,-0.033,-0.311,10.165,-0.011,0.004,-0.026,25.234
44612,-0.024,-0.292,10.174,-0.011,0.005,-0.027,25.254
44622,-0.005,-0.306,10.179,-0.010,0.004,-0.027,25.254
44632,-0.033,-0.306,10.174,-0.010,0.005,-0.027,25.246
44642,-0.019,-0.292,10.165,-0.010,0.005,-0.027,25.246
44652,-0.033,-0.301,10.165,-0.011,0.005,-0.027,25.242
44662,-0.029,-0.311,10.179,-0.011,0.005,-0.027,25.242
44672,-0.019,-0.287,10.174,-0.010,0.005,-0.027,25.234
44682,-0.033,-0.292,10.160,-0.011,0.006,-0.026,25.234
44692,-0.024,-0.311,10.189,-0.010,0.005,-0.027,25.242
44702,-0.033,-0.268,10.141,-0.011,0.005,-0.027,25.242
44712,-0.019,-0.273,10.126,-0.011,0.005,-0.027,25.242
44722,-0.024,-0.282,10.174,-0.010,0.004,-0.027,25.242
44732,-0.043,-0.297,10.169,-0.010,0.005,-0.026,25.242
44742,-0.029,-0.273,10.155,-0.010,0.005,-0.027,25.242
44752,-0.014,-0.306,10.179,-0.010,0.005,-0.027,25.266
44762,-0.024,-0.297,10.174,-0.010,0.005,-0.027,25.266
44772,-0.014,-0.292,10.174,-0.010,0.005,-0.027,25.219
44782,-0.024,-0.292,10.160,-0.010,0.005,-0.027,25.219
44792,-0.010,-0.306,10.174,-0.010,0.005,-0.028,25.238
44802,-0.053,-0.306,10.169,-0.010,0.005,-0.027,25.238
44812,-0.029,-0.311,10.174,-0.010,0.005,-0.027,25.266
44822,-0.029,-0.282,10.160,-0.010,0.005,-0.026,25.266
44832,-0.010,-0.292,10.150,-0.011,0.004,-0.026,25.262
44842,-0.038,-0.306,10.174,-0.011,0.005,-0.028,25.262
44862,-0.048,-0.282,10.165,-0.011,0.005,-0.026,25.258
44872,-0.024,-0.297,10.150,-0.011,0.005,-0.026,25.258
44882,-0.048,-0.316,10.165,-0.011,0.004,-0.027,25.270
44892,-0.029,-0.297,10.179,-0.011,0.004,-0.027,25.270
44902,-0.010,-0.278,10.179,-0.011,0.004,-0.027,25.223
44912,-0.010,-0.292,10.174,-0.011,0.004,-0.027,25.223
44922,-0.048,-0.297,10.169,-0.011,0.005,-0.027,25.215
44932,-0.014,-0.297,10.155,-0.011,0.004,-0.026,25.215
44942,-0.029,-0.297,10.155,-0.012,0.005,-0.026,25.227
44952,-0.019,-0.306,10.174,-0.011,0.004,-0.026,25.227
44962,-0.029,-0.278,10.155,-0.009,0.006,-0.027,25.230
44972,-0.019,-0.292,10.150,-0.010,0.004,-0.027,25.230
44982,-0.024,-0.287,10.165,-0.010,0.005,-0.027,25.234
44992,-0.062,-0.292,10.179,-0.009,0.005,-0.027,25.234
45002,-0.019,-0.311,10.179,-0.009,0.005,-0.027,25.266
45012,-0.014,-0.301,10.150,-0.010,0.005,-0.026,25.266
45022,-0.019,-0.297,10.165,-0.010,0.005,-0.026,25.242
45032,-0.019,-0.301,10.155,-0.010,0.005,-0.027,25.242
45042,-0.048,-0.282,10.155,-0.010,0.005,-0.026,25.262
45052,-0.043,-0.301,10.174,-0.011,0.005,-0.027,25.262
45062,-0.057,-0.292,10.160,-0.011,0.004,-0.027,25.277
45072,-0.014,-0.306,10.160,-0.011,0.006,-0.027,25.277
45082,-0.024,-0.306,10.165,-0.011,0.005,-0.027,25.242
45092,-0.048,-0.301,10.141,-0.010,0.005,-0.027,25.242
45102,-0.043,-0.287,10.193,-0.010,0.005,-0.027,25.262
45112,-0.033,-0.301,10.160,-0.010,0.005,-0.026,25.262
45122,-0.048,-0.297,10.165,-0.010,0.005,-0.027,25.242
45132,-0.014,-0.316,10.155,-0.010,0.005,-0.026,25.242
45142,-0.043,-0.301,10.179,-0.010,0.005,-0.027,25.242
45152,-0.033,-0.292,10.150,-0.011,0.005,-0.026,25.242
45162,-0.057,-0.273,10.169,-0.011,0.005,-0.027,25.270
45172,-0.029,-0.287,10.189,-0.010,0.004,-0.027,25.270
45182,-0.053,-0.278,10.165,-0.011,0.005,-0.027,25.250
45192,-0.029,-0.273,10.169,-0.011,0.005,-0.027,25.250
45202,-0.010,-0.297,10.160,-0.011,0.005,-0.027,25.215
45212,-0.019,-0.316,10.155,-0.011,0.005,-0.026,25.215
45222,-0.029,-0.297,10.179,-0.011,0.005,-0.027,25.242
45232,-0.043,-0.297,10.184,-0.011,0.004,-0.027,25.242
45242,-0.014,-0.287,10.165,-0.011,0.005,-0.026,25.273
45252,-0.005,-0.292,10.184,-0.011,0.005,-0.027,25.273
45262,-0.010,-0.287,10.169,-0.012,0.004,-0.026,25.246
45272,-0.024,-0.297,10.174,-0.011,0.004,-0.027,25.246
45282,-0.053,-0.306,10.179,-0.011,0.005,-0.027,25.246
45292,-0.033,-0.297,10.160,-0.011,0.005,-0.027,25.246
45302,-0.024,-0.297,10.165,-0.011,0.005,-0.027,25.297
45312,-0.043,-0.297,10.160,-0.010,0.004,-0.027,25.297
45322,-0.019,-0.306,10.184,-0.010,0.005,-0.027,25.273
45332,-0.024,-0.282,10.184,-0.011,0.005,-0.026,25.273
45342,-0.048,-0.292,10.165,-0.011,0.005,-0.027,25.297
45352,-0.033,-0.297,10.146,-0.011,0.005,-0.027,25.297
45362,-0.038,-0.292,10.174,-0.011,0.004,-0.026,25.250
45372,-0.019,-0.301,10.179,-0.012,0.004,-0.027,25.250
45382,0.005,-0.268,10.174,-0.012,0.005,-0.026,25.242
45392,-0.019,-0.311,10.174,-0.011,0.005,-0.026,25.242
45402,-0.014,-0.301,10.169,-0.011,0.004,-0.026,25.238
45412,0.153,-0.268,10.150,-0.010,0.005,-0.028,25.238
45422,0.158,-0.335,10.203,-0.009,0.007,-0.068,25.254
45432,0.617,-0.359,10.150,-0.006,0.013,-0.112,25.254
45442,0.952,-0.258,10.241,-0.011,0.002,-0.263,25.238
45452,-0.584,-0.249,10.337,-0.013,0.006,-0.425,25.238
45462,1.015,-0.354,9.801,-0.007,0.026,-0.381,25.219
45472,-1.383,-0.182,10.189,0.001,0.022,-0.297,25.219
45482,-1.105,-0.148,10.638,-0.021,-0.029,-0.255,25.246
45492,1.134,-0.383,9.480,-0.009,0.035,-0.121,25.246
45502,-1.139,-0.091,10.385,-0.018,-0.020,-0.140,25.242
45512,-0.120,-0.349,10.447,-0.013,-0.009,-0.072,25.242
45522,-0.014,-0.273,10.102,-0.012,0.010,-0.034,25.230
45532,-0.081,-0.254,10.035,-0.011,0.007,-0.027,25.230
45542,-0.043,-0.273,10.117,-0.011,0.004,-0.028,25.230
45552,-0.024,-0.301,10.203,-0.010,0.002,-0.027,25.230
45562,-0.038,-0.297,10.179,-0.010,0.004,-0.027,25.270
45572,-0.024,-0.282,10.184,-0.010,0.004,-0.027,25.270
45582,-0.019,-0.287,10.160,-0.010,0.005,-0.027,25.254
45592,-0.024,-0.287,10.193,-0.011,0.005,-0.027,25.254
45602,-0.043,-0.301,10.174,-0.011,0.005,-0.027,25.270
45612,-0.029,-0.301,10.150,-0.010,0.005,-0.027,25.270
45622,-0.024,-0.292,10.174,-0.010,0.005,-0.027,25.254
45632,-0.014,-0.292,10.165,-0.010,0.005,-0.027,25.254
45642,-0.033,-0.282,10.160,-0.011,0.005,-0.026,25.246
45652,-0.010,-0.301,10.165,-0.011,0.004,-0.026,25.246
45662,-0.010,-0.287,10.150,-0.012,0.005,-0.022,25.281
45672,-0.244,-0.268,10.169,-0.012,0.004,-0.016,25.281
45682,0.191,-0.311,10.179,-0.009,0.004,-0.002,25.254
45692,-0.024,-0.297,10.160,-0.009,0.006,-0.024,25.254
45702,-0.024,-0.301,10.169,-0.010,0.005,-0.027,25.230
45712,-0.019,-0.306,10.165,-0.010,0.005,-0.026,25.230
45722,-0.019,-0.297,10.165,-0.010,0.005,-0.026,25.246
45732,-0.024,-0.287,10.160,-0.011,0.005,-0.026,25.246
45742,-0.029,-0.287,10.189,-0.011,0.004,-0.026,25.270
45752,-0.029,-0.301,10.169,-0.010,0.005,-0.026,25.270
45762,-0.029,-0.282,10.169,-0.011,0.005,-0.027,25.211
45772,-0.057,-0.297,10.160,-0.010,0.005,-0.027,25.211
45782,-0.019,-0.287,10.146,-0.010,0.004,-0.027,25.211
45792,-0.019,-0.297,10.160,-0.011,0.004,-0.027,25.211
45802,-0.019,-0.301,10.155,-0.011,0.005,-0.027,25.281
45812,-0.024,-0.282,10.169,-0.011,0.005,-0.027,25.281
45822,-0.029,-0.297,10.169,-0.010,0.005,-0.027,25.273
45832,-0.024,-0.273,10.169,-0.010,0.004,-0.027,25.273
45842,-0.029,-0.282,10.165,-0.011,0.005,-0.026,25.223
45852,-0.038,-0.287,10.179,-0.012,0.004,-0.027,25.223
45862,-0.024,-0.316,10.165,-0.011,0.004,-0.026,25.250
45872,-0.043,-0.282,10.165,-0.011,0.004,-0.027,25.250
45882,-0.014,-0.287,10.150,-0.011,0.004,-0.026,25.215
45892,0.000,-0.316,10.165,-0.012,0.004,-0.026,25.215
45902,-0.024,-0.297,10.160,-0.011,0.005,-0.027,25.273
45912,-0.029,-0.273,10.184,-0.011,0.004,-0.026,25.254
45932,-0.029,-0.292,10.179,-0.013,0.004,-0.026,25.215
45942,-0.010,-0.292,10.155,-0.013,0.004,-0.026,25.215
45952,-0.014,-0.282,10.174,-0.012,0.004,-0.027,25.219
45962,-0.014,-0.287,10.160,-0.011,0.004,-0.027,25.219
45972,-0.019,-0.316,10.155,-0.011,0.005,-0.027,25.270
45982,-0.005,-0.292,10.174,-0.011,0.005,-0.027,25.270
45992,-0.038,-0.292,10.155,-0.012,0.005,-0.026,25.230
46002,-0.019,-0.278,10.165,-0.011,0.004,-0.027,25.230
46012,-0.010,-0.292,10.169,-0.010,0.005,-0.027,25.227
46022,-0.005,-0.273,10.146,-0.010,0.005,-0.027,25.227
46032,-0.024,-0.258,10.169,-0.010,0.005,-0.026,25.191
46042,-0.019,-0.292,10.150,-0.010,0.005,-0.027,25.191
46052,-0.029,-0.249,10.160,-0.010,0.004,-0.027,25.238
46062,-0.005,-0.321,10.184,-0.005,0.004,-0.039,25.238
46072,-0.029,-0.321,10.160,-0.011,0.005,-0.032,25.230
46082,-0.029,-0.306,10.150,-0.012,0.004,-0.026,25.230
46092,-0.033,-0.297,10.160,-0.012,0.004,-0.023,25.223
46102,-0.043,-0.287,10.141,-0.011,0.004,-0.026,25.223
46112,-0.024,-0.278,10.174,-0.010,0.004,-0.027,25.227
46122,-0.014,-0.292,10.146,-0.009,0.004,-0.029,25.227
46132,-0.019,-0.316,10.165,-0.007,0.005,-0.031,25.242
46142,-0.019,-0.306,10.169,-0.010,0.005,-0.028,25.242
46152,-0.024,-0.297,10.174,-0.010,0.006,-0.027,25.223
46162,-0.024,-0.292,10.165,-0.010,0.005,-0.027,25.223
46172,-0.029,-0.297,10.136,-0.011,0.005,-0.026,25.254
46182,-0.038,-0.292,10.169,-0.011,0.005,-0.026,25.254
46192,-0.029,-0.282,10.174,-0.010,0.005,-0.027,25.238
46202,0.000,-0.301,10.169,-0.010,0.006,-0.027,25.238
46212,-0.024,-0.311,10.150,-0.011,0.006,-0.027,25.223
46222,-0.024,-0.292,10.160,-0.011,0.005,-0.027,25.223
46232,-0.019,-0.287,10.184,-0.010,0.005,-0.027,25.250
46242,-0.019,-0.301,10.169,-0.010,0.005,-0.027,25.250
46252,-0.043,-0.321,10.174,-0.011,0.004,-0.027,25.270
46262,0.005,-0.316,10.174,-0.011,0.004,-0.027,25.270
46272,-0.033,-0.282,10.179,-0.010,0.006,-0.026,25.238
46282,-0.038,-0.278,10.184,-0.010,0.004,-0.026,25.238
46292,-0.033,-0.287,10.174,-0.011,0.004,-0.027,25.234
46302,-0.019,-0.297,10.160,-0.011,0.005,-0.027,25.234
46312,-0.019,-0.297,10.155,-0.010,0.005,-0.027,25.258
46322,-0.029,-0.292,10.169,-0.010,0.005,-0.027,25.258
46332,-0.024,-0.278,10.165,-0.010,0.005,-0.026,25.250
46342,-0.010,-0.282,10.165,-0.010,0.005,-0.027,25.250
46352,-0.024,-0.292,10.150,-0.010,0.005,-0.028,25.230
46362,-0.024,-0.292,10.165,-0.010,0.005,-0.028,25.230
46372,-0.029,-0.287,10.150,-0.010,0.005,-0.027,25.242
46382,-0.010,-0.297,10.160,-0.011,0.005,-0.027,25.242
46392,-0.019,-0.287,10.160,-0.011,0.004,-0.026,25.258
46402,-0.019,-0.287,10.169,-0.011,0.005,-0.026,25.258
46412,-0.043,-0.287,10.174,-0.011,0.004,-0.026,25.230
46422,-0.014,-0.287,10.155,-0.011,0.004,-0.026,25.230
46432,-0.048,-0.292,10.169,-0.012,0.005,-0.024,25.281
46442,-0.010,-0.297,10.165,-0.011,0.005,-0.018,25.281
46452,0.005,-0.306,10.160,-0.011,0.005,-0.023,25.246
46462,-0.029,-0.287,10.160,-0.011,0.005,-0.027,25.246
46472,-0.043,-0.287,10.150,-0.011,0.004,-0.026,25.191
46482,-0.014,-0.282,10.169,-0.011,0.005,-0.026,25.191
46492,-0.033,-0.311,10.150,-0.010,0.004,-0.026,25.227
46502,-0.033,-0.282,10.179,-0.011,0.005,-0.026,25.227
46512,-0.024,-0.292,10.189,-0.010,0.005,-0.026,25.219
46522,-0.043,-0.292,10.174,-0.011,0.005,-0.027,25.219
46532,-0.029,-0.297,10.165,-0.010,0.004,-0.026,25.273
46542,-0.014,-0.306,10.174,-0.010,0.006,-0.026,25.273
46552,-0.024,-0.282,10.150,-0.010,0.005,-0.026,25.250
46562,-0.029,-0.292,10.169,-0.010,0.006,-0.027,25.250
46572,-0.029,-0.292,10.169,-0.010,0.005,-0.027,25.293
46582,-0.038,-0.306,10.165,-0.010,0.005,-0.028,25.293
46592,-0.019,-0.297,10.174,-0.010,0.005,-0.027,25.238
46602,-0.014,-0.287,10.160,-0.010,0.005,-0.027,25.238
46612,0.005,-0.292,10.165,-0.010,0.005,-0.026,25.281
46622,-0.019,-0.282,10.165,-0.010,0.005,-0.027,25.281
46632,-0.033,-0.282,10.165,-0.010,0.005,-0.026,25.270
46642,-0.038,-0.301,10.160,-0.010,0.005,-0.026,25.270
46652,-0.014,-0.268,10.179,-0.010,0.006,-0.027,25.281
46662,-0.019,-0.297,10.179,-0.010,0.004,-0.027,25.281
46672,-0.024,-0.292,10.146,-0.010,0.005,-0.027,25.250
46682,-0.029,-0.292,10.155,-0.011,0.005,-0.026,25.250
46692,-0.019,-0.292,10.184,-0.010,0.005,-0.027,25.223
46702,-0.043,-0.297,10.165,-0.011,0.005,-0.027,25.223
46712,-0.019,-0.278,10.165,-0.011,0.005,-0.026,25.211
46722,-0.029,-0.292,10.160,-0.011,0.005,-0.026,25.211
46732,0.005,-0.282,10.189,-0.012,0.005,-0.027,25.219
46742,-0.029,-0.292,10.179,-0.010,0.005,-0.027,25.219
46752,-0.024,-0.297,10.141,-0.010,0.005,-0.027,25.285
46762,-0.038,-0.278,10.160,-0.010,0.005,-0.027,25.285
46772,-0.005,-0.325,10.169,-0.011,0.005,-0.027,25.266
46782,-0.048,-0.306,10.155,-0.011,0.005,-0.027,25.266
46792,-0.033,-0.292,10.179,-0.011,0.005,-0.027,25.227
46802,-0.014,-0.301,10.160,-0.011,0.005,-0.027,25.227
46812,-0.014,-0.301,10.174,-0.011,0.004,-0.027,25.266
46822,-0.048,-0.287,10.165,-0.010,0.004,-0.026,25.266
46832,-0.043,-0.278,10.150,-0.011,0.005,-0.027,25.227
46842,-0.014,-0.297,10.169,-0.010,0.005,-0.027,25.227
46852,-0.038,-0.301,10.174,-0.011,0.005,-0.027,25.238
46862,-0.024,-0.292,10.150,-0.010,0.005,-0.027,25.238
46872,-0.010,-0.292,10.174,-0.010,0.004,-0.027,25.285
46882,-0.019,-0.297,10.165,-0.010,0.005,-0.027,25.285
46892,-0.024,-0.301,10.165,-0.011,0.005,-0.027,25.242
46902,-0.005,-0.282,10.179,-0.010,0.005,-0.026,25.242
46912,-0.043,-0.297,10.160,-0.010,0.005,-0.027,25.262
46922,-0.014,-0.282,10.165,-0.011,0.005,-0.027,25.262
46932,-0.029,-0.311,10.169,-0.011,0.004,-0.027,25.250
46942,-0.024,-0.306,10.165,-0.010,0.004,-0.026,25.250
46952,-0.024,-0.287,10.165,-0.011,0.005,-0.026,25.285
46962,-0.005,-0.292,10.165,-0.010,0.005,-0.027,25.285
46972,-0.005,-0.301,10.155,-0.010,0.005,-0.027,25.289
46982,-0.029,-0.292,10.165,-0.011,0.005,-0.027,25.289
47002,-0.024,-0.287,10.155,-0.011,0.005,-0.027,25.258
47012,-0.019,-0.306,10.146,-0.010,0.004,-0.027,25.258
47022,-0.019,-0.287,10.160,-0.011,0.004,-0.026,25.254
47032,-0.024,-0.301,10.165,-0.010,0.005,-0.027,25.254
47042,-0.029,-0.287,10.184,-0.011,0.005,-0.027,25.270
47052,-0.014,-0.297,10.160,-0.010,0.005,-0.027,25.270
47062,-0.024,-0.287,10.184,-0.010,0.004,-0.027,25.277
47072,-0.024,-0.287,10.184,-0.011,0.005,-0.027,25.277
47082,-0.014,-0.301,10.155,-0.011,0.005,-0.026,25.277
47092,-0.005,-0.297,10.169,-0.011,0.005,-0.027,25.277
47102,-0.029,-0.278,10.160,-0.011,0.005,-0.026,25.281
47112,-0.019,-0.282,10.155,-0.011,0.005,-0.026,25.281
47122,0.000,-0.306,10.174,-0.010,0.004,-0.026,25.254
47132,-0.010,-0.282,10.174,-0.010,0.005,-0.027,25.254
47142,-0.014,-0.282,10.165,-0.010,0.005,-0.027,25.250
47152,-0.005,-0.278,10.165,-0.011,0.005,-0.026,25.250
47162,-0.024,-0.282,10.165,-0.011,0.004,-0.027,25.254
47172,-0.005,-0.292,10.174,-0.010,0.004,-0.027,25.254
47182,-0.024,-0.292,10.155,-0.010,0.005,-0.027,25.273
47192,-0.014,-0.297,10.150,-0.011,0.005,-0.027,25.273
47202,-0.019,-0.287,10.184,-0.011,0.004,-0.027,25.277
47212,-0.033,-0.301,10.169,-0.011,0.005,-0.027,25.277
47222,-0.019,-0.292,10.150,-0.011,0.005,-0.027,25.258
47232,-0.010,-0.278,10.169,-0.011,0.005,-0.027,25.258
47242,-0.043,-0.297,10.174,-0.010,0.005,-0.027,25.242
47252,-0.038,-0.301,10.150,-0.010,0.005,-0.026,25.242
47262,-0.043,-0.287,10.174,-0.010,0.005,-0.026,25.281
47272,-0.024,-0.297,10.160,-0.011,0.005,-0.026,25.281
47282,-0.033,-0.287,10.169,-0.010,0.005,-0.027,25.266
47292,-0.019,-0.301,10.165,-0.011,0.004,-0.027,25.266
47302,-0.029,-0.292,10.174,-0.011,0.005,-0.026,25.234
47312,-0.014,-0.287,10.160,-0.010,0.005,-0.026,25.234
47322,-0.043,-0.292,10.174,-0.011,0.004,-0.026,25.258
47332,-0.029,-0.287,10.179,-0.010,0.005,-0.027,25.258
47342,-0.005,-0.292,10.179,-0.010,0.005,-0.027,25.281
47352,-0.024,-0.287,10.179,-0.010,0.005,-0.027,25.281
47362,-0.029,-0.292,10.155,-0.010,0.004,-0.027,25.258
47372,-0.019,-0.301,10.146,-0.011,0.005,-0.028,25.258
47382,-0.010,-0.287,10.155,-0.011,0.005,-0.028,25.254
47392,-0.024,-0.282,10.160,-0.010,0.005,-0.027,25.254
47402,-0.019,-0.278,10.160,-0.011,0.005,-0.027,25.250
47412,-0.014,-0.292,10.155,-0.011,0.005,-0.027,25.250
47422,-0.043,-0.297,10.169,-0.010,0.004,-0.027,25.281
47432,-0.038,-0.297,10.169,-0.011,0.004,-0.027,25.281
47442,-0.019,-0.292,10.146,-0.011,0.005,-0.026,25.289
47452,-0.033,-0.282,10.160,-0.011,0.005,-0.027,25.289
47462,-0.024,-0.297,10.165,-0.011,0.005,-0.026,25.246
47472,-0.057,-0.301,10.165,-0.011,0.005,-0.026,25.246
47482,-0.005,-0.278,10.155,-0.011,0.004,-0.027,25.277
47492,-0.029,-0.297,10.155,-0.011,0.005,-0.027,25.277
47502,-0.029,-0.278,10.160,-0.010,0.005,-0.027,25.270
47512,-0.043,-0.282,10.179,-0.010,0.005,-0.027,25.270
47522,-0.029,-0.273,10.165,-0.011,0.005,-0.026,25.285
47532,-0.024,-0.301,10.146,-0.010,0.005,-0.027,25.285
47542,-0.029,-0.287,10.160,-0.011,0.005,-0.027,25.211
47552,-0.043,-0.282,10.169,-0.011,0.005,-0.028,25.211
47562,-0.029,-0.292,10.179,-0.011,0.005,-0.028,25.262
47572,-0.010,-0.311,10.174,-0.011,0.005,-0.027,25.262
47582,-0.024,-0.287,10.179,-0.010,0.004,-0.027,25.293
47592,-0.024,-0.301,10.165,-0.010,0.005,-0.027,25.293
47602,-0.024,-0.292,10.160,-0.011,0.005,-0.026,25.305
47612,-0.033,-0.292,10.174,-0.011,0.004,-0.027,25.305
47622,-0.033,-0.278,10.169,-0.010,0.005,-0.027,25.242
47632,0.019,-0.301,10.160,-0.011,0.005,-0.027,25.242
47642,-0.033,-0.297,10.174,-0.010,0.005,-0.027,25.242
47652,-0.014,-0.306,10.169,-0.010,0.005,-0.027,25.242
47662,-0.048,-0.301,10.179,-0.011,0.005,-0.026,25.254
47672,-0.014,-0.287,10.141,-0.010,0.005,-0.026,25.254
47682,-0.038,-0.311,10.150,-0.010,0.005,-0.026,25.285
47692,-0.033,-0.301,10.160,-0.011,0.005,-0.027,25.285
47702,-0.048,-0.278,10.165,-0.010,0.006,-0.027,25.254
47712,-0.033,-0.287,10.165,-0.010,0.005,-0.027,25.254
47722,-0.029,-0.273,10.136,-0.010,0.005,-0.027,25.219
47732,-0.029,-0.306,10.169,-0.011,0.005,-0.027,25.219
47742,-0.038,-0.292,10.150,-0.010,0.005,-0.027,25.246
47752,0.000,-0.301,10.174,-0.010,0.005,-0.027,25.246
47762,0.005,-0.278,10.160,-0.011,0.005,-0.027,25.273
47772,-0.033,-0.282,10.150,-0.010,0.005,-0.027,25.273
47782,-0.029,-0.297,10.169,-0.010,0.005,-0.027,25.266
47792,-0.048,-0.282,10.141,-0.010,0.004,-0.027,25.266
47802,-0.043,-0.282,10.193,-0.011,0.005,-0.027,25.242
47812,-0.053,-0.297,10.169,-0.011,0.005,-0.026,25.242
47822,-0.038,-0.297,10.160,-0.012,0.005,-0.026,25.270
47832,-0.033,-0.297,10.141,-0.011,0.005,-0.027,25.270
47842,-0.005,-0.301,10.155,-0.011,0.004,-0.027,25.250
47852,-0.019,-0.301,10.179,-0.010,0.005,-0.027,25.250
47862,-0.024,-0.301,10.160,-0.010,0.005,-0.027,25.277
47872,-0.014,-0.273,10.174,-0.011,0.005,-0.026,25.277
47882,-0.019,-0.282,10.169,-0.011,0.005,-0.027,25.273
47892,-0.024,-0.282,10.146,-0.011,0.005,-0.026,25.273
47902,-0.033,-0.292,10.179,-0.011,0.004,-0.026,25.254
47912,-0.024,-0.311,10.174,-0.010,0.005,-0.027,25.254
47922,-0.033,-0.297,10.169,-0.010,0.004,-0.027,25.270
47932,-0.029,-0.301,10.179,-0.011,0.006,-0.027,25.270
47942,-0.024,-0.278,10.174,-0.010,0.005,-0.027,25.262
47952,-0.014,-0.282,10.165,-0.010,0.005,-0.027,25.262
47962,-0.019,-0.292,10.169,-0.010,0.005,-0.027,25.313
47972,-0.038,-0.282,10.160,-0.011,0.005,-0.027,25.313
47982,-0.019,-0.273,10.169,-0.010,0.005,-0.027,25.262
47992,-0.029,-0.278,10.179,-0.010,0.004,-0.027,25.262
48002,-0.010,-0.278,10.141,-0.010,0.005,-0.026,25.254
48012,-0.038,-0.282,10.141,-0.010,0.005,-0.027,25.254
48022,0.000,-0.282,10.179,-0.010,0.005,-0.026,25.270
48032,-0.019,-0.268,10.155,-0.010,0.005,-0.027,25.270
48042,-0.029,-0.287,10.150,-0.010,0.004,-0.026,25.305
48052,-0.038,-0.297,10.155,-0.010,0.005,-0.026,25.305
48062,-0.010,-0.316,10.179,-0.010,0.005,-0.026,25.297
48072,-0.014,-0.292,10.169,-0.009,0.005,-0.026,25.297
48092,-0.014,-0.292,10.160,-0.010,0.005,-0.027,25.254
48102,-0.033,-0.301,10.184,-0.011,0.005,-0.027,25.254
48112,-0.029,-0.263,10.155,-0.011,0.004,-0.027,25.289
48122,-0.043,-0.287,10.165,-0.010,0.004,-0.027,25.289
48132,-0.019,-0.287,10.169,-0.010,0.005,-0.026,25.254
48142,-0.029,-0.268,10.189,-0.011,0.005,-0.027,25.254
48152,-0.024,-0.278,10.160,-0.011,0.005,-0.027,25.258
48162,-0.038,-0.282,10.160,-0.011,0.005,-0.027,25.258
48172,-0.033,-0.273,10.165,-0.010,0.005,-0.027,25.289
48182,-0.033,-0.311,10.160,-0.011,0.005,-0.027,25.289
48192,-0.033,-0.297,10.165,-0.011,0.005,-0.026,25.289
48202,-0.033,-0.301,10.165,-0.010,0.005,-0.026,25.289
48212,-0.019,-0.306,10.155,-0.010,0.006,-0.026,25.273
48222,-0.024,-0.278,10.179,-0.011,0.004,-0.027,25.273
48232,-0.029,-0.297,10.160,-0.010,0.005,-0.026,25.281
48242,-0.043,-0.297,10.160,-0.010,0.005,-0.026,25.281
48252,-0.010,-0.282,10.184,-0.010,0.005,-0.027,25.297
48262,-0.038,-0.292,10.169,-0.010,0.005,-0.027,25.297
48272,-0.038,-0.301,10.169,-0.011,0.005,-0.027,25.301
48282,-0.014,-0.287,10.165,-0.011,0.005,-0.027,25.301
48292,-0.038,-0.297,10.165,-0.011,0.005,-0.027,25.301
48302,-0.010,-0.287,10.179,-0.012,0.004,-0.027,25.301
48312,-0.024,-0.282,10.155,-0.011,0.005,-0.026,25.270
48322,-0.019,-0.297,10.165,-0.011,0.005,-0.027,25.270
48332,-0.033,-0.306,10.160,-0.011,0.005,-0.027,25.270
48342,-0.029,-0.301,10.155,-0.011,0.005,-0.027,25.270
48352,-0.038,-0.306,10.146,-0.010,0.005,-0.027,25.281
48362,-0.029,-0.282,10.165,-0.010,0.005,-0.027,25.281
48372,-0.043,-0.287,10.165,-0.010,0.005,-0.028,25.250
48382,-0.019,-0.292,10.165,-0.010,0.005,-0.027,25.250
48392,0.077,-0.306,10.165,-0.010,0.005,-0.028,25.301
48402,-0.072,-0.292,10.198,-0.011,0.006,-0.044,25.301
48412,-0.048,-0.297,10.174,-0.011,0.006,-0.033,25.293
48422,-0.029,-0.297,10.160,-0.011,0.006,-0.028,25.293
48432,-0.014,-0.292,10.179,-0.011,0.005,-0.029,25.262
48442,0.005,-0.297,10.160,-0.010,0.004,-0.031,25.262
48452,0.000,-0.306,10.165,-0.010,0.005,-0.033,25.289
48462,-0.019,-0.278,10.141,-0.010,0.005,-0.035,25.289
48472,-0.043,-0.301,10.165,-0.011,0.005,-0.034,25.293
48482,-0.072,-0.297,10.160,-0.011,0.004,-0.032,25.293
48492,-0.033,-0.297,10.141,-0.010,0.004,-0.027,25.258
48502,-0.033,-0.287,10.169,-0.011,0.004,-0.029,25.258
48512,-0.024,-0.292,10.174,-0.012,0.004,-0.031,25.277
48522,-0.024,-0.306,10.150,-0.011,0.004,-0.031,25.277
48532,-0.053,-0.268,10.155,-0.010,0.005,-0.031,25.273
48542,-0.053,-0.282,10.160,-0.011,0.004,-0.031,25.273
48552,-0.014,-0.282,10.184,-0.010,0.002,-0.029,25.273
48562,-0.033,-0.282,10.146,-0.011,0.004,-0.029,25.273
48572,-0.014,-0.292,10.160,-0.010,0.004,-0.031,25.266
48582,-0.033,-0.292,10.160,-0.010,0.004,-0.032,25.266
48592,-0.038,-0.301,10.193,-0.010,0.004,-0.032,25.293
48602,-0.010,-0.306,10.189,-0.010,0.004,-0.033,25.293
48612,-0.014,-0.292,10.179,-0.011,0.005,-0.034,25.289
48622,0.000,-0.273,10.184,-0.010,0.005,-0.037,25.289
48632,0.077,-0.311,10.179,-0.009,0.005,-0.048,25.320
48642,0.043,-0.268,10.169,-0.009,0.007,-0.081,25.320
48652,0.483,-0.306,10.155,-0.010,0.006,-0.160,25.305
48662,0.249,-0.340,10.189,-0.010,0.005,-0.266,25.305
48672,-0.019,-0.325,10.155,-0.011,0.009,-0.329,25.309
48682,0.043,-0.187,9.954,-0.007,0.015,-0.319,25.309
48692,-0.613,-0.206,10.270,-0.005,0.011,-0.265,25.301
48702,-0.689,-0.297,10.466,-0.012,-0.007,-0.203,25.301
48712,0.144,-0.215,10.117,-0.012,0.010,-0.079,25.254
48722,-0.201,-0.258,9.921,-0.011,0.012,-0.073,25.254
48732,0.005,-0.311,10.169,-0.010,0.000,-0.033,25.262
48742,0.005,-0.278,10.232,-0.012,0.001,-0.023,25.262
48752,-0.014,-0.278,10.203,-0.011,0.005,-0.023,25.250
48762,-0.072,-0.287,10.160,-0.011,0.004,-0.021,25.250
48772,0.000,-0.335,10.169,-0.013,0.004,-0.012,25.281
48782,-0.010,-0.316,10.165,-0.012,0.004,-0.010,25.281
48792,0.005,-0.297,10.160,-0.011,0.004,-0.009,25.309
48802,-0.033,-0.278,10.174,-0.010,0.004,-0.021,25.309
48812,-0.005,-0.301,10.174,-0.011,0.005,-0.024,25.273
48822,-0.029,-0.278,10.174,-0.011,0.005,-0.026,25.273
48832,-0.029,-0.278,10.165,-0.011,0.005,-0.026,25.285
48842,-0.019,-0.292,10.160,-0.011,0.005,-0.027,25.285
48852,-0.033,-0.282,10.165,-0.011,0.005,-0.027,25.289
48862,-0.033,-0.292,10.165,-0.010,0.004,-0.026,25.289
48872,-0.005,-0.278,10.165,-0.011,0.004,-0.027,25.254
48882,0.000,-0.297,10.155,-0.011,0.005,-0.028,25.254
48892,-0.014,-0.292,10.184,-0.010,0.004,-0.026,25.242
48902,-0.029,-0.282,10.179,-0.011,0.005,-0.026,25.242
48912,-0.038,-0.292,10.169,-0.011,0.005,-0.027,25.289
48922,-0.029,-0.306,10.174,-0.011,0.005,-0.026,25.289
48932,-0.010,-0.292,10.165,-0.010,0.004,-0.027,25.266
48942,-0.029,-0.301,10.165,-0.010,0.004,-0.026,25.266
48952,-0.024,-0.311,10.174,-0.010,0.004,-0.027,25.301
48962,-0.024,-0.297,10.174,-0.011,0.005,-0.027,25.301
48972,0.000,-0.297,10.169,-0.011,0.004,-0.026,25.270
48982,-0.019,-0.297,10.165,-0.011,0.005,-0.027,25.270
48992,-0.019,-0.301,10.169,-0.010,0.005,-0.026,25.238
49002,-0.033,-0.297,10.189,-0.010,0.004,-0.027,25.238
49012,-0.024,-0.297,10.160,-0.010,0.005,-0.026,25.270
49022,-0.005,-0.292,10.174,-0.010,0.005,-0.027,25.270
49032,-0.019,-0.278,10.169,-0.011,0.005,-0.027,25.281
49042,-0.033,-0.278,10.165,-0.011,0.005,-0.027,25.281
49052,-0.033,-0.301,10.150,-0.011,0.004,-0.026,25.289
49062,-0.010,-0.292,10.189,-0.011,0.004,-0.027,25.289
49072,-0.014,-0.282,10.179,-0.012,0.004,-0.027,25.277
49082,-0.024,-0.273,10.165,-0.011,0.004,-0.027,25.277
49092,-0.053,-0.292,10.165,-0.011,0.005,-0.027,25.266
49102,-0.014,-0.297,10.193,-0.011,0.004,-0.026,25.266
49112,-0.019,-0.292,10.169,-0.012,0.005,-0.027,25.281
49122,-0.043,-0.292,10.155,-0.011,0.004,-0.027,25.281
49142,-0.019,-0.282,10.165,-0.010,0.005,-0.026,25.273
49152,-0.019,-0.287,10.155,-0.007,0.006,-0.027,25.273
49162,-0.033,-0.292,10.165,-0.012,0.004,-0.027,25.273
49172,-0.038,-0.278,10.155,-0.015,0.002,-0.026,25.273
49182,-0.024,-0.278,10.146,-0.011,0.005,-0.024,25.297
49192,0.010,-0.349,10.222,-0.017,0.000,-0.026,25.297
49202,-0.029,-0.230,10.112,-0.005,0.007,-0.026,25.320
49212,-0.024,-0.301,10.208,-0.022,-0.002,-0.023,25.320
49222,-0.043,-0.254,10.098,-0.012,0.004,-0.023,25.266
49232,-0.024,-0.297,10.193,-0.018,-0.001,-0.024,25.266
49242,-0.014,-0.292,10.193,-0.015,0.004,-0.023,25.242
49252,-0.024,-0.287,10.179,-0.012,0.006,-0.026,25.242
49262,-0.029,-0.306,10.160,-0.013,0.006,-0.026,25.273
49272,-0.033,-0.268,10.150,-0.013,0.004,-0.027,25.273
49282,-0.014,-0.292,10.189,-0.013,0.004,-0.027,25.234
49292,-0.029,-0.297,10.169,-0.011,0.005,-0.027,25.234
49302,0.000,-0.297,10.179,-0.012,0.004,-0.027,25.250
49312,0.005,-0.287,10.189,-0.010,0.005,-0.027,25.250
49322,-0.010,-0.306,10.165,-0.011,0.006,-0.026,25.273
49332,-0.033,-0.278,10.150,-0.011,0.005,-0.026,25.273
49342,-0.029,-0.287,10.169,-0.010,0.004,-0.027,25.277
49352,-0.024,-0.292,10.160,-0.011,0.004,-0.027,25.277
49362,-0.005,-0.297,10.160,-0.011,0.004,-0.026,25.273
49372,-0.019,-0.292,10.169,-0.011,0.005,-0.027,25.273
49382,-0.010,-0.311,10.160,-0.011,0.005,-0.027,25.254
49392,-0.024,-0.297,10.146,-0.011,0.005,-0.027,25.254
49402,-0.029,-0.287,10.160,-0.011,0.005,-0.027,25.293
49412,-0.019,-0.268,10.165,-0.011,0.005,-0.027,25.293
49422,-0.033,-0.282,10.179,-0.011,0.005,-0.027,25.242
49432,0.000,-0.287,10.179,-0.011,0.005,-0.027,25.242
49442,0.000,-0.306,10.169,-0.011,0.005,-0.027,25.309
49452,-0.038,-0.311,10.174,-0.011,0.004,-0.027,25.309
49462,-0.024,-0.297,10.165,-0.011,0.005,-0.027,25.285
49472,-0.014,-0.292,10.160,-0.012,0.005,-0.027,25.285
49482,-0.024,-0.306,10.174,-0.011,0.004,-0.027,25.285
49492,-0.010,-0.287,10.160,-0.011,0.005,-0.027,25.285
49502,-0.024,-0.287,10.150,-0.011,0.005,-0.027,25.305
49512,-0.024,-0.292,10.169,-0.010,0.005,-0.027,25.305
49522,-0.024,-0.301,10.160,-0.011,0.004,-0.027,25.277
49532,-0.019,-0.301,10.165,-0.011,0.005,-0.027,25.277
49542,-0.048,-0.306,10.165,-0.010,0.005,-0.027,25.285
49552,-0.024,-0.292,10.184,-0.010,0.006,-0.027,25.285
49562,-0.029,-0.311,10.169,-0.011,0.005,-0.026,25.301
49572,-0.024,-0.287,10.160,-0.010,0.005,-0.027,25.301
49582,-0.033,-0.292,10.189,-0.011,0.005,-0.027,25.270
49592,0.014,-0.292,10.160,-0.010,0.004,-0.027,25.270
49602,-0.010,-0.306,10.165,-0.010,0.005,-0.027,25.285
49612,-0.019,-0.287,10.155,-0.010,0.005,-0.027,25.285
49622,-0.033,-0.316,10.160,-0.010,0.005,-0.027,25.234
49632,-0.024,-0.297,10.165,-0.010,0.005,-0.027,25.234
49642,-0.024,-0.278,10.174,-0.010,0.004,-0.026,25.277
49652,-0.010,-0.306,10.169,-0.010,0.005,-0.027,25.277
49662,-0.033,-0.292,10.179,-0.010,0.005,-0.027,25.273
49672,-0.019,-0.287,10.150,-0.011,0.005,-0.027,25.273
49682,-0.010,-0.287,10.169,-0.010,0.005,-0.027,25.289
49692,-0.029,-0.292,10.155,-0.011,0.005,-0.026,25.289
49702,-0.024,-0.287,10.174,-0.010,0.005,-0.027,25.242
49712,-0.048,-0.292,10.150,-0.010,0.004,-0.027,25.242
49722,-0.014,-0.292,10.184,-0.010,0.005,-0.027,25.309
49732,-0.014,-0.301,10.165,-0.011,0.005,-0.026,25.309
49742,-0.038,-0.321,10.150,-0.010,0.005,-0.026,25.309
49752,-0.019,-0.282,10.155,-0.010,0.004,-0.027,25.309
49762,-0.014,-0.297,10.150,-0.010,0.005,-0.027,25.293
49772,-0.024,-0.287,10.179,-0.010,0.005,-0.027,25.293
49782,-0.048,-0.297,10.155,-0.011,0.005,-0.027,25.289
49792,-0.019,-0.282,10.165,-0.010,0.004,-0.026,25.289
49802,-0.024,-0.311,10.174,-0.010,0.005,-0.027,25.273
49812,-0.010,-0.301,10.184,-0.011,0.005,-0.027,25.273
49822,-0.033,-0.292,10.150,-0.010,0.005,-0.028,25.309
49832,-0.010,-0.321,10.169,-0.011,0.006,-0.027,25.309
49842,-0.029,-0.273,10.179,-0.011,0.005,-0.027,25.266
49852,-0.024,-0.287,10.155,-0.011,0.004,-0.027,25.266
49862,-0.029,-0.249,10.141,-0.010,0.004,-0.027,25.348
49872,-0.029,-0.335,10.165,-0.023,-0.002,-0.023,25.348
49882,0.010,-0.306,10.174,-0.002,0.006,-0.026,25.313
49892,-0.014,-0.249,10.165,-0.011,0.004,-0.027,25.313
49902,-0.024,-0.287,10.155,-0.013,0.004,-0.026,25.293
49912,-0.010,-0.273,10.174,-0.010,0.005,-0.026,25.293
49922,0.000,-0.278,10.150,-0.011,0.004,-0.026,25.320
49932,-0.024,-0.297,10.165,-0.012,0.004,-0.026,25.320
49942,-0.038,-0.287,10.150,-0.005,0.007,-0.027,25.309
49952,-0.033,-0.268,10.150,-0.012,0.002,-0.026,25.309
49962,-0.043,-0.301,10.160,-0.009,0.005,-0.027,25.277
49972,-0.019,-0.287,10.169,-0.007,0.009,-0.028,25.277
49982,-0.024,-0.297,10.141,-0.006,0.007,-0.028,25.293
49992,-0.019,-0.306,10.150,-0.007,0.006,-0.027,25.293
50002,-0.038,-0.306,10.184,-0.005,0.007,-0.027,25.297
50012,-0.033,-0.297,10.165,-0.009,0.006,-0.028,25.297
50022,-0.029,-0.321,10.179,-0.006,0.007,-0.027,25.293
50032,-0.029,-0.282,10.155,-0.007,0.007,-0.028,25.293
50042,-0.033,-0.292,10.169,-0.009,0.006,-0.027,25.277
50052,-0.014,-0.297,10.160,-0.007,0.006,-0.028,25.277
50062,-0.024,-0.282,10.160,-0.006,0.006,-0.028,25.273
50072,-0.033,-0.287,10.155,-0.007,0.005,-0.028,25.273
50082,-0.014,-0.292,10.174,-0.009,0.005,-0.027,25.277
50092,-0.024,-0.306,10.174,-0.010,0.005,-0.027,25.277
50102,-0.024,-0.268,10.160,-0.010,0.005,-0.027,25.254
50112,-0.014,-0.273,10.174,-0.010,0.006,-0.027,25.254
50122,-0.038,-0.287,10.160,-0.010,0.005,-0.027,25.305
50132,-0.010,-0.268,10.160,-0.011,0.005,-0.027,25.305
50142,-0.014,-0.273,10.184,-0.010,0.004,-0.027,25.305
50152,-0.024,-0.311,10.160,-0.011,0.005,-0.027,25.305
50162,-0.005,-0.282,10.146,-0.011,0.004,-0.026,25.277
50172,-0.019,-0.297,10.174,-0.011,0.005,-0.027,25.277
50182,-0.014,-0.287,10.179,-0.011,0.005,-0.026,25.270
50192,-0.019,-0.297,10.174,-0.011,0.005,-0.026,25.270
50202,-0.033,-0.316,10.160,-0.011,0.005,-0.026,25.250
50212,-0.019,-0.287,10.155,-0.011,0.005,-0.027,25.250
50222,-0.014,-0.292,10.150,-0.012,0.005,-0.026,25.273
50242,-0.005,-0.297,10.165,-0.011,0.005,-0.027,25.332
50252,-0.024,-0.278,10.165,-0.011,0.005,-0.027,25.352
50262,-0.033,-0.287,10.169,-0.010,0.004,-0.027,25.352
50272,-0.038,-0.297,10.150,-0.011,0.004,-0.026,25.301
50282,-0.014,-0.282,10.146,-0.010,0.005,-0.026,25.301
50292,-0.038,-0.282,10.174,-0.010,0.004,-0.027,25.293
50302,-0.010,-0.292,10.179,-0.011,0.005,-0.027,25.293
50312,-0.024,-0.316,10.179,-0.011,0.005,-0.027,25.270
50322,-0.019,-0.273,10.165,-0.011,0.004,-0.026,25.270
50332,-0.019,-0.268,10.146,-0.011,0.004,-0.027,25.266
50342,-0.029,-0.287,10.150,-0.011,0.005,-0.027,25.266
50352,-0.010,-0.287,10.165,-0.012,0.004,-0.027,25.281
50362,-0.033,-0.292,10.169,-0.012,0.004,-0.027,25.281
50372,-0.053,-0.301,10.165,-0.010,0.004,-0.027,25.301
50382,-0.033,-0.287,10.169,-0.011,0.005,-0.026,25.301
50392,-0.033,-0.292,10.165,-0.011,0.005,-0.027,25.355
50402,-0.029,-0.263,10.165,-0.011,0.004,-0.026,25.355
50412,-0.043,-0.292,10.155,-0.011,0.004,-0.026,25.297
50422,-0.010,-0.292,10.179,-0.012,0.004,-0.026,25.297
50432,-0.014,-0.282,10.160,-0.012,0.004,-0.027,25.297
50442,-0.010,-0.287,10.155,-0.011,0.004,-0.027,25.297
50452,-0.014,-0.278,10.160,-0.011,0.005,-0.027,25.313
50462,-0.029,-0.301,10.160,-0.012,0.005,-0.026,25.313
50472,-0.010,-0.301,10.155,-0.012,0.005,-0.027,25.316
50482,-0.005,-0.287,10.165,-0.012,0.005,-0.027,25.316
50492,-0.024,-0.306,10.169,-0.011,0.005,-0.026,25.293
50502,-0.024,-0.292,10.165,-0.012,0.005,-0.027,25.293
50512,-0.048,-0.282,10.160,-0.012,0.005,-0.026,25.301
50522,-0.014,-0.297,10.150,-0.011,0.005,-0.027,25.301
50532,-0.024,-0.301,10.174,-0.011,0.005,-0.027,25.305
50542,0.010,-0.282,10.184,-0.011,0.005,-0.026,25.305
50552,-0.019,-0.297,10.165,-0.011,0.005,-0.027,25.277
50562,-0.010,-0.306,10.155,-0.011,0.004,-0.027,25.277
50572,-0.014,-0.297,10.165,-0.012,0.005,-0.026,25.293
50582,-0.019,-0.292,10.169,-0.011,0.005,-0.027,25.293
50592,-0.024,-0.301,10.165,-0.011,0.005,-0.026,25.301
50602,-0.014,-0.282,10.150,-0.011,0.004,-0.027,25.301
50612,-0.024,-0.282,10.136,-0.011,0.005,-0.026,25.328
50622,-0.019,-0.278,10.179,-0.010,0.005,-0.026,25.328
50632,-0.024,-0.292,10.117,-0.011,0.005,-0.026,25.320
50642,0.000,-0.306,10.169,-0.010,0.005,-0.026,25.320
50652,-0.010,-0.278,10.165,-0.010,0.005,-0.027,25.293
50662,-0.014,-0.297,10.179,-0.011,0.005,-0.027,25.293
50672,-0.029,-0.297,10.169,-0.011,0.005,-0.026,25.301
50682,-0.014,-0.297,10.150,-0.010,0.005,-0.026,25.301
50692,-0.014,-0.282,10.165,-0.010,0.005,-0.027,25.313
50702,-0.024,-0.306,10.174,-0.010,0.005,-0.027,25.313
50712,-0.014,-0.306,10.174,-0.011,0.005,-0.027,25.293
50722,-0.019,-0.306,10.150,-0.011,0.005,-0.027,25.293
50732,-0.029,-0.311,10.160,-0.011,0.005,-0.026,25.316
50742,-0.019,-0.282,10.141,-0.011,0.005,-0.027,25.316
50752,-0.038,-0.273,10.150,-0.011,0.005,-0.027,25.293
50762,-0.019,-0.297,10.174,-0.011,0.005,-0.027,25.293
50772,-0.029,-0.282,10.160,-0.010,0.005,-0.027,25.281
50782,-0.033,-0.278,10.179,-0.011,0.005,-0.027,25.281
50792,-0.024,-0.297,10.169,-0.011,0.005,-0.027,25.344
50802,-0.043,-0.282,10.179,-0.011,0.005,-0.027,25.344
50812,-0.024,-0.287,10.160,-0.011,0.004,-0.027,25.262
50822,-0.014,-0.301,10.169,-0.010,0.005,-0.027,25.262
50832,-0.014,-0.292,10.160,-0.010,0.005,-0.026,25.285
50842,-0.005,-0.287,10.150,-0.011,0.005,-0.026,25.285
50852,-0.038,-0.287,10.169,-0.010,0.005,-0.027,25.320
50862,-0.029,-0.292,10.155,-0.010,0.005,-0.026,25.320
50872,-0.005,-0.273,10.160,-0.011,0.004,-0.027,25.309
50882,-0.024,-0.292,10.179,-0.011,0.005,-0.027,25.309
50892,-0.019,-0.306,10.160,-0.011,0.005,-0.027,25.285
50902,-0.019,-0.287,10.169,-0.009,0.004,-0.027,25.285
50912,-0.019,-0.311,10.169,-0.010,0.005,-0.027,25.285
50922,-0.010,-0.297,10.160,-0.011,0.005,-0.027,25.285
50932,-0.024,-0.282,10.150,-0.010,0.005,-0.027,25.281
50942,-0.010,-0.297,10.189,-0.010,0.005,-0.027,25.281
50952,-0.029,-0.282,10.174,-0.011,0.005,-0.026,25.297
50962,-0.014,-0.297,10.146,-0.010,0.004,-0.027,25.297
50972,-0.038,-0.297,10.155,-0.010,0.005,-0.027,25.258
50982,-0.029,-0.301,10.160,-0.011,0.005,-0.026,25.258
50992,-0.033,-0.278,10.136,-0.011,0.005,-0.027,25.324
51002,-0.043,-0.278,10.150,-0.011,0.005,-0.026,25.324
51012,-0.024,-0.282,10.174,-0.011,0.005,-0.027,25.324
51022,-0.014,-0.292,10.169,-0.011,0.005,-0.027,25.324
51032,-0.019,-0.282,10.150,-0.011,0.005,-0.027,25.266
51042,-0.014,-0.297,10.179,-0.011,0.005,-0.027,25.266
51052,0.000,-0.292,10.165,-0.010,0.006,-0.027,25.273
51062,-0.029,-0.287,10.169,-0.010,0.005,-0.027,25.273
51072,-0.029,-0.287,10.141,-0.010,0.005,-0.027,25.324
51082,0.005,-0.301,10.174,-0.011,0.004,-0.027,25.324
51092,-0.019,-0.297,10.165,-0.010,0.005,-0.026,25.316
51102,-0.024,-0.297,10.150,-0.011,0.005,-0.027,25.316
51112,-0.048,-0.306,10.165,-0.011,0.005,-0.027,25.316
51122,-0.033,-0.282,10.169,-0.011,0.005,-0.026,25.316
51132,-0.038,-0.297,10.160,-0.011,0.004,-0.026,25.289
51142,-0.043,-0.301,10.146,-0.011,0.005,-0.026,25.289
51152,-0.029,-0.292,10.165,-0.010,0.005,-0.027,25.313
51162,-0.014,-0.273,10.174,-0.011,0.004,-0.027,25.313
51172,-0.019,-0.278,10.150,-0.011,0.005,-0.027,25.277
51182,-0.038,-0.292,10.150,-0.012,0.005,-0.027,25.277
51192,-0.019,-0.282,10.160,-0.011,0.005,-0.027,25.289
51202,-0.010,-0.282,10.169,-0.011,0.004,-0.027,25.289
51212,-0.014,-0.273,10.174,-0.011,0.005,-0.027,25.262
51222,0.000,-0.301,10.150,-0.011,0.005,-0.027,25.262
51232,-0.010,-0.301,10.169,-0.011,0.004,-0.027,25.344
51242,-0.019,-0.297,10.165,-0.010,0.004,-0.027,25.344
51252,-0.024,-0.292,10.160,-0.010,0.004,-0.027,25.270
51262,-0.014,-0.292,10.169,-0.010,0.005,-0.027,25.270
51272,-0.043,-0.292,10.174,-0.010,0.004,-0.027,25.316
51282,-0.024,-0.292,10.174,-0.011,0.005,-0.027,25.316
51292,-0.033,-0.306,10.169,-0.011,0.004,-0.027,25.277
51302,-0.014,-0.311,10.169,-0.011,0.005,-0.027,25.289
51322,-0.033,-0.301,10.155,-0.011,0.005,-0.027,25.328
51332,-0.029,-0.292,10.160,-0.011,0.006,-0.026,25.328
51342,-0.024,-0.282,10.184,-0.010,0.005,-0.027,25.328
51352,0.000,-0.287,10.165,-0.010,0.005,-0.027,25.328
51362,-0.043,-0.292,10.160,-0.011,0.005,-0.027,25.266
51372,-0.014,-0.311,10.160,-0.011,0.005,-0.027,25.266
51382,-0.014,-0.292,10.169,-0.011,0.005,-0.027,25.293
51392,-0.010,-0.301,10.160,-0.011,0.005,-0.027,25.293
51402,-0.010,-0.306,10.174,-0.010,0.004,-0.027,25.273
51412,-0.029,-0.278,10.169,-0.010,0.005,-0.027,25.273
51422,-0.029,-0.287,10.169,-0.011,0.005,-0.027,25.285
51432,-0.029,-0.306,10.155,-0.011,0.006,-0.026,25.285
51442,-0.010,-0.287,10.165,-0.011,0.005,-0.027,25.332
51452,-0.029,-0.301,10.155,-0.010,0.005,-0.027,25.332
51462,-0.019,-0.306,10.174,-0.011,0.004,-0.026,25.273
51472,0.000,-0.287,10.155,-0.011,0.005,-0.027,25.273
51482,-0.010,-0.282,10.146,-0.011,0.004,-0.027,25.316
51492,-0.014,-0.297,10.189,-0.011,0.004,-0.027,25.316
51502,0.000,-0.278,10.179,-0.011,0.005,-0.027,25.297
51512,-0.019,-0.287,10.160,-0.011,0.005,-0.027,25.297
51522,-0.010,-0.297,10.169,-0.010,0.006,-0.026,25.340
51532,-0.038,-0.297,10.169,-0.010,0.006,-0.026,25.340
51542,-0.024,-0.258,10.160,-0.011,0.005,-0.027,25.332
51552,-0.043,-0.287,10.174,-0.011,0.005,-0.027,25.332
51562,-0.019,-0.301,10.179,-0.010,0.005,-0.026,25.320
51572,0.000,-0.292,10.179,-0.010,0.005,-0.026,25.320
51582,-0.014,-0.282,10.165,-0.010,0.005,-0.026,25.305
51592,-0.033,-0.273,10.160,-0.010,0.005,-0.026,25.305
51602,-0.033,-0.278,10.150,-0.011,0.005,-0.027,25.289
51612,-0.029,-0.287,10.160,-0.011,0.004,-0.027,25.289
51622,-0.029,-0.287,10.155,-0.011,0.005,-0.027,25.293
51632,-0.043,-0.292,10.155,-0.011,0.005,-0.027,25.293
51642,-0.014,-0.273,10.184,-0.012,0.005,-0.026,25.320
51652,-0.019,-0.301,10.146,-0.011,0.005,-0.026,25.320
51662,-0.033,-0.292,10.146,-0.010,0.005,-0.027,25.305
51672,-0.019,-0.292,10.174,-0.010,0.005,-0.026,25.305
51682,-0.019,-0.321,10.169,-0.011,0.005,-0.027,25.332
51692,-0.033,-0.278,10.160,-0.011,0.005,-0.026,25.332
51702,-0.014,-0.292,10.184,-0.010,0.005,-0.027,25.316
51712,-0.014,-0.297,10.179,-0.010,0.005,-0.027,25.316
51722,-0.019,-0.273,10.169,-0.011,0.004,-0.026,25.316
51732,-0.005,-0.278,10.169,-0.011,0.005,-0.026,25.316
51742,-0.010,-0.297,10.160,-0.010,0.005,-0.026,25.293
51752,-0.019,-0.306,10.165,-0.011,0.004,-0.027,25.293
51762,-0.043,-0.282,10.146,-0.012,0.004,-0.026,25.293
51772,-0.014,-0.292,10.184,-0.011,0.005,-0.027,25.293
51782,-0.024,-0.292,10.165,-0.011,0.005,-0.027,25.305
51792,-0.033,-0.297,10.179,-0.011,0.004,-0.027,25.305
51802,-0.019,-0.301,10.174,-0.011,0.005,-0.027,25.293
51812,-0.029,-0.292,10.165,-0.011,0.005,-0.027,25.293
51822,-0.029,-0.292,10.155,-0.011,0.004,-0.027,25.242
51832,-0.014,-0.282,10.165,-0.010,0.005,-0.027,25.242
51842,-0.019,-0.306,10.160,-0.011,0.005,-0.027,25.277
51852,-0.010,-0.287,10.165,-0.011,0.005,-0.027,25.277
51862,-0.029,-0.287,10.146,-0.010,0.005,-0.027,25.289
51872,0.000,-0.287,10.179,-0.011,0.005,-0.027,25.289
51882,-0.010,-0.287,10.150,-0.011,0.006,-0.027,25.309
51892,-0.010,-0.297,10.150,-0.011,0.006,-0.027,25.309
51902,-0.014,-0.292,10.165,-0.011,0.006,-0.027,25.285
51912,-0.019,-0.301,10.155,-0.011,0.006,-0.027,25.285
51922,-0.019,-0.287,10.155,-0.010,0.005,-0.027,25.273
51932,-0.010,-0.287,10.169,-0.011,0.005,-0.027,25.273
51942,0.005,-0.282,10.150,-0.010,0.005,-0.027,25.289
51952,-0.033,-0.282,10.165,-0.011,0.005,-0.027,25.289
51962,-0.033,-0.282,10.155,-0.010,0.005,-0.027,25.293
51972,-0.029,-0.278,10.165,-0.011,0.005,-0.027,25.293
51982,-0.019,-0.278,10.184,-0.010,0.005,-0.026,25.297
51992,-0.014,-0.287,10.160,-0.010,0.005,-0.026,25.297
52002,-0.019,-0.306,10.179,-0.010,0.005,-0.026,25.313
52012,0.000,-0.292,10.169,-0.010,0.004,-0.027,25.313
52022,-0.043,-0.301,10.179,-0.011,0.005,-0.026,25.273
52032,-0.019,-0.306,10.160,-0.011,0.005,-0.026,25.273
52042,-0.010,-0.287,10.146,-0.010,0.005,-0.027,25.359
52052,-0.029,-0.306,10.174,-0.011,0.005,-0.027,25.359
52062,-0.029,-0.287,10.126,-0.011,0.005,-0.026,25.281
52072,-0.010,-0.287,10.155,-0.011,0.005,-0.027,25.281
52082,-0.033,-0.292,10.155,-0.011,0.004,-0.027,25.332
52092,-0.014,-0.292,10.160,-0.011,0.005,-0.027,25.332
52102,-0.014,-0.301,10.155,-0.011,0.005,-0.026,25.289
52112,-0.024,-0.306,10.146,-0.011,0.005,-0.026,25.289
52122,-0.019,-0.287,10.169,-0.011,0.005,-0.027,25.293
52132,-0.019,-0.301,10.141,-0.011,0.005,-0.027,25.293
52142,-0.019,-0.311,10.165,-0.011,0.005,-0.027,25.285
52152,-0.024,-0.297,10.155,-0.011,0.005,-0.027,25.285
52162,-0.033,-0.297,10.169,-0.011,0.005,-0.026,25.301
52172,-0.024,-0.301,10.160,-0.011,0.005,-0.027,25.301
52182,-0.029,-0.301,10.150,-0.011,0.006,-0.027,25.293
52192,-0.029,-0.273,10.179,-0.011,0.005,-0.026,25.293
52202,-0.014,-0.301,10.193,-0.011,0.005,-0.026,25.234
52212,-0.033,-0.282,10.174,-0.011,0.006,-0.026,25.234
52222,-0.014,-0.273,10.126,-0.011,0.005,-0.026,25.281
52232,-0.033,-0.282,10.141,-0.010,0.005,-0.026,25.281
52242,0.005,-0.282,10.174,-0.010,0.005,-0.027,25.273
52252,-0.024,-0.306,10.160,-0.012,0.005,-0.026,25.273
52262,-0.043,-0.282,10.179,-0.011,0.005,-0.026,25.262
52272,-0.014,-0.278,10.165,-0.011,0.005,-0.027,25.262
52282,-0.014,-0.297,10.165,-0.011,0.005,-0.027,25.293
52292,-0.019,-0.297,10.150,-0.011,0.005,-0.027,25.293
52302,-0.029,-0.278,10.160,-0.010,0.005,-0.026,25.258
52312,-0.014,-0.282,10.165,-0.011,0.005,-0.027,25.258
52322,-0.010,-0.282,10.150,-0.011,0.005,-0.027,25.273
52332,-0.024,-0.278,10.160,-0.011,0.005,-0.027,25.273
52342,-0.029,-0.311,10.179,-0.011,0.005,-0.027,25.301
52352,-0.024,-0.292,10.165,-0.011,0.005,-0.026,25.301
52362,-0.029,-0.287,10.169,-0.011,0.004,-0.026,25.273
52372,-0.019,-0.278,10.165,-0.011,0.005,-0.027,25.273
52382,-0.029,-0.301,10.141,-0.011,0.005,-0.026,25.293
52392,-0.019,-0.292,10.136,-0.011,0.004,-0.027,25.293
52402,-0.029,-0.282,10.174,-0.011,0.005,-0.026,25.270
52412,-0.024,-0.297,10.155,-0.011,0.005,-0.027,25.270
52422,0.000,-0.282,10.155,-0.011,0.005,-0.026,25.289
52442,-0.043,-0.282,10.160,-0.011,0.005,-0.026,25.277
52452,-0.029,-0.282,10.160,-0.010,0.004,-0.027,25.301
52462,-0.014,-0.301,10.165,-0.010,0.005,-0.027,25.301
52472,-0.014,-0.301,10.169,-0.010,0.004,-0.027,25.297
52482,-0.014,-0.297,10.169,-0.010,0.005,-0.027,25.297
52492,-0.038,-0.297,10.179,-0.011,0.005,-0.027,25.273
52502,-0.005,-0.306,10.165,-0.011,0.005,-0.026,25.273
52512,-0.019,-0.316,10.169,-0.011,0.005,-0.026,25.285
52522,-0.033,-0.301,10.179,-0.011,0.005,-0.027,25.285
52532,-0.019,-0.292,10.174,-0.011,0.005,-0.026,25.281
52542,-0.005,-0.292,10.155,-0.011,0.005,-0.026,25.281
52552,0.000,-0.282,10.160,-0.011,0.005,-0.026,25.301
52562,-0.033,-0.282,10.169,-0.010,0.005,-0.027,25.301
52572,-0.019,-0.282,10.169,-0.011,0.005,-0.027,25.289
52582,-0.043,-0.292,10.160,-0.010,0.005,-0.027,25.289
52592,-0.024,-0.287,10.160,-0.011,0.005,-0.027,25.273
52602,-0.014,-0.282,10.155,-0.010,0.005,-0.027,25.273
52612,-0.024,-0.287,10.169,-0.012,0.004,-0.027,25.285
52622,-0.010,-0.292,10.165,-0.011,0.005,-0.027,25.285
52632,-0.014,-0.301,10.169,-0.011,0.005,-0.026,25.293
52642,-0.029,-0.287,10.146,-0.011,0.004,-0.027,25.293
52652,-0.024,-0.292,10.184,-0.011,0.005,-0.027,25.305
52662,-0.024,-0.282,10.165,-0.011,0.005,-0.027,25.305
52672,-0.053,-0.301,10.165,-0.011,0.005,-0.027,25.266
52682,-0.010,-0.292,10.165,-0.011,0.005,-0.026,25.266
52692,-0.019,-0.278,10.179,-0.011,0.004,-0.026,25.313
52702,-0.005,-0.301,10.184,-0.010,0.005,-0.026,25.313
52712,-0.019,-0.282,10.160,-0.010,0.005,-0.027,25.301
52722,-0.024,-0.292,10.150,-0.011,0.005,-0.027,25.301
52732,-0.043,-0.297,10.165,-0.011,0.005,-0.028,25.277
52742,-0.029,-0.282,10.160,-0.011,0.005,-0.027,25.277
52752,-0.014,-0.287,10.160,-0.011,0.005,-0.027,25.285
52762,-0.024,-0.316,10.174,-0.011,0.005,-0.027,25.285
52772,-0.019,-0.282,10.179,-0.010,0.005,-0.027,25.266
52782,-0.033,-0.287,10.160,-0.011,0.006,-0.027,25.266
52792,-0.019,-0.292,10.184,-0.011,0.005,-0.027,25.285
52802,-0.029,-0.292,10.155,-0.011,0.005,-0.027,25.285
52812,-0.033,-0.292,10.160,-0.011,0.005,-0.026,25.297
52822,-0.005,-0.292,10.165,-0.010,0.005,-0.026,25.297
52832,-0.024,-0.273,10.165,-0.011,0.005,-0.027,25.285
52842,-0.019,-0.297,10.160,-0.012,0.005,-0.026,25.285
52852,-0.014,-0.292,10.174,-0.011,0.005,-0.026,25.305
52862,-0.014,-0.301,10.155,-0.010,0.006,-0.027,25.305
52872,-0.019,-0.301,10.136,-0.011,0.005,-0.027,25.297
52882,-0.014,-0.292,10.169,-0.012,0.005,-0.026,25.297
52892,-0.033,-0.292,10.165,-0.011,0.005,-0.027,25.320
52902,-0.019,-0.292,10.179,-0.011,0.006,-0.027,25.320
52912,-0.014,-0.287,10.169,-0.011,0.005,-0.027,25.359
52922,-0.010,-0.306,10.174,-0.010,0.005,-0.027,25.359
52932,-0.038,-0.297,10.174,-0.010,0.005,-0.027,25.340
52942,-0.038,-0.297,10.155,-0.011,0.005,-0.027,25.340
52952,-0.024,-0.297,10.141,-0.011,0.004,-0.027,25.313
52962,-0.033,-0.301,10.165,-0.011,0.005,-0.027,25.313
52972,-0.019,-0.278,10.169,-0.010,0.005,-0.027,25.336
52982,-0.014,-0.278,10.155,-0.010,0.005,-0.027,25.336
52992,-0.014,-0.297,10.169,-0.010,0.005,-0.027,25.305
53002,-0.029,-0.268,10.169,-0.011,0.005,-0.027,25.305
53012,-0.043,-0.292,10.155,-0.011,0.005,-0.027,25.301
53022,-0.024,-0.273,10.141,-0.011,0.004,-0.026,25.301
53032,-0.010,-0.292,10.174,-0.011,0.005,-0.026,25.293
53042,-0.014,-0.268,10.165,-0.010,0.005,-0.028,25.293
53052,-0.019,-0.292,10.155,-0.011,0.005,-0.027,25.301
53062,-0.005,-0.297,10.174,-0.011,0.004,-0.028,25.301
53072,-0.029,-0.287,10.160,-0.011,0.005,-0.027,25.309
53082,-0.019,-0.292,10.160,-0.011,0.005,-0.027,25.309
53092,-0.014,-0.287,10.155,-0.011,0.005,-0.026,25.328
53102,-0.033,-0.287,10.155,-0.011,0.004,-0.027,25.328
53112,-0.029,-0.287,10.184,-0.010,0.005,-0.027,25.316
53122,-0.024,-0.278,10.150,-0.011,0.005,-0.027,25.316
53132,-0.024,-0.292,10.165,-0.011,0.005,-0.026,25.277
53142,0.000,-0.263,10.184,-0.011,0.005,-0.028,25.277
53152,-0.029,-0.287,10.165,-0.010,0.005,-0.027,25.301
53162,-0.010,-0.306,10.155,-0.011,0.005,-0.027,25.301
53172,-0.014,-0.282,10.160,-0.010,0.005,-0.027,25.324
53182,-0.014,-0.301,10.174,-0.010,0.005,-0.027,25.324
53192,-0.010,-0.287,10.165,-0.011,0.005,-0.027,25.273
53202,-0.029,-0.282,10.155,-0.011,0.006,-0.027,25.273
53212,-0.029,-0.282,10.150,-0.010,0.005,-0.026,25.340
53222,-0.005,-0.287,10.165,-0.011,0.005,-0.027,25.340
53232,-0.010,-0.282,10.179,-0.011,0.005,-0.027,25.313
53242,-0.033,-0.287,10.155,-0.010,0.005,-0.027,25.313
53252,0.000,-0.306,10.169,-0.010,0.005,-0.027,25.344
53262,-0.038,-0.297,10.146,-0.011,0.006,-0.026,25.344
53272,-0.014,-0.292,10.179,-0.011,0.005,-0.027,25.305
53282,-0.019,-0.292,10.165,-0.011,0.005,-0.027,25.305
53292,-0.029,-0.292,10.160,-0.011,0.004,-0.026,25.352
53302,-0.024,-0.278,10.169,-0.010,0.005,-0.026,25.352
53312,-0.014,-0.287,10.165,-0.011,0.005,-0.027,25.332
53322,-0.019,-0.301,10.174,-0.011,0.004,-0.027,25.332
53332,-0.038,-0.297,10.160,-0.010,0.005,-0.028,25.320
53342,-0.024,-0.306,10.179,-0.010,0.004,-0.026,25.320
53352,-0.029,-0.301,10.165,-0.010,0.004,-0.027,25.316
53362,-0.048,-0.292,10.169,-0.010,0.005,-0.027,25.316
53372,-0.024,-0.297,10.169,-0.011,0.005,-0.027,25.355
53382,-0.024,-0.278,10.150,-0.011,0.006,-0.027,25.355
53392,-0.033,-0.287,10.165,-0.011,0.005,-0.026,25.336
53402,-0.038,-0.297,10.165,-0.010,0.005,-0.027,25.336
53412,-0.029,-0.301,10.150,-0.011,0.005,-0.027,25.367
53422,-0.029,-0.292,10.165,-0.011,0.005,-0.027,25.367
53432,-0.010,-0.282,10.165,-0.010,0.005,-0.027,25.332
53442,0.000,-0.273,10.169,-0.011,0.004,-0.027,25.332
53452,-0.019,-0.258,10.146,-0.010,0.005,-0.027,25.305
53462,-0.038,-0.306,10.155,-0.011,0.005,-0.027,25.305
53472,-0.005,-0.321,10.169,-0.010,0.005,-0.026,25.332
53482,-0.033,-0.321,10.174,-0.010,0.005,-0.027,25.332
53492,-0.043,-0.316,10.174,-0.010,0.004,-0.027,25.320
53502,-0.024,-0.292,10.169,-0.011,0.005,-0.027,25.320
53512,-0.038,-0.306,10.184,-0.011,0.005,-0.026,25.336
53522,-0.019,-0.306,10.155,-0.011,0.005,-0.027,25.336
53532,-0.005,-0.301,10.146,-0.010,0.005,-0.027,25.313
53552,-0.014,-0.330,10.169,-0.011,0.004,-0.026,25.316
53562,-0.029,-0.297,10.169,-0.011,0.005,-0.027,25.266
53572,-0.019,-0.287,10.169,-0.010,0.005,-0.026,25.266
53582,-0.038,-0.282,10.155,-0.010,0.005,-0.027,25.348
53592,-0.014,-0.297,10.174,-0.011,0.005,-0.027,25.348
53602,-0.010,-0.292,10.160,-0.011,0.004,-0.027,25.340
53612,-0.014,-0.297,10.179,-0.011,0.006,-0.027,25.340
53622,-0.033,-0.311,10.165,-0.011,0.005,-0.027,25.313
53632,-0.038,-0.278,10.155,-0.011,0.005,-0.027,25.313
53642,-0.010,-0.297,10.150,-0.011,0.005,-0.027,25.320
53652,-0.024,-0.301,10.160,-0.010,0.004,-0.027,25.320
53662,-0.005,-0.292,10.165,-0.011,0.004,-0.026,25.324
53672,-0.053,-0.282,10.169,-0.011,0.005,-0.027,25.324
53682,-0.024,-0.292,10.165,-0.012,0.005,-0.027,25.328
53692,-0.038,-0.287,10.160,-0.011,0.005,-0.027,25.328
53702,-0.019,-0.301,10.165,-0.011,0.005,-0.027,25.320
53712,-0.010,-0.297,10.155,-0.010,0.005,-0.027,25.320
53722,-0.024,-0.282,10.169,-0.010,0.005,-0.028,25.281
53732,-0.014,-0.268,10.160,-0.011,0.005,-0.028,25.281
53742,-0.019,-0.297,10.165,-0.011,0.005,-0.027,25.324
53752,-0.024,-0.297,10.169,-0.010,0.006,-0.027,25.324
53762,-0.038,-0.287,10.165,-0.011,0.005,-0.026,25.348
53772,0.005,-0.297,10.179,-0.010,0.004,-0.028,25.348
53782,-0.010,-0.278,10.165,-0.010,0.005,-0.027,25.309
53792,-0.014,-0.273,10.117,-0.010,0.005,-0.026,25.309
53802,-0.024,-0.292,10.174,-0.010,0.005,-0.026,25.313
53812,-0.038,-0.287,10.184,-0.011,0.005,-0.027,25.313
53822,-0.029,-0.297,10.179,-0.010,0.005,-0.027,25.324
53832,-0.024,-0.297,10.184,-0.010,0.005,-0.027,25.324
53842,-0.038,-0.282,10.155,-0.010,0.005,-0.026,25.301
53852,-0.019,-0.287,10.150,-0.011,0.005,-0.026,25.301
53862,-0.014,-0.278,10.160,-0.011,0.005,-0.028,25.324
53872,-0.019,-0.297,10.136,-0.011,0.005,-0.027,25.324
53882,-0.019,-0.297,10.174,-0.010,0.005,-0.027,25.332
53892,-0.014,-0.297,10.169,-0.011,0.005,-0.027,25.332
53902,-0.014,-0.282,10.165,-0.012,0.005,-0.026,25.348
53912,-0.029,-0.287,10.169,-0.010,0.005,-0.027,25.348
53922,-0.024,-0.278,10.165,-0.011,0.005,-0.026,25.367
53932,-0.010,-0.301,10.169,-0.011,0.005,-0.027,25.367
53942,-0.010,-0.292,10.179,-0.011,0.005,-0.027,25.328
53952,-0.019,-0.311,10.150,-0.010,0.004,-0.027,25.328
53962,-0.005,-0.297,10.150,-0.010,0.004,-0.027,25.336
53972,-0.019,-0.297,10.179,-0.010,0.005,-0.027,25.336
53982,-0.019,-0.292,10.179,-0.010,0.004,-0.027,25.309
53992,-0.038,-0.306,10.174,-0.011,0.005,-0.027,25.309
54002,-0.024,-0.306,10.155,-0.010,0.005,-0.028,25.324
54012,-0.029,-0.282,10.189,-0.011,0.004,-0.027,25.324
54022,-0.048,-0.278,10.165,-0.011,0.005,-0.027,25.316
54032,-0.014,-0.301,10.179,-0.011,0.005,-0.027,25.316
54042,-0.010,-0.292,10.169,-0.010,0.005,-0.027,25.336
54052,-0.010,-0.311,10.165,-0.011,0.005,-0.026,25.336
54062,-0.043,-0.278,10.179,-0.011,0.005,-0.026,25.359
54072,-0.038,-0.282,10.141,-0.011,0.006,-0.026,25.359
54082,-0.010,-0.287,10.169,-0.010,0.005,-0.027,25.297
54092,-0.005,-0.311,10.169,-0.010,0.005,-0.027,25.297
54102,-0.043,-0.278,10.150,-0.011,0.006,-0.027,25.277
54112,-0.029,-0.287,10.160,-0.010,0.005,-0.027,25.277
54122,-0.024,-0.306,10.179,-0.010,0.005,-0.027,25.336
54132,-0.019,-0.292,10.165,-0.010,0.005,-0.027,25.336
54142,-0.029,-0.297,10.160,-0.011,0.005,-0.027,25.324
54152,-0.038,-0.282,10.150,-0.011,0.006,-0.027,25.324
54162,-0.005,-0.306,10.160,-0.011,0.004,-0.027,25.293
54172,-0.029,-0.282,10.174,-0.011,0.005,-0.026,25.293
54182,-0.038,-0.306,10.155,-0.012,0.005,-0.027,25.332
54192,-0.014,-0.292,10.169,-0.011,0.005,-0.027,25.332
54202,-0.024,-0.292,10.160,-0.010,0.005,-0.027,25.301
54212,-0.033,-0.297,10.179,-0.011,0.005,-0.027,25.301
54222,-0.033,-0.278,10.155,-0.011,0.005,-0.027,25.340
54232,-0.014,-0.287,10.165,-0.011,0.005,-0.027,25.340
54242,-0.024,-0.306,10.179,-0.011,0.005,-0.027,25.297
54252,-0.024,-0.278,10.169,-0.011,0.005,-0.027,25.297
54262,-0.029,-0.292,10.150,-0.010,0.005,-0.027,25.320
54272,-0.019,-0.306,10.155,-0.011,0.004,-0.027,25.320
54282,-0.005,-0.301,10.165,-0.011,0.005,-0.027,25.340
54292,-0.029,-0.292,10.146,-0.011,0.005,-0.027,25.340
54302,-0.029,-0.287,10.169,-0.010,0.004,-0.027,25.297
54312,-0.005,-0.292,10.155,-0.011,0.005,-0.027,25.297
54322,0.005,-0.311,10.169,-0.011,0.005,-0.026,25.352
54332,-0.019,-0.301,10.174,-0.011,0.005,-0.027,25.352
54342,-0.019,-0.287,10.146,-0.011,0.004,-0.027,25.316
54352,-0.019,-0.278,10.193,-0.010,0.004,-0.027,25.316
54362,-0.010,-0.287,10.160,-0.010,0.004,-0.027,25.305
54372,-0.029,-0.278,10.150,-0.011,0.005,-0.027,25.305
54382,-0.029,-0.282,10.160,-0.011,0.004,-0.027,25.328
54392,-0.038,-0.282,10.165,-0.011,0.005,-0.027,25.328
54402,-0.029,-0.301,10.169,-0.011,0.005,-0.027,25.352
54412,-0.033,-0.278,10.160,-0.011,0.005,-0.026,25.352
54422,0.000,-0.292,10.150,-0.011,0.005,-0.026,25.348
54432,-0.014,-0.306,10.169,-0.011,0.005,-0.026,25.348
54442,-0.005,-0.301,10.169,-0.010,0.005,-0.027,25.328
54452,-0.014,-0.297,10.169,-0.010,0.005,-0.027,25.328
54462,-0.010,-0.287,10.169,-0.010,0.005,-0.027,25.313
54472,-0.038,-0.287,10.165,-0.011,0.005,-0.026,25.313
54482,-0.029,-0.282,10.165,-0.011,0.004,-0.027,25.273
54492,-0.033,-0.287,10.169,-0.011,0.005,-0.027,25.273
54502,-0.029,-0.292,10.160,-0.011,0.005,-0.026,25.320
54512,-0.043,-0.292,10.160,-0.011,0.005,-0.026,25.320
54522,-0.029,-0.297,10.169,-0.011,0.005,-0.027,25.340
54532,-0.038,-0.292,10.160,-0.011,0.005,-0.028,25.340
54542,-0.010,-0.297,10.155,-0.011,0.005,-0.027,25.316
54552,-0.019,-0.282,10.150,-0.010,0.005,-0.027,25.316
54562,-0.024,-0.282,10.155,-0.011,0.005,-0.027,25.320
54572,-0.010,-0.292,10.184,-0.011,0.005,-0.027,25.320
54582,-0.010,-0.292,10.150,-0.010,0.005,-0.027,25.297
54592,-0.014,-0.282,10.184,-0.011,0.005,-0.027,25.297
54602,-0.024,-0.278,10.165,-0.011,0.005,-0.027,25.273
54612,-0.029,-0.263,10.155,-0.012,0.005,-0.026,25.273
54622,-0.033,-0.287,10.141,-0.011,0.005,-0.027,25.324
54632,-0.048,-0.311,10.189,-0.010,0.004,-0.027,25.324
54642,-0.019,-0.282,10.169,-0.010,0.005,-0.027,25.316
54652,-0.019,-0.297,10.174,-0.011,0.005,-0.027,25.316
54662,-0.024,-0.268,10.155,-0.011,0.005,-0.027,25.301
54672,-0.029,-0.292,10.165,-0.011,0.005,-0.027,25.301
54682,-0.024,-0.306,10.136,-0.011,0.005,-0.027,25.348
54692,-0.043,-0.292,10.169,-0.010,0.005,-0.027,25.348
54712,-0.033,-0.301,10.179,-0.011,0.004,-0.027,25.316
54722,-0.024,-0.282,10.150,-0.011,0.006,-0.027,25.316
54732,-0.038,-0.297,10.169,-0.011,0.005,-0.027,25.336
54742,-0.024,-0.301,10.155,-0.011,0.005,-0.027,25.336
54752,-0.024,-0.301,10.155,-0.010,0.004,-0.027,25.313
54762,-0.048,-0.273,10.155,-0.011,0.005,-0.027,25.313
54772,-0.019,-0.273,10.179,-0.010,0.004,-0.027,25.344
54782,-0.029,-0.301,10.155,-0.011,0.005,-0.027,25.344
54792,-0.033,-0.268,10.150,-0.010,0.005,-0.028,25.359
54802,-0.014,-0.301,10.179,-0.011,0.005,-0.027,25.359
54812,-0.005,-0.297,10.184,-0.011,0.005,-0.027,25.340
54822,-0.029,-0.273,10.174,-0.011,0.005,-0.027,25.340
54832,-0.024,-0.292,10.203,-0.011,0.004,-0.026,25.332
54842,-0.024,-0.282,10.174,-0.010,0.005,-0.027,25.332
54852,-0.014,-0.287,10.155,-0.010,0.005,-0.026,25.348
54862,-0.014,-0.278,10.165,-0.010,0.005,-0.027,25.348
54872,-0.033,-0.287,10.174,-0.010,0.004,-0.026,25.363
54882,-0.019,-0.282,10.179,-0.010,0.005,-0.027,25.363
54892,-0.038,-0.301,10.184,-0.011,0.005,-0.026,25.324
54902,-0.029,-0.292,10.169,-0.011,0.005,-0.027,25.324
54912,-0.019,-0.297,10.179,-0.010,0.005,-0.027,25.344
54922,-0.038,-0.278,10.160,-0.010,0.005,-0.026,25.344
54932,-0.014,-0.282,10.165,-0.010,0.005,-0.027,25.309
54942,-0.019,-0.297,10.146,-0.012,0.004,-0.027,25.309
54952,-0.038,-0.306,10.160,-0.012,0.004,-0.027,25.297
54962,-0.014,-0.297,10.155,-0.011,0.005,-0.027,25.297
54972,-0.019,-0.311,10.184,-0.011,0.006,-0.027,25.336
54982,-0.010,-0.297,10.160,-0.011,0.006,-0.027,25.336
54992,-0.019,-0.268,10.174,-0.010,0.004,-0.027,25.352
55002,-0.014,-0.301,10.174,-0.011,0.004,-0.027,25.352
55012,-0.010,-0.282,10.174,-0.011,0.002,-0.027,25.301
55022,-0.019,-0.287,10.160,-0.011,0.004,-0.027,25.301
55032,-0.029,-0.311,10.174,-0.011,0.004,-0.027,25.336
55042,0.000,-0.316,10.184,-0.012,0.004,-0.028,25.336
55052,-0.019,-0.306,10.165,-0.012,0.004,-0.027,25.332
55062,-0.029,-0.301,10.160,-0.011,0.004,-0.027,25.332
55072,-0.029,-0.273,10.179,-0.011,0.005,-0.026,25.293
55082,-0.005,-0.282,10.165,-0.011,0.005,-0.026,25.293
55092,-0.014,-0.301,10.179,-0.011,0.005,-0.026,25.367
55102,-0.014,-0.287,10.155,-0.011,0.005,-0.026,25.367
55112,-0.043,-0.287,10.146,-0.012,0.005,-0.026,25.379
55122,-0.014,-0.287,10.169,-0.012,0.004,-0.027,25.379
55132,-0.019,-0.297,10.184,-0.010,0.005,-0.027,25.316
55142,-0.014,-0.297,10.165,-0.011,0.005,-0.027,25.316
55152,-0.024,-0.278,10.165,-0.011,0.004,-0.026,25.352
55162,-0.019,-0.306,10.184,-0.012,0.004,-0.027,25.352
55172,-0.024,-0.287,10.160,-0.012,0.004,-0.027,25.320
55182,-0.024,-0.321,10.169,-0.012,0.004,-0.027,25.320
55192,-0.005,-0.287,10.174,-0.010,0.005,-0.027,25.340
55202,-0.019,-0.282,10.165,-0.011,0.005,-0.027,25.340
55212,-0.019,-0.282,10.179,-0.012,0.005,-0.026,25.355
55222,-0.024,-0.282,10.146,-0.011,0.005,-0.027,25.355
55232,0.005,-0.297,10.131,-0.011,0.005,-0.027,25.332
55242,-0.005,-0.297,10.165,-0.011,0.005,-0.027,25.332
55252,-0.024,-0.282,10.174,-0.010,0.004,-0.027,25.328
55262,-0.005,-0.287,10.155,-0.012,0.004,-0.026,25.328
55272,-0.033,-0.301,10.174,-0.012,0.004,-0.026,25.316
55282,-0.029,-0.282,10.155,-0.012,0.005,-0.027,25.316
55292,-0.024,-0.297,10.184,-0.011,0.004,-0.026,25.379
55302,-0.029,-0.292,10.165,-0.010,0.005,-0.026,25.379
55312,-0.029,-0.292,10.165,-0.009,0.006,-0.027,25.383
55322,-0.024,-0.292,10.155,-0.010,0.006,-0.026,25.383
55332,-0.033,-0.263,10.165,-0.009,0.007,-0.027,25.375
55342,-0.014,-0.297,10.146,-0.011,0.005,-0.027,25.375
55352,-0.038,-0.297,10.155,-0.011,0.005,-0.026,25.316
55362,-0.043,-0.292,10.165,-0.011,0.005,-0.027,25.316
55372,-0.019,-0.287,10.165,-0.010,0.005,-0.027,25.320
55382,-0.014,-0.325,10.174,-0.009,0.005,-0.027,25.320
55392,-0.010,-0.282,10.155,-0.010,0.005,-0.027,25.363
55402,-0.019,-0.282,10.174,-0.011,0.005,-0.027,25.363
55412,-0.005,-0.292,10.174,-0.011,0.005,-0.027,25.344
55422,-0.029,-0.297,10.174,-0.011,0.005,-0.026,25.344
55432,-0.033,-0.316,10.155,-0.011,0.005,-0.027,25.355
55442,-0.033,-0.292,10.146,-0.011,0.005,-0.027,25.355
55452,-0.014,-0.292,10.174,-0.010,0.005,-0.027,25.383
55462,0.000,-0.292,10.174,-0.011,0.005,-0.027,25.383
55472,-0.014,-0.278,10.150,-0.010,0.005,-0.027,25.359
55482,-0.029,-0.282,10.160,-0.010,0.005,-0.027,25.359
55492,-0.019,-0.297,10.184,-0.011,0.005,-0.026,25.309
55502,-0.029,-0.292,10.155,-0.011,0.005,-0.027,25.309
55512,-0.010,-0.301,10.169,-0.012,0.005,-0.027,25.367
55522,-0.048,-0.287,10.165,-0.011,0.005,-0.027,25.367
55532,-0.033,-0.316,10.174,-0.011,0.005,-0.027,25.359
55542,-0.014,-0.292,10.160,-0.011,0.005,-0.027,25.359
55552,-0.024,-0.278,10.150,-0.011,0.006,-0.027,25.336
55562,-0.014,-0.297,10.160,-0.010,0.005,-0.027,25.336
55572,0.005,-0.287,10.165,-0.010,0.005,-0.027,25.363
55582,-0.005,-0.335,10.174,-0.010,0.004,-0.027,25.363
55592,-0.029,-0.311,10.155,-0.011,0.004,-0.027,25.344
55602,-0.024,-0.282,10.184,-0.011,0.005,-0.026,25.344
55612,-0.029,-0.301,10.150,-0.011,0.005,-0.026,25.348
55622,-0.048,-0.301,10.165,-0.011,0.005,-0.027,25.348
55632,-0.038,-0.287,10.193,-0.010,0.005,-0.027,25.352
55642,-0.005,-0.278,10.174,-0.010,0.005,-0.026,25.352
55652,-0.010,-0.311,10.165,-0.011,0.005,-0.026,25.367
55662,-0.024,-0.311,10.189,-0.011,0.005,-0.026,25.367
55672,-0.033,-0.301,10.174,-0.011,0.005,-0.027,25.359
55682,-0.029,-0.297,10.160,-0.011,0.005,-0.027,25.359
55692,-0.024,-0.301,10.169,-0.010,0.005,-0.026,25.395
55702,-0.029,-0.306,10.160,-0.011,0.005,-0.026,25.395
55712,-0.043,-0.321,10.160,-0.011,0.005,-0.027,25.363
55722,-0.024,-0.282,10.150,-0.011,0.006,-0.027,25.363
55732,-0.029,-0.287,10.184,-0.010,0.005,-0.027,25.359
55742,-0.005,-0.292,10.179,-0.010,0.005,-0.027,25.359
55752,-0.029,-0.321,10.165,-0.011,0.005,-0.027,25.359
55762,-0.029,-0.306,10.193,-0.011,0.005,-0.027,25.359
55772,-0.024,-0.301,10.169,-0.011,0.005,-0.027,25.355
55782,-0.043,-0.301,10.165,-0.010,0.004,-0.027,25.355
55792,-0.029,-0.301,10.189,-0.011,0.005,-0.027,25.352
55802,-0.014,-0.306,10.165,-0.011,0.005,-0.027,25.352
55812,-0.029,-0.301,10.184,-0.011,0.005,-0.027,25.383
55822,-0.019,-0.306,10.179,-0.011,0.005,-0.027,25.383
55832,-0.019,-0.311,10.169,-0.011,0.005,-0.027,25.355
55842,-0.019,-0.306,10.174,-0.011,0.005,-0.027,25.355
55852,-0.010,-0.301,10.179,-0.011,0.005,-0.027,25.363
55862,-0.010,-0.292,10.165,-0.011,0.005,-0.027,25.363
55872,0.010,-0.282,10.160,-0.011,0.005,-0.027,25.371
55892,-0.043,-0.297,10.179,-0.011,0.005,-0.027,25.355
55902,-0.010,-0.292,10.155,-0.011,0.004,-0.026,25.383
55912,-0.033,-0.301,10.184,-0.011,0.005,-0.027,25.383
55922,-0.043,-0.330,10.174,-0.011,0.005,-0.027,25.363
55932,-0.033,-0.321,10.174,-0.011,0.005,-0.027,25.363
55942,-0.014,-0.292,10.174,-0.011,0.006,-0.027,25.363
55952,0.005,-0.292,10.184,-0.011,0.005,-0.027,25.363
55962,-0.019,-0.287,10.174,-0.011,0.005,-0.027,25.375
55972,-0.010,-0.287,10.179,-0.011,0.005,-0.027,25.375
55982,-0.010,-0.306,10.169,-0.011,0.005,-0.027,25.395
55992,-0.038,-0.311,10.184,-0.011,0.006,-0.027,25.395
56002,-0.038,-0.301,10.174,-0.011,0.005,-0.027,25.391
56012,-0.043,-0.311,10.179,-0.011,0.006,-0.027,25.391
56022,-0.033,-0.297,10.165,-0.011,0.006,-0.027,25.363
56032,-0.033,-0.297,10.174,-0.010,0.005,-0.027,25.363
56042,-0.043,-0.278,10.174,-0.011,0.005,-0.027,25.383
56052,-0.024,-0.282,10.169,-0.011,0.005,-0.027,25.383
56062,-0.019,-0.306,10.179,-0.011,0.005,-0.026,25.395
56072,-0.029,-0.311,10.174,-0.011,0.004,-0.026,25.395
56082,-0.029,-0.311,10.155,-0.010,0.005,-0.027,25.379
56092,-0.019,-0.297,10.165,-0.010,0.005,-0.027,25.379
56102,-0.005,-0.297,10.165,-0.011,0.005,-0.026,25.359
56112,-0.029,-0.306,10.169,-0.010,0.005,-0.027,25.359
56122,-0.024,-0.297,10.169,-0.010,0.005,-0.027,25.375
56132,-0.019,-0.292,10.165,-0.010,0.005,-0.027,25.375
56142,-0.024,-0.297,10.179,-0.011,0.004,-0.027,25.363
56152,-0.024,-0.311,10.155,-0.010,0.005,-0.027,25.363
56162,-0.029,-0.301,10.174,-0.011,0.005,-0.027,25.375
56172,-0.024,-0.292,10.179,-0.010,0.004,-0.027,25.375
56182,-0.014,-0.292,10.165,-0.010,0.005,-0.027,25.355
56192,0.000,-0.297,10.165,-0.010,0.005,-0.027,25.355
56202,-0.010,-0.301,10.213,-0.011,0.004,-0.027,25.363
56212,-0.033,-0.306,10.165,-0.010,0.006,-0.027,25.363
56222,-0.043,-0.297,10.155,-0.009,0.006,-0.027,25.379
56232,-0.024,-0.316,10.169,-0.009,0.005,-0.027,25.379
56242,-0.029,-0.292,10.179,-0.010,0.005,-0.027,25.359
56252,-0.043,-0.292,10.169,-0.011,0.005,-0.027,25.359
56262,-0.029,-0.321,10.174,-0.010,0.004,-0.027,25.344
56272,-0.048,-0.292,10.184,-0.010,0.006,-0.027,25.344
56282,-0.033,-0.306,10.179,-0.011,0.005,-0.027,25.363
56292,-0.043,-0.301,10.184,-0.012,0.005,-0.026,25.363
56302,-0.029,-0.301,10.160,-0.012,0.005,-0.026,25.383
56312,-0.029,-0.297,10.203,-0.011,0.004,-0.027,25.383
56322,-0.029,-0.301,10.165,-0.012,0.005,-0.026,25.367
56332,-0.053,-0.297,10.179,-0.011,0.006,-0.027,25.367
56342,-0.014,-0.282,10.169,-0.010,0.005,-0.027,25.328
56352,-0.048,-0.301,10.169,-0.010,0.005,-0.027,25.328
56362,-0.029,-0.321,10.174,-0.011,0.005,-0.026,25.348
56372,-0.005,-0.273,10.169,-0.009,0.006,-0.026,25.348
56382,-0.033,-0.306,10.169,-0.010,0.005,-0.027,25.313
56392,-0.014,-0.292,10.169,-0.010,0.005,-0.027,25.313
56402,-0.019,-0.292,10.165,-0.010,0.005,-0.027,25.355
56412,-0.024,-0.301,10.150,-0.010,0.005,-0.027,25.355
56422,-0.057,-0.287,10.165,-0.010,0.005,-0.027,25.355
56432,-0.010,-0.297,10.169,-0.010,0.005,-0.027,25.355
56442,0.000,-0.282,10.155,-0.011,0.005,-0.027,25.336
56452,-0.019,-0.287,10.146,-0.011,0.005,-0.027,25.336
56462,-0.033,-0.306,10.150,-0.011,0.005,-0.027,25.352
56472,-0.038,-0.306,10.169,-0.011,0.005,-0.027,25.352
56482,-0.038,-0.301,10.169,-0.011,0.004,-0.027,25.363
56492,-0.029,-0.301,10.169,-0.011,0.005,-0.027,25.363
56502,-0.024,-0.306,10.169,-0.010,0.005,-0.027,25.340
56512,-0.014,-0.301,10.169,-0.011,0.005,-0.027,25.340
56522,-0.019,-0.297,10.165,-0.011,0.005,-0.026,25.336
56532,-0.019,-0.301,10.160,-0.011,0.006,-0.027,25.336
56542,-0.029,-0.301,10.165,-0.010,0.006,-0.027,25.348
56552,-0.048,-0.311,10.165,-0.010,0.005,-0.027,25.348
56562,-0.024,-0.301,10.169,-0.011,0.005,-0.026,25.320
56572,-0.033,-0.287,10.155,-0.011,0.005,-0.026,25.320
56582,-0.033,-0.282,10.150,-0.011,0.004,-0.027,25.371
56592,-0.010,-0.268,10.160,-0.011,0.005,-0.027,25.371
56602,-0.010,-0.297,10.155,-0.012,0.005,-0.026,25.363
56612,-0.019,-0.268,10.174,-0.011,0.005,-0.026,25.363
56622,-0.033,-0.316,10.169,-0.012,0.005,-0.027,25.383
56632,-0.029,-0.311,10.174,-0.011,0.005,-0.026,25.383
56642,-0.038,-0.325,10.160,-0.011,0.005,-0.027,25.316
56652,-0.029,-0.287,10.155,-0.011,0.005,-0.027,25.316
56662,-0.019,-0.278,10.160,-0.010,0.005,-0.027,25.348
56672,-0.005,-0.292,10.169,-0.011,0.005,-0.027,25.348
56682,-0.029,-0.292,10.160,-0.010,0.005,-0.027,25.363
56692,-0.024,-0.316,10.150,-0.011,0.005,-0.027,25.363
56702,-0.043,-0.306,10.169,-0.011,0.005,-0.026,25.371
56712,-0.033,-0.311,10.155,-0.011,0.005,-0.026,25.371
56722,-0.024,-0.311,10.174,-0.010,0.005,-0.026,25.355
56732,-0.024,-0.273,10.174,-0.011,0.005,-0.027,25.355
56742,-0.019,-0.263,10.179,-0.011,0.005,-0.027,25.363
56752,-0.019,-0.287,10.165,-0.011,0.005,-0.027,25.363
56762,-0.043,-0.292,10.169,-0.011,0.005,-0.027,25.289
56772,-0.048,-0.311,10.146,-0.011,0.005,-0.027,25.289
56782,-0.043,-0.297,10.160,-0.011,0.005,-0.027,25.371
56792,-0.043,-0.301,10.174,-0.010,0.006,-0.027,25.371
56802,-0.005,-0.292,10.169,-0.012,0.005,-0.027,25.355
56812,-0.014,-0.282,10.155,-0.011,0.004,-0.027,25.355
56822,-0.029,-0.282,10.184,-0.010,0.005,-0.027,25.363
56832,-0.038,-0.297,10.155,-0.010,0.005,-0.026,25.363
56842,-0.043,-0.316,10.169,-0.011,0.005,-0.026,25.352
56852,-0.024,-0.297,10.169,-0.010,0.005,-0.027,25.352
56862,-0.010,-0.297,10.150,-0.010,0.005,-0.027,25.352
56872,-0.005,-0.287,10.184,-0.011,0.005,-0.027,25.352
56882,-0.029,-0.297,10.184,-0.011,0.005,-0.027,25.340
56892,-0.033,-0.297,10.169,-0.011,0.005,-0.027,25.340
56902,-0.014,-0.306,10.165,-0.011,0.005,-0.026,25.383
56912,-0.033,-0.297,10.193,-0.010,0.004,-0.027,25.383
56922,-0.038,-0.282,10.174,-0.011,0.004,-0.027,25.391
56932,-0.019,-0.292,10.150,-0.011,0.005,-0.026,25.391
56942,-0.029,-0.306,10.160,-0.011,0.005,-0.027,25.336
56952,-0.019,-0.311,10.179,-0.011,0.004,-0.027,25.336
56962,-0.024,-0.292,10.165,-0.010,0.005,-0.027,25.344
56972,-0.014,-0.301,10.160,-0.011,0.005,-0.026,25.344
56982,-0.053,-0.292,10.141,-0.012,0.005,-0.026,25.395
56992,-0.038,-0.292,10.179,-0.011,0.005,-0.026,25.395
57002,-0.019,-0.301,10.174,-0.010,0.004,-0.027,25.395
57012,-0.019,-0.287,10.179,-0.010,0.005,-0.027,25.395
57022,-0.005,-0.301,10.160,-0.011,0.005,-0.026,25.324
57032,-0.019,-0.278,10.184,-0.011,0.005,-0.027,25.324
57042,-0.033,-0.311,10.165,-0.011,0.005,-0.027,25.422
57052,-0.029,-0.301,10.179,-0.011,0.005,-0.027,25.422
57062,-0.038,-0.282,10.169,-0.010,0.005,-0.027,25.383
57072,-0.010,-0.287,10.179,-0.011,0.005,-0.027,25.383
57082,-0.019,-0.301,10.179,-0.010,0.005,-0.027,25.344
57092,-0.033,-0.306,10.174,-0.010,0.005,-0.027,25.344
57112,-0.033,-0.306,10.165,-0.010,0.005,-0.027,25.363
57122,-0.029,-0.287,10.179,-0.010,0.005,-0.027,25.363
57132,-0.033,-0.282,10.189,-0.011,0.005,-0.026,25.383
57142,-0.033,-0.292,10.174,-0.011,0.005,-0.027,25.383
57152,-0.024,-0.301,10.174,-0.011,0.005,-0.027,25.367
57162,-0.019,-0.292,10.150,-0.010,0.005,-0.027,25.367
57172,-0.029,-0.301,10.165,-0.010,0.005,-0.027,25.332
57182,-0.033,-0.325,10.174,-0.011,0.005,-0.027,25.332
57192,-0.029,-0.287,10.165,-0.010,0.005,-0.027,25.367
57202,-0.043,-0.287,10.169,-0.009,0.004,-0.028,25.367
57212,-0.033,-0.287,10.165,-0.010,0.005,-0.027,25.355
57222,0.000,-0.292,10.184,-0.011,0.005,-0.027,25.355
57232,-0.029,-0.306,10.160,-0.011,0.005,-0.027,25.398
57242,-0.043,-0.273,10.165,-0.010,0.005,-0.027,25.398
57252,-0.038,-0.301,10.169,-0.011,0.005,-0.027,25.375
57262,-0.029,-0.278,10.150,-0.011,0.005,-0.027,25.375
57272,0.000,-0.306,10.146,-0.011,0.004,-0.027,25.426
57282,0.014,-0.301,10.169,-0.011,0.005,-0.026,25.426
57292,-0.033,-0.297,10.165,-0.011,0.005,-0.027,25.359
57302,-0.024,-0.278,10.150,-0.011,0.005,-0.027,25.359
57312,-0.033,-0.321,10.184,-0.011,0.005,-0.027,25.422
57322,-0.033,-0.311,10.169,-0.011,0.005,-0.026,25.422
57332,-0.029,-0.282,10.160,-0.010,0.005,-0.027,25.379
57342,-0.024,-0.282,10.174,-0.010,0.005,-0.027,25.379
57352,-0.010,-0.316,10.174,-0.012,0.004,-0.027,25.387
57362,-0.010,-0.282,10.169,-0.011,0.005,-0.027,25.387
57372,-0.038,-0.297,10.169,-0.011,0.004,-0.027,25.367
57382,-0.043,-0.282,10.184,-0.011,0.004,-0.027,25.367
57392,-0.019,-0.287,10.150,-0.010,0.005,-0.027,25.418
57402,-0.029,-0.297,10.179,-0.011,0.005,-0.027,25.418
57412,-0.024,-0.292,10.184,-0.011,0.005,-0.026,25.371
57422,-0.014,-0.306,10.174,-0.011,0.005,-0.027,25.371
57432,-0.019,-0.292,10.155,-0.011,0.005,-0.027,25.402
57442,-0.038,-0.287,10.169,-0.012,0.005,-0.027,25.402
57452,-0.033,-0.297,10.155,-0.011,0.005,-0.027,25.375
57462,-0.014,-0.287,10.174,-0.011,0.006,-0.027,25.375
57472,-0.043,-0.301,10.169,-0.011,0.005,-0.027,25.359
57482,-0.029,-0.311,10.174,-0.011,0.005,-0.027,25.359
57492,-0.024,-0.306,10.165,-0.011,0.004,-0.027,25.352
57502,-0.024,-0.301,10.174,-0.011,0.005,-0.026,25.352
57512,-0.033,-0.311,10.174,-0.011,0.005,-0.027,25.375
57522,-0.014,-0.301,10.155,-0.011,0.005,-0.027,25.375
57532,0.019,-0.297,10.165,-0.011,0.005,-0.027,25.359
57542,-0.014,-0.278,10.174,-0.011,0.005,-0.028,25.359
57552,-0.024,-0.278,10.184,-0.010,0.005,-0.026,25.359
57562,-0.033,-0.292,10.160,-0.010,0.005,-0.026,25.359
57572,-0.038,-0.311,10.179,-0.010,0.005,-0.026,25.363
57582,-0.029,-0.306,10.169,-0.011,0.005,-0.026,25.363
57592,-0.024,-0.316,10.160,-0.011,0.005,-0.027,25.383
57602,-0.038,-0.301,10.165,-0.011,0.005,-0.027,25.383
57612,-0.024,-0.301,10.179,-0.011,0.005,-0.027,25.363
57622,-0.014,-0.278,10.179,-0.011,0.005,-0.027,25.363
57632,-0.043,-0.287,10.160,-0.010,0.005,-0.027,25.379
57642,-0.014,-0.287,10.184,-0.011,0.005,-0.027,25.379
57652,-0.038,-0.297,10.150,-0.011,0.005,-0.027,25.379
57662,-0.029,-0.292,10.165,-0.011,0.005,-0.027,25.379
57672,-0.019,-0.311,10.160,-0.011,0.004,-0.027,25.387
57682,-0.019,-0.306,10.150,-0.011,0.005,-0.027,25.387
57692,-0.010,-0.306,10.174,-0.011,0.005,-0.027,25.430
57702,-0.014,-0.292,10.184,-0.011,0.005,-0.027,25.430
57712,-0.033,-0.278,10.160,-0.011,0.005,-0.027,25.402
57722,-0.019,-0.292,10.155,-0.010,0.005,-0.027,25.402
57732,-0.029,-0.311,10.198,-0.011,0.004,-0.027,25.391
57742,-0.038,-0.297,10.174,-0.011,0.005,-0.026,25.391
57752,-0.005,-0.297,10.165,-0.011,0.004,-0.026,25.375
57762,-0.005,-0.306,10.179,-0.010,0.005,-0.026,25.375
57772,-0.029,-0.278,10.184,-0.010,0.004,-0.027,25.375
57782,-0.029,-0.292,10.160,-0.011,0.004,-0.027,25.375
57792,-0.029,-0.292,10.169,-0.010,0.005,-0.027,25.383
57802,-0.038,-0.311,10.165,-0.011,0.005,-0.026,25.383
57812,-0.005,-0.297,10.189,-0.011,0.005,-0.027,25.406
57822,-0.038,-0.273,10.165,-0.010,0.005,-0.027,25.406
57832,-0.029,-0.306,10.174,-0.011,0.004,-0.026,25.363
57842,-0.019,-0.282,10.160,-0.010,0.005,-0.027,25.363
57852,-0.038,-0.278,10.160,-0.010,0.005,-0.027,25.395
57862,-0.024,-0.287,10.179,-0.010,0.005,-0.027,25.395
57872,-0.014,-0.301,10.174,-0.011,0.005,-0.027,25.363
57882,-0.038,-0.292,10.179,-0.010,0.004,-0.027,25.363
57892,-0.019,-0.292,10.179,-0.010,0.005,-0.027,25.383
57902,-0.029,-0.282,10.179,-0.011,0.005,-0.027,25.383
57912,-0.014,-0.273,10.179,-0.011,0.005,-0.027,25.391
57922,-0.043,-0.301,10.165,-0.010,0.005,-0.027,25.391
57932,-0.043,-0.306,10.165,-0.011,0.005,-0.027,25.406
57942,-0.029,-0.297,10.160,-0.010,0.005,-0.027,25.406
57952,-0.033,-0.301,10.189,-0.011,0.004,-0.026,25.430
57962,-0.038,-0.301,10.146,-0.011,0.005,-0.027,25.430
57972,-0.024,-0.287,10.189,-0.011,0.006,-0.027,25.391
57982,-0.029,-0.297,10.184,-0.011,0.005,-0.027,25.391
57992,-0.014,-0.282,10.169,-0.012,0.005,-0.026,25.375
58002,-0.024,-0.297,10.165,-0.011,0.005,-0.027,25.375
58012,-0.043,-0.316,10.160,-0.010,0.004,-0.026,25.387
58022,-0.043,-0.292,10.169,-0.010,0.005,-0.027,25.387
58032,-0.038,-0.297,10.155,-0.011,0.005,-0.027,25.430
58042,-0.043,-0.297,10.179,-0.011,0.004,-0.026,25.430
58052,-0.033,-0.292,10.184,-0.010,0.005,-0.026,25.418
58062,-0.033,-0.282,10.184,-0.011,0.005,-0.027,25.418
58072,-0.033,-0.301,10.165,-0.011,0.005,-0.027,25.383
58082,-0.024,-0.316,10.160,-0.011,0.005,-0.026,25.383
58092,-0.019,-0.297,10.160,-0.011,0.005,-0.027,25.441
58102,-0.024,-0.301,10.165,-0.011,0.005,-0.027,25.441
58112,-0.043,-0.297,10.165,-0.010,0.005,-0.027,25.367
58122,-0.010,-0.292,10.160,-0.010,0.004,-0.027,25.367
58132,-0.029,-0.282,10.160,-0.011,0.006,-0.027,25.379
58142,-0.029,-0.292,10.184,-0.011,0.005,-0.027,25.379
58152,-0.038,-0.301,10.174,-0.011,0.005,-0.027,25.383
58162,-0.048,-0.287,10.169,-0.011,0.004,-0.027,25.383
58172,-0.029,-0.306,10.169,-0.011,0.005,-0.027,25.383
58182,-0.019,-0.297,10.174,-0.010,0.005,-0.027,25.383
58192,-0.019,-0.292,10.174,-0.010,0.005,-0.026,25.414
58202,-0.033,-0.297,10.169,-0.011,0.004,-0.027,25.414
58212,-0.029,-0.292,10.189,-0.011,0.004,-0.026,25.418
58222,-0.010,-0.297,10.179,-0.011,0.004,-0.026,25.418
58232,-0.024,-0.292,10.165,-0.010,0.004,-0.027,25.434
58242,-0.019,-0.297,10.174,-0.011,0.005,-0.027,25.434
58252,-0.043,-0.292,10.155,-0.011,0.004,-0.027,25.418
58272,-0.019,-0.316,10.169,-0.011,0.005,-0.026,25.398
58282,-0.014,-0.311,10.179,-0.011,0.004,-0.027,25.426
58292,-0.048,-0.292,10.174,-0.011,0.005,-0.027,25.426
58302,-0.024,-0.282,10.174,-0.011,0.004,-0.027,25.387
58312,-0.014,-0.306,10.174,-0.011,0.005,-0.027,25.387
58322,-0.029,-0.301,10.174,-0.010,0.004,-0.027,25.363
58332,-0.029,-0.287,10.165,-0.010,0.005,-0.027,25.363
58342,-0.029,-0.301,10.155,-0.011,0.005,-0.027,25.363
58352,-0.014,-0.282,10.155,-0.011,0.005,-0.027,25.363
58362,-0.029,-0.278,10.184,-0.011,0.004,-0.027,25.383
58372,-0.019,-0.311,10.184,-0.011,0.005,-0.027,25.383
58382,-0.038,-0.301,10.155,-0.011,0.005,-0.026,25.410
58392,-0.033,-0.297,10.169,-0.011,0.005,-0.027,25.410
58402,-0.038,-0.297,10.179,-0.010,0.005,-0.027,25.395
58412,-0.024,-0.306,10.165,-0.011,0.005,-0.027,25.395
58422,-0.029,-0.311,10.165,-0.011,0.005,-0.026,25.398
58432,-0.024,-0.311,10.174,-0.011,0.005,-0.026,25.398
58442,-0.024,-0.287,10.174,-0.011,0.005,-0.027,25.395
58452,-0.029,-0.278,10.169,-0.011,0.005,-0.027,25.395
58462,-0.029,-0.282,10.174,-0.011,0.005,-0.026,25.395
58472,-0.053,-0.297,10.179,-0.011,0.005,-0.026,25.395
58482,-0.043,-0.282,10.165,-0.011,0.005,-0.026,25.406
58492,-0.038,-0.282,10.165,-0.011,0.005,-0.027,25.406
58502,-0.043,-0.268,10.179,-0.011,0.005,-0.027,25.391
58512,-0.019,-0.301,10.189,-0.011,0.005,-0.028,25.391
58522,-0.038,-0.292,10.165,-0.010,0.005,-0.027,25.406
58532,-0.029,-0.287,10.193,-0.011,0.005,-0.026,25.406
58542,-0.038,-0.292,10.160,-0.011,0.005,-0.027,25.391
58552,-0.029,-0.301,10.184,-0.011,0.005,-0.027,25.391
58562,-0.038,-0.316,10.184,-0.011,0.005,-0.027,25.414
58572,-0.033,-0.306,10.160,-0.011,0.005,-0.027,25.414
58582,-0.038,-0.287,10.193,-0.012,0.005,-0.026,25.363
58592,-0.029,-0.301,10.169,-0.012,0.006,-0.026,25.363
58602,-0.033,-0.306,10.169,-0.011,0.005,-0.026,25.398
58612,-0.038,-0.278,10.169,-0.010,0.005,-0.026,25.398
58622,-0.014,-0.301,10.165,-0.010,0.005,-0.027,25.418
58632,-0.029,-0.297,10.165,-0.011,0.005,-0.026,25.418
58642,-0.010,-0.306,10.179,-0.011,0.005,-0.026,25.367
58652,-0.033,-0.311,10.184,-0.011,0.005,-0.026,25.367
58662,-0.038,-0.292,10.189,-0.011,0.005,-0.027,25.363
58672,-0.038,-0.278,10.150,-0.010,0.006,-0.027,25.363
58682,-0.038,-0.297,10.193,-0.011,0.005,-0.026,25.395
58692,-0.024,-0.282,10.155,-0.011,0.005,-0.027,25.395
58702,-0.029,-0.311,10.169,-0.011,0.005,-0.027,25.418
58712,-0.024,-0.316,10.179,-0.011,0.005,-0.027,25.418
58722,-0.010,-0.316,10.184,-0.011,0.005,-0.026,25.445
58732,-0.024,-0.301,10.169,-0.010,0.005,-0.026,25.445
58742,-0.043,-0.297,10.174,-0.010,0.005,-0.027,25.430
58752,-0.024,-0.297,10.174,-0.010,0.005,-0.027,25.430
58762,-0.038,-0.311,10.169,-0.010,0.005,-0.027,25.375
58772,-0.024,-0.301,10.184,-0.011,0.006,-0.027,25.375
58782,-0.038,-0.282,10.174,-0.011,0.005,-0.027,25.398
58792,-0.014,-0.311,10.184,-0.011,0.004,-0.027,25.398
58802,-0.029,-0.292,10.184,-0.010,0.005,-0.027,25.406
58812,-0.043,-0.306,10.169,-0.011,0.005,-0.026,25.406
58822,-0.024,-0.301,10.155,-0.010,0.005,-0.026,25.410
58832,-0.033,-0.297,10.160,-0.011,0.005,-0.026,25.410
58842,-0.024,-0.292,10.184,-0.011,0.005,-0.026,25.371
58852,-0.038,-0.306,10.179,-0.012,0.005,-0.027,25.371
58862,-0.024,-0.311,10.174,-0.011,0.005,-0.027,25.445
58872,-0.033,-0.306,10.193,-0.011,0.004,-0.026,25.445
58882,-0.029,-0.282,10.189,-0.011,0.005,-0.027,25.414
58892,-0.043,-0.292,10.165,-0.011,0.005,-0.026,25.414
58902,-0.033,-0.306,10.160,-0.011,0.005,-0.027,25.406
58912,-0.043,-0.306,10.179,-0.012,0.005,-0.027,25.406
58922,-0.024,-0.311,10.174,-0.011,0.005,-0.027,25.410
58932,-0.033,-0.301,10.174,-0.011,0.005,-0.027,25.410
58942,-0.019,-0.292,10.174,-0.011,0.005,-0.026,25.430
58952,-0.043,-0.287,10.160,-0.010,0.005,-0.027,25.430
58962,-0.024,-0.273,10.165,-0.010,0.005,-0.026,25.410
58972,0.005,-0.316,10.193,-0.011,0.005,-0.027,25.410
58982,-0.033,-0.316,10.169,-0.010,0.005,-0.027,25.395
58992,-0.043,-0.301,10.165,-0.011,0.005,-0.026,25.395
59002,-0.029,-0.301,10.165,-0.011,0.005,-0.027,25.367
59012,-0.043,-0.306,10.184,-0.011,0.005,-0.027,25.367
59022,-0.043,-0.292,10.150,-0.011,0.005,-0.027,25.391
59032,-0.019,-0.301,10.179,-0.010,0.004,-0.027,25.391
59042,-0.038,-0.301,10.189,-0.011,0.005,-0.027,25.422
59052,-0.029,-0.306,10.174,-0.011,0.004,-0.027,25.422
59062,-0.014,-0.311,10.160,-0.011,0.005,-0.026,25.379
59072,-0.024,-0.287,10.179,-0.011,0.004,-0.027,25.379
59082,-0.033,-0.278,10.179,-0.010,0.005,-0.027,25.355
59092,-0.033,-0.282,10.160,-0.011,0.005,-0.027,25.355
59102,-0.029,-0.297,10.169,-0.011,0.004,-0.027,25.398
59112,-0.010,-0.287,10.174,-0.011,0.005,-0.027,25.398
59122,-0.062,-0.306,10.165,-0.011,0.005,-0.026,25.457
59132,-0.029,-0.287,10.155,-0.010,0.004,-0.027,25.457
59142,-0.019,-0.316,10.160,-0.011,0.005,-0.027,25.406
59152,-0.024,-0.292,10.165,-0.011,0.005,-0.027,25.406
59162,-0.033,-0.282,10.160,-0.011,0.005,-0.027,25.449
59172,-0.019,-0.273,10.174,-0.011,0.005,-0.027,25.449
59182,-0.029,-0.306,10.179,-0.011,0.005,-0.026,25.379
59192,-0.024,-0.306,10.155,-0.011,0.005,-0.027,25.379
59202,-0.029,-0.316,10.160,-0.011,0.005,-0.027,25.418
59212,-0.024,-0.287,10.160,-0.011,0.005,-0.027,25.418
59222,-0.043,-0.292,10.150,-0.010,0.005,-0.027,25.402
59232,-0.024,-0.297,10.160,-0.010,0.005,-0.027,25.402
59242,-0.029,-0.287,10.165,-0.011,0.005,-0.027,25.402
59252,-0.014,-0.311,10.169,-0.011,0.005,-0.027,25.402
59262,-0.043,-0.311,10.165,-0.010,0.005,-0.027,25.379
59272,-0.024,-0.292,10.179,-0.010,0.005,-0.027,25.379
59282,-0.019,-0.311,10.169,-0.010,0.005,-0.026,25.398
59292,-0.033,-0.278,10.184,-0.010,0.005,-0.027,25.398
59302,-0.019,-0.297,10.174,-0.011,0.004,-0.027,25.387
59312,-0.019,-0.301,10.169,-0.011,0.005,-0.027,25.387
59332,-0.024,-0.287,10.165,-0.011,0.005,-0.027,25.414
59342,-0.043,-0.282,10.169,-0.011,0.005,-0.027,25.414
59352,-0.024,-0.301,10.146,-0.010,0.005,-0.027,25.406
59362,-0.029,-0.292,10.165,-0.011,0.005,-0.027,25.406
59372,-0.053,-0.301,10.160,-0.011,0.005,-0.027,25.414
59382,-0.029,-0.311,10.174,-0.011,0.005,-0.027,25.414
59392,-0.029,-0.278,10.184,-0.011,0.005,-0.026,25.410
59402,-0.033,-0.292,10.155,-0.011,0.005,-0.027,25.410
59412,-0.014,-0.297,10.165,-0.011,0.005,-0.027,25.418
59422,-0.038,-0.297,10.155,-0.011,0.005,-0.027,25.418
59432,-0.029,-0.292,10.155,-0.010,0.006,-0.027,25.391
59442,-0.029,-0.287,10.169,-0.010,0.006,-0.027,25.391
59452,-0.043,-0.292,10.174,-0.010,0.005,-0.027,25.406
59462,-0.019,-0.311,10.174,-0.010,0.005,-0.027,25.406
59472,-0.024,-0.287,10.169,-0.010,0.005,-0.026,25.422
59482,-0.019,-0.297,10.179,-0.010,0.005,-0.027,25.422
59492,-0.033,-0.306,10.184,-0.011,0.004,-0.026,25.402
59502,-0.024,-0.311,10.160,-0.012,0.005,-0.026,25.402
59512,-0.033,-0.292,10.150,-0.011,0.006,-0.027,25.434
59522,-0.014,-0.297,10.174,-0.011,0.005,-0.027,25.434
59532,-0.033,-0.287,10.150,-0.011,0.005,-0.027,25.430
59542,-0.014,-0.306,10.179,-0.013,0.002,-0.026,25.430
59552,-0.043,-0.292,10.155,-0.011,0.004,-0.026,25.453
59562,-0.024,-0.306,10.165,-0.012,0.004,-0.027,25.453
59572,0.000,-0.273,10.179,-0.011,0.005,-0.026,25.395
59582,-0.024,-0.301,10.160,-0.011,0.004,-0.027,25.395
59592,-0.005,-0.292,10.174,-0.011,0.005,-0.027,25.410
59602,-0.029,-0.306,10.146,-0.012,0.005,-0.026,25.410
59612,-0.038,-0.292,10.179,-0.011,0.005,-0.026,25.410
59622,-0.019,-0.306,10.165,-0.011,0.005,-0.026,25.410
59632,-0.014,-0.330,10.174,-0.011,0.005,-0.027,25.402
59642,-0.053,-0.301,10.189,-0.012,0.005,-0.026,25.402
59652,-0.033,-0.297,10.146,-0.010,0.005,-0.027,25.414
59662,-0.010,-0.306,10.165,-0.011,0.004,-0.027,25.414
59672,-0.043,-0.278,10.179,-0.012,0.005,-0.027,25.391
59682,-0.053,-0.292,10.174,-0.011,0.005,-0.026,25.391
59692,-0.043,-0.306,10.169,-0.011,0.005,-0.027,25.441
59702,-0.010,-0.316,10.160,-0.010,0.005,-0.026,25.441
59712,-0.024,-0.287,10.165,-0.011,0.005,-0.027,25.406
59722,-0.048,-0.306,10.169,-0.010,0.005,-0.027,25.406
59732,-0.029,-0.301,10.179,-0.010,0.004,-0.027,25.387
59742,-0.024,-0.316,10.184,-0.010,0.004,-0.027,25.387
59752,-0.038,-0.278,10.160,-0.010,0.005,-0.027,25.363
59762,-0.019,-0.268,10.179,-0.010,0.005,-0.027,25.363
59772,-0.033,-0.297,10.189,-0.011,0.005,-0.026,25.406
59782,-0.033,-0.306,10.184,-0.010,0.005,-0.027,25.406
59792,-0.048,-0.292,10.184,-0.010,0.005,-0.026,25.430
59802,-0.033,-0.316,10.165,-0.011,0.005,-0.026,25.430
59812,-0.014,-0.292,10.169,-0.011,0.005,-0.027,25.410
59822,-0.029,-0.287,10.184,-0.011,0.005,-0.027,25.410
59832,-0.043,-0.297,10.179,-0.010,0.005,-0.027,25.418
59842,-0.029,-0.287,10.169,-0.011,0.005,-0.027,25.418
59852,-0.014,-0.292,10.174,-0.010,0.005,-0.027,25.395
59862,-0.010,-0.287,10.160,-0.010,0.006,-0.027,25.395
59872,-0.014,-0.287,10.165,-0.010,0.005,-0.027,25.422
59882,-0.033,-0.301,10.174,-0.012,0.005,-0.027,25.422
59892,-0.043,-0.292,10.179,-0.011,0.005,-0.027,25.453
59902,-0.038,-0.297,10.189,-0.011,0.005,-0.027,25.453
59912,-0.048,-0.335,10.179,-0.011,0.005,-0.026,25.410
59922,-0.029,-0.316,10.169,-0.011,0.005,-0.027,25.410
59932,-0.033,-0.292,10.179,-0.011,0.005,-0.027,25.402
59942,-0.024,-0.301,10.169,-0.011,0.005,-0.027,25.402
59952,-0.019,-0.292,10.169,-0.011,0.005,-0.028,25.441
59962,-0.024,-0.287,10.169,-0.011,0.005,-0.027,25.441
59972,-0.024,-0.282,10.174,-0.011,0.005,-0.028,25.387
59982,-0.029,-0.297,10.169,-0.011,0.005,-0.027,25.387
59992,-0.033,-0.311,10.169,-0.010,0.004,-0.027,25.379
60002,-0.029,-0.316,10.174,-0.011,0.005,-0.027,25.379
60012,-0.033,-0.306,10.160,-0.010,0.005,-0.027,25.406
60022,-0.029,-0.297,10.169,-0.011,0.005,-0.027,25.406
60032,-0.033,-0.306,10.189,-0.010,0.005,-0.027,25.445
60042,-0.024,-0.297,10.179,-0.011,0.005,-0.027,25.445
60052,-0.033,-0.306,10.203,-0.011,0.005,-0.027,25.414
60062,-0.038,-0.301,10.184,-0.011,0.005,-0.027,25.414
60072,-0.048,-0.292,10.179,-0.011,0.005,-0.027,25.398
60082,-0.005,-0.301,10.174,-0.010,0.005,-0.027,25.398
60092,-0.010,-0.306,10.179,-0.011,0.005,-0.026,25.426
60102,-0.029,-0.301,10.165,-0.011,0.004,-0.027,25.426
60112,-0.038,-0.306,10.174,-0.011,0.005,-0.027,25.457
60122,-0.033,-0.292,10.169,-0.010,0.005,-0.028,25.457
60132,-0.019,-0.297,10.193,-0.010,0.005,-0.027,25.414
60142,-0.024,-0.306,10.169,-0.011,0.005,-0.026,25.414
60152,-0.038,-0.287,10.169,-0.011,0.005,-0.026,25.465
60162,-0.014,-0.297,10.160,-0.010,0.005,-0.027,25.465
60172,-0.024,-0.306,10.184,-0.010,0.005,-0.026,25.449
60182,-0.029,-0.306,10.174,-0.010,0.005,-0.027,25.449
60192,-0.024,-0.301,10.169,-0.010,0.005,-0.027,25.422
60202,-0.019,-0.297,10.184,-0.011,0.005,-0.026,25.422
60212,-0.043,-0.301,10.174,-0.011,0.005,-0.027,25.395
60222,-0.019,-0.287,10.179,-0.010,0.005,-0.027,25.395
60232,-0.019,-0.273,10.174,-0.010,0.004,-0.027,25.438
60242,-0.024,-0.287,10.169,-0.011,0.005,-0.027,25.438
60252,-0.033,-0.306,10.179,-0.011,0.005,-0.027,25.461
60262,-0.038,-0.316,10.169,-0.011,0.005,-0.027,25.461
60272,-0.029,-0.297,10.169,-0.011,0.005,-0.027,25.414
60282,-0.048,-0.306,10.165,-0.010,0.005,-0.028,25.414
60292,-0.019,-0.292,10.184,-0.010,0.005,-0.027,25.402
60302,-0.019,-0.311,10.174,-0.010,0.004,-0.027,25.402
60312,-0.014,-0.287,10.189,-0.011,0.004,-0.027,25.359
60322,-0.010,-0.306,10.179,-0.011,0.004,-0.027,25.359
60332,-0.029,-0.301,10.179,-0.011,0.005,-0.027,25.441
60342,-0.038,-0.292,10.160,-0.011,0.004,-0.027,25.441
60352,-0.029,-0.273,10.155,-0.011,0.004,-0.027,25.414
60362,-0.010,-0.301,10.165,-0.010,0.006,-0.027,25.414
60372,-0.024,-0.297,10.179,-0.010,0.005,-0.027,25.430
60382,-0.033,-0.297,10.184,-0.011,0.005,-0.027,25.430
60392,-0.048,-0.297,10.174,-0.011,0.005,-0.027,25.422
60402,-0.033,-0.297,10.169,-0.012,0.005,-0.027,25.410
60422,-0.033,-0.306,10.169,-0.010,0.005,-0.027,25.422
60432,-0.010,-0.278,10.165,-0.011,0.005,-0.028,25.422
60442,-0.033,-0.297,10.179,-0.011,0.005,-0.027,25.434
60452,-0.029,-0.311,10.160,-0.011,0.005,-0.027,25.434
60462,-0.019,-0.282,10.165,-0.009,0.006,-0.027,25.430
60472,-0.033,-0.321,10.179,-0.009,0.005,-0.027,25.430
60482,-0.019,-0.301,10.193,-0.009,0.005,-0.028,25.371
60492,-0.033,-0.297,10.150,-0.010,0.005,-0.027,25.371
60502,-0.029,-0.306,10.165,-0.010,0.005,-0.027,25.410
60512,-0.014,-0.301,10.179,-0.010,0.004,-0.027,25.410
60522,-0.038,-0.297,10.160,-0.010,0.005,-0.027,25.445
60532,-0.005,-0.292,10.169,-0.010,0.005,-0.027,25.445
60542,-0.024,-0.292,10.165,-0.009,0.005,-0.027,25.422
60552,-0.019,-0.306,10.179,-0.011,0.005,-0.027,25.422
60562,-0.019,-0.301,10.184,-0.011,0.005,-0.026,25.438
60572,-0.038,-0.306,10.160,-0.010,0.005,-0.027,25.438
60582,-0.038,-0.316,10.189,-0.011,0.005,-0.028,25.406
60592,-0.043,-0.316,10.165,-0.011,0.006,-0.027,25.406
60602,-0.019,-0.282,10.165,-0.011,0.005,-0.027,25.414
60612,-0.024,-0.292,10.189,-0.011,0.005,-0.027,25.414
60622,0.005,-0.297,10.179,-0.011,0.004,-0.027,25.406
60632,-0.033,-0.292,10.155,-0.011,0.004,-0.027,25.406
60642,-0.024,-0.311,10.189,-0.010,0.005,-0.027,25.406
60652,-0.043,-0.316,10.174,-0.011,0.005,-0.027,25.406
60662,-0.057,-0.321,10.179,-0.010,0.005,-0.027,25.398
60672,-0.038,-0.287,10.165,-0.010,0.005,-0.026,25.398
60682,-0.029,-0.321,10.208,-0.011,0.005,-0.027,25.441
60692,-0.029,-0.287,10.174,-0.010,0.005,-0.027,25.441
60702,-0.043,-0.297,10.174,-0.010,0.005,-0.027,25.441
60712,-0.019,-0.292,10.150,-0.010,0.005,-0.027,25.441
60722,-0.024,-0.301,10.165,-0.010,0.005,-0.027,25.457
60732,-0.024,-0.316,10.155,-0.011,0.005,-0.026,25.457
60742,-0.024,-0.306,10.169,-0.011,0.004,-0.026,25.434
60752,-0.010,-0.278,10.184,-0.011,0.005,-0.027,25.434
60762,-0.043,-0.287,10.179,-0.011,0.005,-0.027,25.461
60772,-0.019,-0.273,10.160,-0.010,0.005,-0.027,25.461
60782,-0.024,-0.316,10.179,-0.010,0.005,-0.027,25.449
60792,-0.038,-0.301,10.169,-0.010,0.005,-0.026,25.449
60802,-0.019,-0.306,10.179,-0.010,0.005,-0.027,25.465
60812,-0.033,-0.321,10.169,-0.011,0.005,-0.026,25.465
60822,-0.038,-0.292,10.165,-0.011,0.006,-0.027,25.414
60832,-0.010,-0.292,10.179,-0.010,0.005,-0.027,25.414
60842,-0.024,-0.287,10.169,-0.009,0.005,-0.027,25.449
60852,-0.014,-0.297,10.169,-0.010,0.005,-0.027,25.449
60862,-0.043,-0.306,10.193,-0.011,0.005,-0.027,25.422
60872,-0.010,-0.301,10.169,-0.010,0.005,-0.027,25.422
60882,-0.029,-0.321,10.179,-0.011,0.005,-0.027,25.398
60892,-0.024,-0.297,10.193,-0.011,0.005,-0.027,25.398
60902,-0.029,-0.306,10.189,-0.011,0.004,-0.027,25.441
60912,-0.014,-0.282,10.169,-0.011,0.005,-0.027,25.441
60922,-0.029,-0.273,10.174,-0.011,0.004,-0.026,25.438
60932,-0.029,-0.292,10.174,-0.011,0.005,-0.027,25.438
60942,-0.033,-0.287,10.169,-0.011,0.005,-0.027,25.422
60952,-0.038,-0.301,10.160,-0.012,0.005,-0.027,25.422
60962,-0.033,-0.306,10.169,-0.012,0.004,-0.026,25.430
60972,-0.024,-0.301,10.169,-0.011,0.005,-0.027,25.430
60982,-0.005,-0.321,10.174,-0.011,0.005,-0.027,25.438
60992,-0.024,-0.287,10.184,-0.011,0.004,-0.027,25.438
61002,-0.019,-0.268,10.169,-0.011,0.004,-0.027,25.406
61012,-0.053,-0.297,10.155,-0.011,0.005,-0.027,25.406
61022,-0.033,-0.292,10.169,-0.011,0.005,-0.027,25.426
61032,-0.014,-0.282,10.179,-0.011,0.005,-0.027,25.426
61042,-0.033,-0.311,10.179,-0.011,0.005,-0.027,25.453
61052,-0.019,-0.287,10.160,-0.011,0.005,-0.026,25.453
61062,-0.019,-0.297,10.179,-0.011,0.005,-0.026,25.367
61072,-0.019,-0.282,10.169,-0.011,0.005,-0.027,25.367
61082,-0.033,-0.287,10.169,-0.012,0.005,-0.027,25.410
61092,-0.024,-0.297,10.174,-0.011,0.005,-0.027,25.410
61102,-0.024,-0.282,10.179,-0.012,0.005,-0.026,25.438
61112,-0.053,-0.292,10.174,-0.011,0.005,-0.026,25.438
61122,-0.029,-0.306,10.165,-0.011,0.005,-0.026,25.453
61132,-0.024,-0.282,10.174,-0.011,0.005,-0.026,25.453
61142,-0.019,-0.297,10.189,-0.011,0.005,-0.027,25.477
61152,-0.038,-0.287,10.165,-0.011,0.005,-0.027,25.477
61162,-0.043,-0.292,10.174,-0.010,0.005,-0.026,25.430
61172,-0.024,-0.292,10.189,-0.011,0.004,-0.026,25.430
61182,-0.038,-0.297,10.174,-0.011,0.005,-0.026,25.426
61192,-0.038,-0.311,10.165,-0.012,0.005,-0.027,25.426
61202,-0.029,-0.297,10.184,-0.011,0.004,-0.026,25.434
61212,-0.024,-0.297,10.184,-0.010,0.005,-0.026,25.434
61222,-0.033,-0.287,10.165,-0.011,0.005,-0.027,25.418
61232,-0.033,-0.292,10.169,-0.011,0.005,-0.027,25.418
61242,-0.014,-0.321,10.174,-0.011,0.004,-0.027,25.434
61252,-0.024,-0.287,10.184,-0.012,0.004,-0.026,25.434
61262,-0.014,-0.292,10.193,-0.011,0.005,-0.027,25.457
61272,-0.019,-0.297,10.174,-0.010,0.004,-0.027,25.457
61282,-0.038,-0.297,10.165,-0.010,0.004,-0.027,25.465
61292,-0.038,-0.297,10.165,-0.011,0.005,-0.026,25.465
61302,-0.024,-0.292,10.169,-0.011,0.006,-0.026,25.434
61312,0.000,-0.301,10.169,-0.011,0.005,-0.027,25.434
61322,-0.010,-0.287,10.179,-0.011,0.005,-0.027,25.449
61332,-0.014,-0.282,10.169,-0.011,0.005,-0.027,25.449
61342,-0.033,-0.297,10.160,-0.011,0.006,-0.026,25.469
61352,-0.033,-0.301,10.169,-0.011,0.005,-0.027,25.469
61362,-0.029,-0.301,10.193,-0.010,0.005,-0.027,25.465
61372,-0.038,-0.311,10.160,-0.011,0.005,-0.027,25.465
61382,-0.033,-0.301,10.165,-0.011,0.005,-0.027,25.453
61392,-0.019,-0.311,10.189,-0.012,0.005,-0.028,25.453
61402,-0.024,-0.278,10.174,-0.011,0.006,-0.026,25.438
61412,-0.033,-0.301,10.169,-0.012,0.005,-0.026,25.438
61422,-0.029,-0.306,10.189,-0.011,0.005,-0.027,25.438
61432,-0.033,-0.297,10.165,-0.011,0.005,-0.026,25.438
61442,-0.033,-0.330,10.169,-0.011,0.005,-0.026,25.457
61452,-0.005,-0.316,10.165,-0.010,0.005,-0.027,25.457
61462,-0.033,-0.301,10.160,-0.011,0.005,-0.027,25.391
61482,-0.029,-0.321,10.184,-0.011,0.005,-0.026,25.445
61492,-0.038,-0.306,10.169,-0.011,0.005,-0.027,25.453
61502,-0.038,-0.335,10.179,-0.011,0.005,-0.027,25.453
61512,-0.038,-0.321,10.184,-0.010,0.005,-0.027,25.473
61522,-0.043,-0.297,10.160,-0.011,0.005,-0.027,25.473
61532,-0.053,-0.321,10.174,-0.011,0.005,-0.027,25.477
61542,-0.043,-0.301,10.193,-0.011,0.005,-0.027,25.477
61552,-0.038,-0.311,10.169,-0.012,0.005,-0.027,25.492
61562,-0.048,-0.292,10.179,-0.012,0.005,-0.027,25.492
61572,-0.033,-0.321,10.165,-0.010,0.005,-0.027,25.465
61582,-0.038,-0.306,10.193,-0.011,0.005,-0.026,25.465
61592,-0.057,-0.325,10.169,-0.011,0.006,-0.027,25.441
61602,-0.033,-0.311,10.169,-0.011,0.005,-0.026,25.441
61612,-0.029,-0.321,10.189,-0.010,0.005,-0.026,25.445
61622,-0.043,-0.297,10.193,-0.011,0.005,-0.027,25.445
61632,-0.033,-0.301,10.150,-0.011,0.005,-0.026,25.430
61642,-0.038,-0.311,10.174,-0.012,0.005,-0.026,25.430
61652,-0.024,-0.306,10.184,-0.011,0.005,-0.027,25.430
61662,-0.043,-0.311,10.165,-0.011,0.005,-0.027,25.430
61672,-0.033,-0.292,10.179,-0.011,0.005,-0.027,25.449
61682,-0.048,-0.321,10.179,-0.011,0.005,-0.026,25.449
61692,-0.043,-0.306,10.184,-0.012,0.005,-0.027,25.469
61702,-0.048,-0.306,10.198,-0.011,0.005,-0.026,25.469
61712,-0.024,-0.287,10.193,-0.011,0.005,-0.027,25.461
61722,-0.038,-0.297,10.169,-0.011,0.005,-0.027,25.461
61732,-0.024,-0.316,10.174,-0.011,0.005,-0.027,25.461
61742,-0.043,-0.316,10.198,-0.011,0.005,-0.027,25.461
61752,-0.019,-0.306,10.179,-0.011,0.006,-0.027,25.504
61762,-0.038,-0.316,10.184,-0.011,0.005,-0.027,25.504
61772,-0.033,-0.297,10.179,-0.011,0.006,-0.026,25.461
61782,-0.043,-0.316,10.174,-0.011,0.005,-0.026,25.461
61792,-0.033,-0.311,10.193,-0.011,0.005,-0.026,25.457
61802,-0.038,-0.311,10.179,-0.011,0.005,-0.026,25.457
61812,-0.067,-0.306,10.184,-0.010,0.005,-0.026,25.449
61822,-0.038,-0.306,10.179,-0.011,0.005,-0.026,25.449
61832,-0.043,-0.306,10.217,-0.010,0.005,-0.026,25.484
61842,-0.029,-0.292,10.179,-0.011,0.006,-0.026,25.484
61852,-0.033,-0.311,10.179,-0.011,0.005,-0.027,25.480
61862,-0.019,-0.311,10.179,-0.010,0.005,-0.027,25.480
61872,-0.043,-0.297,10.193,-0.011,0.005,-0.027,25.484
61882,-0.024,-0.316,10.193,-0.011,0.005,-0.027,25.484
61892,-0.029,-0.297,10.189,-0.011,0.005,-0.027,25.480
61902,-0.014,-0.311,10.189,-0.012,0.005,-0.026,25.480
61912,-0.038,-0.316,10.179,-0.011,0.006,-0.027,25.457
61922,-0.029,-0.316,10.179,-0.011,0.005,-0.027,25.457
61932,-0.019,-0.316,10.179,-0.011,0.006,-0.027,25.465
61942,-0.033,-0.297,10.198,-0.010,0.005,-0.027,25.465
61952,-0.038,-0.292,10.203,-0.010,0.005,-0.027,25.492
61962,-0.048,-0.301,10.193,-0.011,0.005,-0.027,25.492
61972,-0.038,-0.321,10.189,-0.012,0.005,-0.026,25.461
61982,-0.024,-0.297,10.193,-0.011,0.005,-0.026,25.461
61992,-0.038,-0.301,10.189,-0.011,0.005,-0.027,25.477
62002,-0.043,-0.311,10.184,-0.012,0.005,-0.026,25.477
62012,-0.048,-0.316,10.189,-0.011,0.005,-0.026,25.480
62022,-0.048,-0.335,10.169,-0.011,0.005,-0.027,25.480
62032,-0.043,-0.297,10.198,-0.011,0.005,-0.026,25.469
62042,-0.038,-0.297,10.198,-0.011,0.005,-0.026,25.469
62052,0.000,-0.287,10.189,-0.011,0.006,-0.026,25.457
62062,-0.014,-0.297,10.198,-0.011,0.005,-0.027,25.457
62072,-0.062,-0.316,10.203,-0.011,0.005,-0.027,25.492
62082,-0.053,-0.316,10.179,-0.012,0.005,-0.027,25.492
62092,-0.048,-0.325,10.189,-0.011,0.005,-0.027,25.473
62102,-0.029,-0.316,10.174,-0.011,0.005,-0.026,25.473
62112,-0.029,-0.301,10.169,-0.011,0.005,-0.026,25.457
62122,-0.014,-0.282,10.189,-0.012,0.005,-0.027,25.457
62132,-0.029,-0.292,10.184,-0.011,0.005,-0.026,25.473
62142,-0.029,-0.325,10.184,-0.011,0.006,-0.027,25.473
62152,-0.057,-0.311,10.179,-0.011,0.005,-0.027,25.480
62162,-0.048,-0.311,10.184,-0.011,0.005,-0.026,25.480
62172,-0.048,-0.316,10.198,-0.011,0.005,-0.027,25.473
62182,-0.024,-0.306,10.184,-0.011,0.005,-0.027,25.473
62192,-0.029,-0.297,10.184,-0.011,0.005,-0.027,25.434
62202,-0.033,-0.306,10.193,-0.011,0.005,-0.027,25.434
62212,-0.033,-0.287,10.169,-0.011,0.005,-0.027,25.438
62222,-0.019,-0.301,10.174,-0.011,0.005,-0.027,25.438
62232,-0.029,-0.311,10.184,-0.011,0.005,-0.028,25.477
62242,-0.043,-0.316,10.184,-0.011,0.005,-0.026,25.477
62252,-0.038,-0.311,10.165,-0.011,0.005,-0.027,25.438
62262,-0.029,-0.301,10.198,-0.011,0.005,-0.026,25.438
62272,-0.043,-0.292,10.198,-0.011,0.005,-0.027,25.484
62282,-0.043,-0.321,10.165,-0.010,0.005,-0.027,25.484
62292,-0.062,-0.297,10.193,-0.011,0.005,-0.027,25.441
62302,-0.038,-0.306,10.160,-0.011,0.005,-0.027,25.441
62312,-0.019,-0.316,10.179,-0.011,0.005,-0.026,25.473
62322,-0.024,-0.306,10.193,-0.012,0.005,-0.026,25.473
62332,-0.029,-0.321,10.179,-0.011,0.005,-0.027,25.430
62342,-0.043,-0.292,10.189,-0.011,0.005,-0.026,25.430
62352,-0.038,-0.306,10.179,-0.011,0.005,-0.026,25.469
62362,-0.038,-0.321,10.189,-0.011,0.005,-0.026,25.469
62372,-0.029,-0.321,10.165,-0.011,0.005,-0.027,25.484
62382,-0.029,-0.292,10.184,-0.011,0.006,-0.027,25.484
62392,-0.014,-0.301,10.184,-0.011,0.005,-0.026,25.488
62402,-0.038,-0.301,10.155,-0.011,0.005,-0.026,25.488
62412,-0.043,-0.316,10.189,-0.011,0.005,-0.027,25.480
62422,-0.048,-0.316,10.193,-0.011,0.005,-0.027,25.480
62432,-0.038,-0.311,10.184,-0.011,0.005,-0.026,25.516
62442,-0.048,-0.297,10.169,-0.010,0.006,-0.027,25.516
62452,-0.038,-0.306,10.184,-0.010,0.005,-0.027,25.465
62462,-0.043,-0.297,10.193,-0.010,0.005,-0.026,25.465
62472,-0.048,-0.306,10.193,-0.011,0.005,-0.027,25.453
62482,-0.043,-0.301,10.193,-0.010,0.005,-0.027,25.453
62492,-0.038,-0.316,10.189,-0.011,0.005,-0.027,25.488
62502,-0.033,-0.311,10.193,-0.011,0.005,-0.027,25.488
62512,-0.057,-0.301,10.165,-0.011,0.005,-0.027,25.473
62522,-0.043,-0.297,10.189,-0.010,0.005,-0.027,25.473
62532,-0.019,-0.311,10.165,-0.010,0.005,-0.027,25.457
62542,-0.029,-0.311,10.184,-0.011,0.004,-0.027,25.457
62562,-0.053,-0.330,10.169,-0.011,0.005,-0.027,25.449
62572,-0.033,-0.292,10.179,-0.012,0.005,-0.026,25.449
62582,-0.038,-0.301,10.198,-0.011,0.005,-0.027,25.457
62592,-0.029,-0.306,10.174,-0.011,0.005,-0.027,25.457
62602,-0.053,-0.306,10.179,-0.011,0.006,-0.027,25.484
62612,-0.077,-0.316,10.184,-0.010,0.005,-0.027,25.484
62622,-0.033,-0.287,10.193,-0.011,0.005,-0.027,25.469
62632,-0.029,-0.321,10.169,-0.010,0.005,-0.026,25.469
62642,-0.033,-0.287,10.189,-0.011,0.005,-0.026,25.473
62652,-0.033,-0.297,10.189,-0.011,0.006,-0.027,25.473
62662,-0.053,-0.287,10.179,-0.011,0.005,-0.027,25.465
62672,-0.043,-0.287,10.169,-0.011,0.005,-0.027,25.465
62682,-0.029,-0.311,10.179,-0.010,0.005,-0.026,25.457
62692,-0.038,-0.306,10.189,-0.011,0.005,-0.027,25.457
62702,-0.057,-0.301,10.179,-0.010,0.006,-0.027,25.484
62712,-0.024,-0.301,10.174,-0.011,0.005,-0.027,25.484
62722,-0.043,-0.297,10.189,-0.011,0.005,-0.027,25.477
62732,-0.029,-0.306,10.179,-0.011,0.005,-0.027,25.477
62742,-0.043,-0.301,10.169,-0.011,0.005,-0.027,25.461
62752,-0.029,-0.311,10.169,-0.011,0.005,-0.027,25.461
62762,-0.048,-0.316,10.189,-0.011,0.004,-0.027,25.469
62772,-0.057,-0.297,10.193,-0.010,0.005,-0.027,25.469
62782,-0.038,-0.297,10.193,-0.011,0.005,-0.027,25.473
62792,-0.043,-0.282,10.169,-0.011,0.005,-0.027,25.473
62802,-0.033,-0.311,10.198,-0.010,0.005,-0.026,25.441
62812,-0.053,-0.311,10.213,-0.010,0.005,-0.027,25.441
62822,-0.057,-0.321,10.193,-0.012,0.005,-0.027,25.445
62832,-0.038,-0.325,10.198,-0.011,0.006,-0.027,25.445
62842,-0.053,-0.301,10.193,-0.011,0.005,-0.027,25.488
62852,-0.043,-0.292,10.189,-0.011,0.005,-0.027,25.488
62862,-0.005,-0.311,10.160,-0.011,0.005,-0.026,25.488
62872,-0.024,-0.306,10.169,-0.011,0.005,-0.026,25.488
62882,-0.010,-0.297,10.179,-0.010,0.004,-0.027,25.520
62892,-0.043,-0.292,10.174,-0.011,0.005,-0.027,25.520
62902,-0.033,-0.330,10.189,-0.011,0.005,-0.026,25.477
62912,-0.033,-0.301,10.193,-0.011,0.005,-0.027,25.477
62922,-0.043,-0.311,10.174,-0.010,0.004,-0.027,25.484
62932,-0.033,-0.311,10.184,-0.011,0.004,-0.026,25.484
62942,-0.038,-0.311,10.179,-0.011,0.005,-0.027,25.477
62952,-0.029,-0.301,10.165,-0.011,0.005,-0.026,25.477
62962,-0.029,-0.306,10.160,-0.011,0.004,-0.026,25.477
62972,-0.038,-0.321,10.189,-0.011,0.005,-0.027,25.477
62982,-0.033,-0.306,10.184,-0.011,0.005,-0.027,25.484
62992,-0.014,-0.311,10.189,-0.011,0.005,-0.027,25.484
63002,-0.043,-0.301,10.189,-0.011,0.005,-0.026,25.441
63012,-0.043,-0.325,10.184,-0.011,0.005,-0.026,25.441
63022,-0.029,-0.311,10.184,-0.010,0.004,-0.027,25.484
63032,-0.014,-0.321,10.179,-0.011,0.005,-0.027,25.484
63042,-0.014,-0.306,10.174,-0.011,0.005,-0.027,25.430
63052,-0.024,-0.301,10.169,-0.011,0.004,-0.027,25.430
63062,-0.043,-0.306,10.193,-0.011,0.004,-0.027,25.484
63072,-0.029,-0.306,10.203,-0.011,0.006,-0.027,25.484
63082,-0.048,-0.325,10.165,-0.011,0.005,-0.027,25.445
63092,-0.024,-0.301,10.203,-0.011,0.005,-0.026,25.445
63102,-0.024,-0.316,10.179,-0.010,0.005,-0.027,25.465
63112,-0.038,-0.282,10.165,-0.010,0.004,-0.027,25.465
63122,-0.019,-0.292,10.165,-0.010,0.006,-0.027,25.496
63132,-0.014,-0.321,10.174,-0.011,0.005,-0.026,25.496
63142,-0.043,-0.301,10.193,-0.011,0.005,-0.026,25.484
63152,-0.057,-0.297,10.169,-0.011,0.005,-0.027,25.484
63162,-0.053,-0.311,10.179,-0.011,0.005,-0.027,25.469
63172,-0.038,-0.306,10.169,-0.011,0.005,-0.026,25.469
63182,-0.048,-0.292,10.165,-0.010,0.005,-0.027,25.473
63192,-0.033,-0.311,10.169,-0.011,0.005,-0.026,25.473
63202,-0.029,-0.316,10.165,-0.010,0.005,-0.026,25.484
63212,-0.014,-0.311,10.169,-0.011,0.005,-0.027,25.484
63222,-0.053,-0.306,10.174,-0.011,0.006,-0.027,25.473
63232,-0.048,-0.301,10.174,-0.011,0.005,-0.027,25.473
63242,-0.048,-0.316,10.169,-0.010,0.005,-0.027,25.457
63252,-0.038,-0.301,10.189,-0.011,0.005,-0.027,25.457
63262,-0.029,-0.306,10.193,-0.011,0.005,-0.027,25.457
63272,-0.057,-0.292,10.184,-0.011,0.005,-0.027,25.457
63282,-0.062,-0.297,10.179,-0.011,0.005,-0.027,25.465
63292,-0.048,-0.301,10.193,-0.011,0.005,-0.026,25.465
63302,-0.048,-0.306,10.155,-0.012,0.005,-0.026,25.453
63312,-0.038,-0.321,10.184,-0.011,0.005,-0.027,25.453
63322,-0.038,-0.297,10.189,-0.011,0.005,-0.027,25.484
63332,-0.038,-0.321,10.184,-0.011,0.005,-0.027,25.484
63342,-0.033,-0.306,10.189,-0.011,0.006,-0.027,25.465
63352,-0.038,-0.316,10.208,-0.011,0.005,-0.027,25.465
63362,-0.043,-0.306,10.169,-0.012,0.005,-0.026,25.469
63372,-0.062,-0.292,10.179,-0.011,0.005,-0.027,25.469
63382,-0.038,-0.297,10.179,-0.011,0.005,-0.027,25.504
63392,-0.043,-0.316,10.193,-0.010,0.005,-0.027,25.504
63402,-0.038,-0.297,10.160,-0.010,0.005,-0.026,25.445
63412,-0.038,-0.306,10.174,-0.011,0.005,-0.027,25.445
63422,-0.043,-0.325,10.179,-0.011,0.006,-0.028,25.496
63432,-0.029,-0.292,10.184,-0.010,0.005,-0.026,25.496
63442,-0.048,-0.287,10.189,-0.011,0.005,-0.026,25.461
63452,-0.038,-0.292,10.193,-0.011,0.005,-0.026,25.461
63462,-0.038,-0.297,10.184,-0.012,0.006,-0.027,25.488
63472,-0.033,-0.311,10.184,-0.010,0.005,-0.027,25.488
63482,-0.033,-0.301,10.189,-0.011,0.005,-0.026,25.441
63492,-0.053,-0.301,10.179,-0.010,0.005,-0.026,25.441
63502,-0.048,-0.306,10.174,-0.011,0.005,-0.027,25.457
63512,-0.033,-0.297,10.189,-0.011,0.005,-0.027,25.457
63522,-0.048,-0.321,10.169,-0.010,0.005,-0.027,25.469
63532,-0.038,-0.297,10.165,-0.010,0.005,-0.027,25.469
63542,-0.024,-0.306,10.184,-0.011,0.005,-0.027,25.469
63552,-0.038,-0.301,10.179,-0.011,0.004,-0.027,25.469
63562,-0.024,-0.311,10.184,-0.011,0.006,-0.026,25.457
63572,-0.029,-0.311,10.184,-0.011,0.005,-0.026,25.457
63582,-0.043,-0.330,10.179,-0.011,0.005,-0.027,25.449
63592,-0.033,-0.297,10.184,-0.010,0.005,-0.027,25.449
63612,-0.057,-0.306,10.189,-0.011,0.005,-0.027,25.441
63622,-0.043,-0.316,10.198,-0.011,0.005,-0.027,25.441
63632,-0.033,-0.321,10.169,-0.010,0.004,-0.027,25.484
63642,-0.048,-0.292,10.174,-0.010,0.005,-0.026,25.484
63652,-0.033,-0.316,10.184,-0.011,0.004,-0.027,25.488
63662,-0.043,-0.321,10.179,-0.011,0.004,-0.026,25.488
63672,-0.048,-0.316,10.198,-0.011,0.005,-0.027,25.469
63682,-0.024,-0.297,10.179,-0.010,0.005,-0.027,25.469
63692,-0.038,-0.301,10.189,-0.011,0.005,-0.027,25.461
63702,-0.029,-0.301,10.189,-0.011,0.005,-0.027,25.461
63712,-0.038,-0.287,10.184,-0.010,0.005,-0.027,25.488
63722,-0.024,-0.292,10.169,-0.010,0.005,-0.027,25.488
63732,-0.038,-0.316,10.174,-0.010,0.005,-0.027,25.477
63742,-0.053,-0.297,10.179,-0.011,0.005,-0.027,25.477
63752,-0.072,-0.301,10.165,-0.011,0.005,-0.027,25.473
63762,-0.033,-0.297,10.189,-0.012,0.006,-0.026,25.473
63772,-0.033,-0.311,10.184,-0.011,0.005,-0.026,25.441
63782,-0.043,-0.278,10.165,-0.010,0.005,-0.027,25.441
63792,-0.024,-0.301,10.179,-0.011,0.005,-0.027,25.473
63802,-0.053,-0.301,10.184,-0.011,0.005,-0.027,25.473
63812,-0.048,-0.278,10.174,-0.010,0.005,-0.027,25.484
63822,-0.029,-0.306,10.179,-0.010,0.004,-0.027,25.484
63832,-0.029,-0.311,10.169,-0.011,0.004,-0.027,25.496
63842,-0.043,-0.311,10.179,-0.011,0.005,-0.026,25.496
63852,-0.019,-0.297,10.174,-0.012,0.005,-0.026,25.520
63862,-0.033,-0.311,10.184,-0.011,0.005,-0.027,25.520
63872,-0.014,-0.311,10.169,-0.010,0.005,-0.027,25.484
63882,-0.033,-0.301,10.179,-0.010,0.005,-0.026,25.484
63892,-0.043,-0.292,10.174,-0.011,0.005,-0.027,25.453
63902,-0.033,-0.311,10.174,-0.011,0.005,-0.026,25.453
63912,-0.038,-0.311,10.179,-0.011,0.005,-0.027,25.422
63922,-0.038,-0.311,10.160,-0.010,0.006,-0.028,25.422
63932,-0.029,-0.278,10.165,-0.010,0.005,-0.027,25.465
63942,-0.033,-0.306,10.184,-0.011,0.005,-0.027,25.465
63952,-0.043,-0.287,10.165,-0.011,0.005,-0.026,25.488
63962,-0.033,-0.311,10.179,-0.012,0.005,-0.026,25.488
63972,-0.029,-0.301,10.179,-0.011,0.005,-0.026,25.441
63982,-0.038,-0.325,10.184,-0.011,0.005,-0.026,25.441
63992,-0.029,-0.287,10.189,-0.010,0.005,-0.026,25.500
64002,-0.038,-0.297,10.174,-0.011,0.005,-0.027,25.500
64012,-0.033,-0.297,10.189,-0.011,0.005,-0.027,25.461
64022,-0.024,-0.316,10.179,-0.011,0.004,-0.026,25.461
64032,-0.033,-0.306,10.155,-0.011,0.005,-0.026,25.426
64042,0.005,-0.306,10.165,-0.011,0.005,-0.027,25.426
64052,-0.029,-0.311,10.174,-0.011,0.005,-0.027,25.473
64062,-0.024,-0.297,10.169,-0.010,0.005,-0.027,25.473
64072,-0.019,-0.287,10.155,-0.011,0.005,-0.027,25.480
64082,-0.029,-0.282,10.155,-0.011,0.005,-0.027,25.480
64092,-0.038,-0.306,10.179,-0.011,0.004,-0.027,25.484
64102,-0.033,-0.297,10.184,-0.011,0.005,-0.027,25.484
64112,-0.043,-0.301,10.174,-0.011,0.005,-0.027,25.438
64122,-0.038,-0.287,10.169,-0.011,0.005,-0.027,25.438
64132,-0.038,-0.287,10.169,-0.011,0.005,-0.027,25.461
64142,-0.014,-0.297,10.184,-0.011,0.005,-0.027,25.461
64152,-0.038,-0.297,10.165,-0.011,0.005,-0.027,25.496
64162,-0.024,-0.297,10.160,-0.011,0.005,-0.027,25.496
64172,-0.038,-0.297,10.160,-0.012,0.005,-0.026,25.457
64182,-0.014,-0.297,10.179,-0.011,0.005,-0.027,25.457
64192,-0.029,-0.306,10.169,-0.011,0.004,-0.027,25.461
64202,-0.048,-0.301,10.169,-0.012,0.005,-0.026,25.461
64212,-0.033,-0.316,10.169,-0.012,0.005,-0.026,25.453
64222,-0.024,-0.311,10.165,-0.013,0.005,-0.026,25.453
64232,-0.048,-0.306,10.184,-0.013,0.004,-0.027,25.484
64242,-0.033,-0.311,10.165,-0.013,0.005,-0.027,25.484
64252,-0.033,-0.311,10.184,-0.011,0.005,-0.026,25.504
64262,-0.019,-0.316,10.184,-0.012,0.005,-0.026,25.504
64272,-0.053,-0.301,10.189,-0.011,0.005,-0.027,25.465
64282,-0.043,-0.316,10.174,-0.011,0.004,-0.027,25.465
64292,-0.038,-0.325,10.179,-0.011,0.005,-0.027,25.484
64302,-0.033,-0.311,10.189,-0.011,0.005,-0.027,25.484
64312,-0.033,-0.297,10.179,-0.011,0.005,-0.027,25.504
64322,-0.043,-0.311,10.193,-0.011,0.005,-0.027,25.504
64332,-0.048,-0.311,10.203,-0.011,0.005,-0.026,25.461
64342,-0.053,-0.301,10.189,-0.011,0.005,-0.027,25.461
64352,-0.043,-0.316,10.198,-0.011,0.005,-0.027,25.473
64362,-0.038,-0.316,10.174,-0.012,0.005,-0.027,25.473
64372,-0.057,-0.311,10.184,-0.011,0.005,-0.026,25.477
64382,-0.043,-0.306,10.179,-0.011,0.005,-0.027,25.477
64392,-0.038,-0.297,10.174,-0.011,0.004,-0.026,25.512
64402,-0.033,-0.282,10.193,-0.011,0.004,-0.027,25.512
64412,-0.019,-0.311,10.184,-0.012,0.005,-0.026,25.480
64422,-0.043,-0.301,10.184,-0.011,0.005,-0.026,25.480
64432,-0.048,-0.321,10.189,-0.011,0.005,-0.027,25.473
64442,-0.038,-0.306,10.169,-0.011,0.005,-0.026,25.473
64452,-0.048,-0.301,10.174,-0.012,0.006,-0.026,25.480
64462,-0.019,-0.306,10.189,-0.011,0.006,-0.027,25.480
64472,-0.043,-0.306,10.169,-0.011,0.006,-0.027,25.504
64482,-0.043,-0.311,10.174,-0.011,0.006,-0.026,25.504
64492,-0.038,-0.311,10.193,-0.011,0.005,-0.026,25.484
64502,-0.033,-0.311,10.189,-0.011,0.005,-0.027,25.484
64512,-0.043,-0.306,10.189,-0.011,0.005,-0.027,25.484
64522,-0.043,-0.330,10.174,-0.011,0.005,-0.027,25.484
64532,-0.029,-0.316,10.189,-0.011,0.005,-0.026,25.492
64542,-0.019,-0.330,10.198,-0.011,0.006,-0.027,25.492
64552,-0.024,-0.316,10.184,-0.011,0.005,-0.026,25.523
64562,-0.043,-0.316,10.174,-0.011,0.005,-0.027,25.523
64572,-0.043,-0.321,10.189,-0.011,0.005,-0.027,25.504
64582,-0.043,-0.292,10.198,-0.011,0.005,-0.027,25.504
64592,-0.038,-0.316,10.179,-0.011,0.005,-0.027,25.484
64602,-0.062,-0.321,10.193,-0.011,0.005,-0.026,25.484
64612,-0.043,-0.321,10.189,-0.011,0.005,-0.027,25.488
64622,-0.029,-0.335,10.198,-0.011,0.006,-0.026,25.488
64632,-0.048,-0.316,10.174,-0.011,0.005,-0.026,25.480
64652,-0.029,-0.301,10.189,-0.011,0.005,-0.026,25.496
64662,-0.029,-0.306,10.174,-0.011,0.006,-0.027,25.477
64672,-0.038,-0.301,10.174,-0.011,0.006,-0.027,25.477
64682,-0.005,-0.301,10.203,-0.010,0.005,-0.026,25.477
64692,-0.033,-0.321,10.184,-0.010,0.005,-0.027,25.477
64702,-0.033,-0.335,10.174,-0.012,0.006,-0.026,25.453
64712,-0.033,-0.311,10.174,-0.010,0.005,-0.026,25.453
64722,-0.057,-0.321,10.193,-0.011,0.006,-0.027,25.469
64732,-0.024,-0.330,10.203,-0.011,0.006,-0.027,25.469
64742,-0.043,-0.306,10.189,-0.010,0.006,-0.026,25.480
64752,-0.038,-0.297,10.193,-0.011,0.005,-0.027,25.480
64762,-0.053,-0.301,10.193,-0.010,0.006,-0.027,25.488
64772,-0.057,-0.301,10.184,-0.011,0.005,-0.026,25.488
64782,-0.062,-0.306,10.179,-0.011,0.005,-0.027,25.473
64792,-0.043,-0.316,10.165,-0.011,0.004,-0.027,25.473
64802,-0.019,-0.301,10.179,-0.011,0.005,-0.026,25.488
64812,-0.029,-0.316,10.193,-0.011,0.005,-0.027,25.488
64822,-0.024,-0.311,10.189,-0.011,0.005,-0.027,25.477
64832,-0.024,-0.301,10.184,-0.010,0.005,-0.027,25.477
64842,-0.019,-0.321,10.174,-0.011,0.006,-0.027,25.484
64852,-0.053,-0.301,10.174,-0.011,0.005,-0.026,25.484
64862,-0.043,-0.306,10.179,-0.011,0.005,-0.027,25.500
64872,-0.029,-0.301,10.184,-0.010,0.005,-0.028,25.500
64882,-0.038,-0.321,10.189,-0.010,0.005,-0.027,25.508
64892,-0.048,-0.316,10.184,-0.010,0.005,-0.027,25.508
64902,-0.033,-0.316,10.174,-0.011,0.005,-0.026,25.500
64912,-0.038,-0.311,10.179,-0.011,0.005,-0.026,25.500
64922,-0.038,-0.297,10.179,-0.010,0.005,-0.026,25.473
64932,-0.043,-0.301,10.179,-0.011,0.005,-0.027,25.473
64942,-0.043,-0.311,10.184,-0.012,0.005,-0.026,25.500
64952,-0.038,-0.316,10.184,-0.012,0.004,-0.027,25.500
64962,-0.048,-0.321,10.193,-0.012,0.004,-0.027,25.484
64972,-0.014,-0.301,10.184,-0.012,0.005,-0.026,25.484
64982,-0.033,-0.311,10.160,-0.012,0.005,-0.026,25.484
64992,-0.038,-0.325,10.169,-0.010,0.005,-0.027,25.484
65002,-0.038,-0.316,10.169,-0.010,0.005,-0.027,25.504
65012,-0.043,-0.301,10.208,-0.011,0.004,-0.027,25.504
65022,-0.057,-0.316,10.169,-0.011,0.005,-0.026,25.441
65032,-0.053,-0.316,10.169,-0.011,0.005,-0.027,25.441
65042,-0.048,-0.311,10.189,-0.010,0.005,-0.027,25.543
65052,-0.038,-0.311,10.193,-0.011,0.005,-0.027,25.543
65062,-0.043,-0.311,10.169,-0.011,0.005,-0.027,25.492
65072,-0.048,-0.297,10.184,-0.010,0.005,-0.027,25.492
65082,-0.024,-0.311,10.174,-0.011,0.006,-0.027,25.492
65092,-0.038,-0.321,10.198,-0.011,0.005,-0.026,25.492
65102,-0.038,-0.306,10.189,-0.012,0.006,-0.026,25.492
65112,-0.053,-0.306,10.184,-0.010,0.005,-0.026,25.492
65122,-0.038,-0.325,10.179,-0.010,0.005,-0.026,25.484
65132,-0.053,-0.325,10.193,-0.011,0.005,-0.027,25.484
65142,-0.038,-0.306,10.193,-0.011,0.005,-0.027,25.492
65152,-0.029,-0.301,10.179,-0.011,0.005,-0.026,25.492
65162,-0.024,-0.311,10.174,-0.010,0.005,-0.026,25.508
65172,-0.033,-0.316,10.189,-0.011,0.005,-0.027,25.508
65182,-0.019,-0.311,10.184,-0.010,0.005,-0.027,25.504
65192,-0.019,-0.306,10.198,-0.010,0.005,-0.026,25.504
65202,-0.043,-0.311,10.189,-0.011,0.006,-0.026,25.488
65212,-0.043,-0.316,10.189,-0.011,0.005,-0.026,25.488
65222,-0.053,-0.301,10.174,-0.011,0.005,-0.027,25.484
65232,-0.043,-0.311,10.189,-0.010,0.005,-0.027,25.484
65242,-0.033,-0.306,10.198,-0.010,0.004,-0.027,25.480
65252,-0.062,-0.311,10.179,-0.010,0.005,-0.027,25.480
65262,-0.038,-0.297,10.184,-0.011,0.005,-0.027,25.469
65272,-0.033,-0.321,10.198,-0.010,0.005,-0.026,25.469
65282,-0.024,-0.306,10.184,-0.011,0.005,-0.027,25.473
65292,-0.053,-0.306,10.165,-0.011,0.005,-0.028,25.473
65302,-0.043,-0.301,10.169,-0.011,0.004,-0.027,25.438
65312,-0.038,-0.306,10.165,-0.010,0.005,-0.027,25.438
65322,-0.029,-0.287,10.189,-0.011,0.005,-0.027,25.500
65332,-0.029,-0.306,10.174,-0.011,0.005,-0.027,25.500
65342,-0.033,-0.306,10.184,-0.010,0.005,-0.027,25.488
65352,-0.038,-0.311,10.169,-0.011,0.005,-0.027,25.488
65362,-0.048,-0.316,10.179,-0.011,0.005,-0.027,25.516
65372,-0.043,-0.297,10.208,-0.011,0.005,-0.027,25.516
65382,-0.048,-0.311,10.169,-0.011,0.005,-0.026,25.438
65392,-0.033,-0.301,10.169,-0.011,0.005,-0.026,25.438
65402,-0.019,-0.311,10.193,-0.011,0.005,-0.027,25.480
65412,-0.053,-0.301,10.184,-0.011,0.005,-0.026,25.480
65422,-0.053,-0.311,10.179,-0.011,0.005,-0.026,25.488
65432,-0.053,-0.311,10.193,-0.011,0.005,-0.027,25.488
65442,-0.062,-0.292,10.203,-0.011,0.005,-0.027,25.457
65452,-0.038,-0.321,10.174,-0.011,0.005,-0.026,25.457
65462,-0.019,-0.292,10.165,-0.011,0.004,-0.026,25.543
65472,-0.019,-0.292,10.189,-0.011,0.004,-0.027,25.543
65482,-0.019,-0.311,10.179,-0.011,0.005,-0.027,25.461
65492,-0.038,-0.301,10.169,-0.011,0.005,-0.027,25.461
65502,-0.043,-0.311,10.198,-0.011,0.005,-0.027,25.449
65512,-0.029,-0.306,10.189,-0.011,0.005,-0.027,25.449
65522,-0.033,-0.292,10.189,-0.011,0.005,-0.027,25.484
65532,-0.057,-0.321,10.189,-0.011,0.005,-0.027,25.484
65542,-0.053,-0.321,10.189,-0.011,0.005,-0.027,25.445
65552,-0.043,-0.311,10.169,-0.011,0.005,-0.027,25.445
65562,-0.048,-0.311,10.179,-0.012,0.005,-0.027,25.484
65572,-0.033,-0.311,10.174,-0.011,0.005,-0.026,25.484
65582,-0.024,-0.301,10.165,-0.011,0.004,-0.027,25.453
65592,-0.057,-0.287,10.174,-0.011,0.004,-0.027,25.453
65602,-0.048,-0.316,10.189,-0.011,0.005,-0.027,25.492
65612,-0.048,-0.297,10.160,-0.010,0.005,-0.027,25.492
65622,-0.024,-0.301,10.179,-0.011,0.006,-0.027,25.480
65632,-0.038,-0.297,10.179,-0.011,0.005,-0.027,25.480
65642,-0.024,-0.301,10.193,-0.011,0.005,-0.027,25.520
65652,-0.033,-0.335,10.184,-0.012,0.005,-0.027,25.520
65662,-0.038,-0.306,10.169,-0.011,0.005,-0.026,25.492
65672,-0.033,-0.321,10.160,-0.010,0.006,-0.026,25.492
65682,-0.010,-0.311,10.203,-0.011,0.005,-0.027,25.453
65702,-0.029,-0.282,10.227,-0.011,0.005,-0.027,25.480
65712,-0.038,-0.345,10.131,-0.011,0.006,-0.026,25.465
65722,-0.038,-0.301,10.213,-0.011,0.004,-0.027,25.465
65732,-0.057,-0.311,10.136,-0.012,0.006,-0.026,25.480
65742,-0.033,-0.297,10.189,-0.011,0.005,-0.027,25.480
65752,-0.053,-0.297,10.169,-0.011,0.005,-0.026,25.523
65762,-0.038,-0.282,10.179,-0.011,0.005,-0.026,25.523
65772,-0.048,-0.287,10.179,-0.011,0.005,-0.027,25.520
65782,-0.038,-0.306,10.193,-0.011,0.005,-0.027,25.520
65792,-0.038,-0.292,10.193,-0.010,0.004,-0.027,25.477
65802,-0.067,-0.301,10.169,-0.010,0.005,-0.027,25.477
65812,-0.043,-0.325,10.165,-0.011,0.005,-0.027,25.496
65822,-0.033,-0.306,10.189,-0.011,0.005,-0.026,25.496
65832,-0.043,-0.301,10.184,-0.011,0.005,-0.027,25.527
65842,-0.043,-0.311,10.193,-0.011,0.004,-0.027,25.527
65852,-0.033,-0.301,10.193,-0.011,0.005,-0.027,25.516
65862,-0.038,-0.316,10.174,-0.011,0.005,-0.027,25.516
65872,-0.024,-0.311,10.184,-0.011,0.005,-0.027,25.484
65882,-0.048,-0.306,10.179,-0.011,0.004,-0.027,25.484
65892,-0.038,-0.292,10.189,-0.011,0.004,-0.027,25.512
65902,-0.014,-0.306,10.165,-0.011,0.005,-0.026,25.512
65912,-0.057,-0.306,10.193,-0.011,0.005,-0.027,25.484
65922,-0.024,-0.311,10.165,-0.011,0.006,-0.027,25.484
65932,-0.043,-0.301,10.169,-0.011,0.005,-0.026,25.430
65942,-0.043,-0.306,10.184,-0.011,0.005,-0.026,25.430
65952,-0.033,-0.306,10.193,-0.011,0.004,-0.027,25.504
65962,-0.057,-0.311,10.189,-0.010,0.005,-0.027,25.504
65972,-0.038,-0.301,10.184,-0.011,0.005,-0.027,25.492
65982,-0.024,-0.306,10.189,-0.011,0.005,-0.027,25.492
65992,-0.048,-0.311,10.193,-0.011,0.005,-0.027,25.457
66002,-0.072,-0.292,10.174,-0.010,0.005,-0.028,25.457
66012,-0.033,-0.335,10.184,-0.011,0.005,-0.027,25.469
66022,-0.038,-0.292,10.189,-0.011,0.005,-0.027,25.469
66032,-0.033,-0.301,10.184,-0.011,0.005,-0.027,25.484
66042,-0.067,-0.306,10.179,-0.011,0.005,-0.027,25.484
66052,-0.053,-0.306,10.179,-0.010,0.005,-0.026,25.484
66062,-0.038,-0.311,10.179,-0.010,0.005,-0.027,25.484
66072,-0.053,-0.297,10.189,-0.011,0.005,-0.027,25.484
66082,-0.048,-0.301,10.179,-0.011,0.005,-0.026,25.484
66092,-0.048,-0.287,10.193,-0.010,0.005,-0.026,25.457
66102,-0.048,-0.306,10.179,-0.009,0.005,-0.027,25.457
66112,-0.038,-0.287,10.169,-0.010,0.005,-0.027,25.492
66122,-0.048,-0.306,10.155,-0.010,0.004,-0.027,25.492
66132,-0.053,-0.301,10.169,-0.011,0.005,-0.027,25.484
66142,-0.029,-0.297,10.165,-0.011,0.005,-0.027,25.484
66152,-0.033,-0.282,10.184,-0.010,0.005,-0.027,25.492
66162,-0.048,-0.321,10.179,-0.011,0.004,-0.027,25.492
66172,-0.024,-0.278,10.189,-0.010,0.004,-0.026,25.500
66182,-0.024,-0.301,10.189,-0.010,0.005,-0.027,25.500
66192,-0.029,-0.287,10.160,-0.011,0.005,-0.026,25.484
66202,-0.024,-0.292,10.179,-0.011,0.005,-0.026,25.484
66212,-0.038,-0.292,10.174,-0.010,0.005,-0.027,25.445
66222,-0.010,-0.301,10.179,-0.010,0.005,-0.027,25.445
66232,-0.033,-0.311,10.169,-0.010,0.005,-0.027,25.473
66242,-0.067,-0.301,10.184,-0.011,0.004,-0.027,25.473
66252,-0.038,-0.301,10.189,-0.011,0.005,-0.026,25.473
66262,-0.029,-0.311,10.179,-0.011,0.005,-0.027,25.473
66272,-0.033,-0.287,10.169,-0.011,0.005,-0.027,25.453
66282,-0.048,-0.297,10.184,-0.010,0.005,-0.027,25.453
66292,-0.033,-0.292,10.184,-0.010,0.005,-0.027,25.457
66302,-0.033,-0.301,10.169,-0.010,0.004,-0.027,25.457
66312,-0.033,-0.282,10.174,-0.010,0.004,-0.027,25.473
66322,-0.029,-0.301,10.189,-0.011,0.005,-0.027,25.473
66332,-0.019,-0.292,10.184,-0.011,0.004,-0.026,25.461
66342,-0.033,-0.301,10.155,-0.011,0.005,-0.027,25.461
66352,-0.019,-0.297,10.189,-0.011,0.004,-0.027,25.473
66362,-0.038,-0.297,10.169,-0.011,0.004,-0.027,25.473
66372,-0.053,-0.297,10.179,-0.011,0.004,-0.026,25.469
66382,-0.029,-0.311,10.179,-0.010,0.004,-0.026,25.469
66392,-0.033,-0.311,10.184,-0.011,0.005,-0.026,25.453
66402,-0.033,-0.306,10.165,-0.011,0.005,-0.028,25.453
66412,-0.029,-0.282,10.165,-0.011,0.005,-0.026,25.496
66422,-0.019,-0.287,10.174,-0.010,0.005,-0.027,25.496
66432,-0.005,-0.316,10.179,-0.011,0.004,-0.027,25.449
66442,-0.019,-0.297,10.174,-0.010,0.005,-0.027,25.449
66452,-0.019,-0.301,10.160,-0.011,0.005,-0.026,25.441
66462,-0.010,-0.311,10.174,-0.010,0.004,-0.027,25.441
66472,-0.033,-0.306,10.141,-0.010,0.005,-0.027,25.492
66482,-0.043,-0.278,10.198,-0.011,0.004,-0.026,25.492
66492,-0.043,-0.297,10.169,-0.011,0.005,-0.026,25.484
66502,-0.033,-0.306,10.184,-0.011,0.004,-0.026,25.484
66512,-0.053,-0.287,10.160,-0.011,0.005,-0.027,25.465
66522,-0.038,-0.287,10.179,-0.011,0.004,-0.027,25.465
66532,-0.019,-0.311,10.146,-0.011,0.005,-0.026,25.461
66542,-0.024,-0.306,10.165,-0.011,0.005,-0.027,25.461
66552,-0.067,-0.311,10.174,-0.011,0.004,-0.027,25.469
66562,-0.029,-0.311,10.150,-0.012,0.004,-0.027,25.469
66572,-0.033,-0.306,10.184,-0.011,0.004,-0.027,25.461
66582,-0.019,-0.287,10.155,-0.011,0.005,-0.026,25.461
66592,-0.019,-0.297,10.150,-0.011,0.005,-0.027,25.402
66602,-0.010,-0.292,10.174,-0.012,0.004,-0.027,25.402
66612,-0.029,-0.301,10.165,-0.011,0.005,-0.027,25.457
66622,-0.033,-0.297,10.193,-0.011,0.005,-0.027,25.457
66632,-0.033,-0.316,10.179,-0.011,0.005,-0.026,25.426
66642,-0.038,-0.292,10.160,-0.011,0.004,-0.027,25.426
66652,-0.053,-0.301,10.150,-0.011,0.005,-0.027,25.461
66662,-0.033,-0.325,10.155,-0.011,0.005,-0.027,25.461
66672,-0.033,-0.287,10.160,-0.010,0.004,-0.027,25.426
66682,-0.019,-0.292,10.155,-0.010,0.005,-0.026,25.426
66692,-0.024,-0.273,10.179,-0.010,0.005,-0.027,25.457
66702,-0.019,-0.297,10.169,-0.011,0.005,-0.027,25.457
66712,-0.053,-0.282,10.169,-0.011,0.005,-0.027,25.461
66722,-0.038,-0.316,10.160,-0.011,0.004,-0.027,25.461
66732,-0.053,-0.311,10.179,-0.011,0.004,-0.027,25.453
66742,-0.024,-0.292,10.174,-0.011,0.005,-0.027,25.453
66752,-0.014,-0.297,10.174,-0.011,0.005,-0.027,25.457
66762,-0.029,-0.306,10.165,-0.010,0.005,-0.027,25.457
66782,-0.053,-0.297,10.160,-0.011,0.004,-0.027,25.488
66792,-0.053,-0.297,10.165,-0.011,0.005,-0.026,25.488
66802,-0.062,-0.297,10.165,-0.010,0.005,-0.027,25.457
66812,-0.043,-0.292,10.169,-0.010,0.005,-0.027,25.457
66822,-0.048,-0.292,10.165,-0.011,0.005,-0.027,25.465
66832,-0.038,-0.306,10.179,-0.011,0.004,-0.027,25.465
66842,-0.038,-0.306,10.179,-0.011,0.005,-0.027,25.469
66852,-0.033,-0.316,10.160,-0.011,0.005,-0.027,25.469
66862,-0.038,-0.321,10.165,-0.010,0.005,-0.027,25.434
66872,-0.038,-0.292,10.165,-0.010,0.005,-0.027,25.434
66882,-0.033,-0.292,10.184,-0.011,0.005,-0.028,25.473
66892,-0.033,-0.287,10.174,-0.010,0.005,-0.027,25.473
66902,-0.019,-0.287,10.174,-0.010,0.005,-0.026,25.441
66912,-0.033,-0.306,10.150,-0.011,0.005,-0.026,25.441
66922,-0.033,-0.301,10.174,-0.010,0.004,-0.027,25.484
66932,-0.029,-0.306,10.150,-0.010,0.006,-0.027,25.484
66942,-0.033,-0.306,10.179,-0.010,0.005,-0.028,25.445
66952,-0.014,-0.301,10.160,-0.011,0.005,-0.027,25.445
66962,-0.005,-0.306,10.179,-0.011,0.005,-0.027,25.469
66972,-0.029,-0.301,10.179,-0.011,0.006,-0.026,25.469
66982,-0.038,-0.297,10.169,-0.011,0.005,-0.027,25.465
66992,-0.014,-0.301,10.174,-0.010,0.004,-0.027,25.465
67002,-0.033,-0.316,10.174,-0.010,0.004,-0.027,25.457
67012,-0.053,-0.292,10.169,-0.010,0.005,-0.027,25.457
67022,-0.043,-0.292,10.169,-0.010,0.005,-0.027,25.449
67032,-0.048,-0.335,10.184,-0.010,0.004,-0.027,25.449
67042,-0.033,-0.311,10.179,-0.010,0.004,-0.026,25.445
67052,-0.024,-0.292,10.179,-0.010,0.004,-0.027,25.445
67062,-0.048,-0.292,10.184,-0.012,0.002,-0.027,25.465
67072,-0.038,-0.287,10.174,-0.012,0.004,-0.027,25.465
67082,-0.038,-0.301,10.155,-0.011,0.005,-0.027,25.465
67092,-0.029,-0.278,10.189,-0.011,0.005,-0.027,25.465
67102,-0.048,-0.297,10.174,-0.010,0.004,-0.027,25.469
67112,-0.043,-0.278,10.174,-0.011,0.005,-0.026,25.469
67122,-0.048,-0.306,10.150,-0.010,0.005,-0.026,25.445
67132,-0.038,-0.292,10.165,-0.011,0.005,-0.027,25.445
67142,-0.038,-0.297,10.174,-0.011,0.005,-0.027,25.410
67152,-0.019,-0.301,10.165,-0.011,0.005,-0.026,25.410
67162,-0.019,-0.301,10.165,-0.011,0.005,-0.027,25.430
67172,-0.038,-0.311,10.184,-0.011,0.004,-0.027,25.430
67182,-0.043,-0.292,10.165,-0.011,0.005,-0.027,25.449
67192,-0.038,-0.297,10.160,-0.011,0.004,-0.027,25.449
67202,-0.062,-0.287,10.169,-0.012,0.005,-0.026,25.418
67212,-0.024,-0.282,10.169,-0.012,0.005,-0.027,25.418
67222,-0.024,-0.287,10.160,-0.011,0.005,-0.027,25.453
67232,-0.024,-0.306,10.169,-0.011,0.005,-0.026,25.453
67242,-0.029,-0.287,10.146,-0.010,0.005,-0.027,25.457
67252,-0.029,-0.306,10.184,-0.011,0.005,-0.027,25.457
67262,-0.033,-0.301,10.165,-0.011,0.005,-0.027,25.484
67272,-0.048,-0.301,10.169,-0.011,0.005,-0.027,25.484
67282,-0.033,-0.306,10.169,-0.011,0.005,-0.026,25.465
67292,-0.043,-0.287,10.165,-0.011,0.004,-0.027,25.465
67302,-0.033,-0.301,10.179,-0.011,0.004,-0.027,25.434
67312,-0.033,-0.311,10.184,-0.010,0.005,-0.027,25.434
67322,-0.014,-0.301,10.169,-0.011,0.005,-0.027,25.422
67332,-0.043,-0.301,10.160,-0.010,0.004,-0.027,25.422
67342,-0.033,-0.301,10.169,-0.010,0.004,-0.027,25.473
67352,-0.029,-0.273,10.174,-0.010,0.004,-0.027,25.473
67362,-0.033,-0.278,10.160,-0.011,0.005,-0.027,25.434
67372,-0.033,-0.297,10.174,-0.011,0.005,-0.026,25.434
67382,-0.029,-0.321,10.160,-0.011,0.005,-0.027,25.434
67392,-0.038,-0.311,10.169,-0.011,0.004,-0.027,25.434
67402,-0.029,-0.311,10.165,-0.011,0.004,-0.027,25.461
67412,-0.014,-0.282,10.179,-0.011,0.005,-0.027,25.461
67422,-0.029,-0.297,10.165,-0.010,0.004,-0.027,25.418
67432,-0.029,-0.287,10.155,-0.011,0.005,-0.027,25.418
67442,-0.014,-0.297,10.155,-0.011,0.005,-0.027,25.414
67452,-0.014,-0.292,10.169,-0.011,0.005,-0.026,25.414
67462,-0.019,-0.316,10.165,-0.011,0.005,-0.027,25.449
67472,-0.038,-0.301,10.174,-0.010,0.004,-0.027,25.449
67482,-0.014,-0.306,10.165,-0.010,0.005,-0.026,25.422
67492,-0.029,-0.301,10.189,-0.010,0.005,-0.026,25.422
67502,-0.024,-0.297,10.169,-0.011,0.005,-0.027,25.434
67512,-0.014,-0.297,10.155,-0.010,0.005,-0.027,25.434
67522,-0.038,-0.306,10.131,-0.011,0.004,-0.028,25.422
67532,-0.029,-0.297,10.150,-0.010,0.005,-0.027,25.422
67542,-0.033,-0.297,10.174,-0.012,0.005,-0.027,25.438
67552,-0.048,-0.306,10.150,-0.012,0.004,-0.027,25.438
67562,-0.019,-0.292,10.150,-0.011,0.004,-0.026,25.422
67572,-0.024,-0.311,10.165,-0.011,0.005,-0.027,25.422
67582,-0.038,-0.306,10.160,-0.011,0.005,-0.027,25.469
67592,-0.057,-0.292,10.179,-0.010,0.005,-0.027,25.469
67602,-0.033,-0.301,10.169,-0.010,0.005,-0.027,25.473
67612,-0.053,-0.301,10.179,-0.011,0.005,-0.027,25.473
67622,-0.048,-0.301,10.174,-0.011,0.005,-0.026,25.422
67632,-0.029,-0.282,10.155,-0.011,0.005,-0.027,25.422
67642,-0.024,-0.306,10.169,-0.011,0.004,-0.027,25.465
67652,-0.043,-0.311,10.174,-0.011,0.004,-0.026,25.465
67662,-0.057,-0.287,10.174,-0.010,0.005,-0.028,25.430
67672,-0.033,-0.297,10.160,-0.010,0.005,-0.027,25.430
67682,-0.053,-0.311,10.160,-0.011,0.005,-0.026,25.449
67692,-0.033,-0.306,10.165,-0.011,0.005,-0.027,25.449
67702,-0.024,-0.306,10.169,-0.011,0.005,-0.027,25.453
67712,-0.033,-0.273,10.155,-0.010,0.005,-0.026,25.453
67722,-0.029,-0.292,10.169,-0.011,0.005,-0.027,25.406
67732,-0.043,-0.311,10.169,-0.010,0.005,-0.027,25.406
67742,-0.024,-0.311,10.169,-0.010,0.005,-0.027,25.449
67752,-0.033,-0.273,10.179,-0.010,0.005,-0.027,25.449
67762,-0.038,-0.278,10.165,-0.011,0.005,-0.027,25.469
67772,-0.014,-0.292,10.160,-0.011,0.005,-0.027,25.469
67782,-0.019,-0.292,10.160,-0.011,0.005,-0.026,25.465
67792,-0.019,-0.292,10.155,-0.010,0.005,-0.027,25.465
67802,-0.014,-0.301,10.174,-0.010,0.005,-0.027,25.477
67812,-0.024,-0.306,10.165,-0.010,0.005,-0.027,25.477
67822,-0.038,-0.282,10.160,-0.010,0.005,-0.027,25.418
67832,-0.053,-0.292,10.122,-0.011,0.004,-0.027,25.418
67842,-0.024,-0.321,10.174,-0.012,0.004,-0.027,25.418
67852,-0.024,-0.297,10.165,-0.010,0.005,-0.027,25.418
67872,-0.010,-0.292,10.150,-0.011,0.005,-0.027,25.465
67882,-0.019,-0.301,10.150,-0.012,0.004,-0.027,25.465
67892,-0.029,-0.273,10.155,-0.011,0.004,-0.027,25.457
67902,-0.019,-0.287,10.169,-0.010,0.004,-0.027,25.457
67912,-0.024,-0.301,10.174,-0.011,0.004,-0.026,25.480
67922,-0.038,-0.301,10.169,-0.011,0.005,-0.026,25.480
67932,-0.057,-0.321,10.155,-0.010,0.004,-0.027,25.426
67942,-0.038,-0.301,10.179,-0.011,0.004,-0.027,25.426
67952,-0.043,-0.301,10.155,-0.010,0.005,-0.027,25.438
67962,-0.024,-0.287,10.169,-0.010,0.005,-0.027,25.438
67972,0.019,-0.311,10.165,-0.010,0.005,-0.027,25.461
67982,-0.038,-0.287,10.174,-0.011,0.005,-0.027,25.461
67992,-0.029,-0.301,10.169,-0.010,0.004,-0.027,25.441
68002,-0.024,-0.301,10.169,-0.010,0.005,-0.026,25.441
68012,-0.014,-0.287,10.165,-0.010,0.005,-0.026,25.430
68022,-0.033,-0.287,10.165,-0.010,0.005,-0.027,25.430
68032,-0.043,-0.287,10.174,-0.011,0.005,-0.027,25.430
68042,-0.038,-0.282,10.174,-0.011,0.004,-0.027,25.430
68052,-0.029,-0.297,10.174,-0.010,0.005,-0.026,25.402
68062,-0.024,-0.292,10.150,-0.011,0.004,-0.027,25.402
68072,-0.005,-0.311,10.174,-0.011,0.005,-0.027,25.426
68082,-0.033,-0.301,10.150,-0.011,0.005,-0.027,25.426
68092,-0.024,-0.301,10.150,-0.011,0.005,-0.026,25.402
68102,-0.043,-0.287,10.169,-0.011,0.004,-0.027,25.402
68112,-0.019,-0.306,10.165,-0.010,0.005,-0.027,25.449
68122,-0.019,-0.287,10.160,-0.010,0.005,-0.027,25.449
68132,-0.019,-0.287,10.146,-0.010,0.004,-0.026,25.449
68142,-0.043,-0.292,10.160,-0.010,0.004,-0.027,25.449
68152,-0.005,-0.297,10.155,-0.010,0.005,-0.027,25.414
68162,-0.019,-0.292,10.174,-0.010,0.005,-0.027,25.414
68172,-0.029,-0.297,10.155,-0.010,0.004,-0.026,25.438
68182,-0.024,-0.301,10.146,-0.011,0.005,-0.027,25.438
68192,-0.029,-0.301,10.150,-0.012,0.004,-0.027,25.422
68202,-0.029,-0.316,10.160,-0.011,0.004,-0.027,25.422
68212,-0.029,-0.301,10.160,-0.011,0.005,-0.028,25.422
68222,-0.029,-0.292,10.165,-0.011,0.005,-0.027,25.422
68232,-0.014,-0.306,10.169,-0.011,0.005,-0.026,25.441
68242,-0.019,-0.292,10.150,-0.011,0.005,-0.027,25.441
68252,-0.014,-0.292,10.155,-0.011,0.005,-0.028,25.445
68262,-0.033,-0.297,10.160,-0.011,0.005,-0.027,25.445
68272,-0.024,-0.301,10.160,-0.012,0.005,-0.027,25.473
68282,-0.029,-0.297,10.146,-0.011,0.005,-0.028,25.473
68292,-0.019,-0.287,10.165,-0.011,0.005,-0.028,25.445
68302,-0.019,-0.297,10.165,-0.011,0.005,-0.027,25.445
68312,-0.038,-0.287,10.160,-0.011,0.005,-0.028,25.445
68322,-0.010,-0.297,10.155,-0.011,0.005,-0.026,25.445
68332,-0.038,-0.306,10.169,-0.010,0.004,-0.027,25.430
68342,0.000,-0.273,10.155,-0.011,0.005,-0.027,25.430
68352,-0.010,-0.306,10.174,-0.011,0.005,-0.027,25.449
68362,-0.043,-0.297,10.174,-0.011,0.005,-0.027,25.449
68372,-0.019,-0.306,10.160,-0.011,0.004,-0.027,25.438
68382,-0.014,-0.301,10.160,-0.011,0.005,-0.026,25.438
68392,-0.024,-0.287,10.165,-0.010,0.005,-0.027,25.473
68402,-0.019,-0.278,10.169,-0.010,0.005,-0.027,25.473
68412,-0.024,-0.301,10.155,-0.011,0.004,-0.026,25.449
68422,-0.043,-0.287,10.174,-0.011,0.005,-0.026,25.449
68432,-0.005,-0.292,10.179,-0.011,0.005,-0.027,25.473
68442,-0.024,-0.297,10.169,-0.011,0.005,-0.027,25.473
68452,-0.010,-0.297,10.165,-0.011,0.005,-0.027,25.453
68462,-0.048,-0.292,10.165,-0.011,0.005,-0.027,25.453
68472,-0.038,-0.301,10.160,-0.011,0.005,-0.026,25.438
68482,-0.005,-0.297,10.184,-0.011,0.004,-0.027,25.438
68492,-0.024,-0.297,10.169,-0.011,0.005,-0.027,25.441
68502,-0.019,-0.292,10.174,-0.010,0.005,-0.027,25.441
68512,-0.019,-0.301,10.179,-0.011,0.005,-0.027,25.414
68522,-0.010,-0.292,10.160,-0.011,0.005,-0.027,25.414
68532,-0.053,-0.311,10.179,-0.011,0.004,-0.027,25.445
68542,-0.033,-0.282,10.155,-0.011,0.004,-0.027,25.445
68552,-0.038,-0.306,10.184,-0.011,0.005,-0.027,25.445
68562,-0.048,-0.301,10.174,-0.011,0.005,-0.026,25.445
68572,-0.014,-0.311,10.160,-0.011,0.005,-0.026,25.438
68582,-0.043,-0.282,10.165,-0.011,0.004,-0.027,25.438
68592,-0.029,-0.287,10.184,-0.010,0.004,-0.027,25.457
68602,-0.014,-0.282,10.165,-0.011,0.005,-0.026,25.457
68612,-0.033,-0.292,10.165,-0.011,0.005,-0.027,25.477
68622,-0.033,-0.292,10.160,-0.011,0.005,-0.027,25.477
68632,-0.010,-0.297,10.169,-0.011,0.005,-0.027,25.488
68642,-0.019,-0.311,10.193,-0.010,0.005,-0.027,25.488
68652,-0.029,-0.273,10.174,-0.011,0.005,-0.026,25.477
68662,-0.038,-0.282,10.155,-0.012,0.006,-0.027,25.477
68672,-0.029,-0.282,10.165,-0.011,0.005,-0.028,25.453
68682,-0.038,-0.297,10.160,-0.011,0.005,-0.027,25.453
68692,-0.038,-0.287,10.174,-0.011,0.005,-0.027,25.426
68702,-0.043,-0.297,10.179,-0.010,0.005,-0.027,25.426
68712,-0.024,-0.301,10.174,-0.010,0.005,-0.027,25.430
68722,-0.019,-0.292,10.165,-0.010,0.005,-0.028,25.430
68732,-0.048,-0.287,10.160,-0.011,0.005,-0.027,25.484
68742,-0.029,-0.292,10.160,-0.011,0.005,-0.027,25.484
68752,-0.010,-0.301,10.160,-0.011,0.005,-0.027,25.430
68762,-0.038,-0.273,10.155,-0.010,0.005,-0.027,25.430
68772,-0.048,-0.287,10.165,-0.010,0.004,-0.026,25.461
68782,-0.014,-0.306,10.169,-0.011,0.005,-0.027,25.461
68792,-0.029,-0.297,10.193,-0.011,0.005,-0.027,25.441
68802,-0.019,-0.297,10.169,-0.011,0.005,-0.027,25.441
68812,-0.029,-0.287,10.203,-0.010,0.004,-0.026,25.430
68822,-0.033,-0.301,10.184,-0.011,0.005,-0.027,25.430
68832,-0.019,-0.292,10.160,-0.011,0.005,-0.027,25.430
68842,-0.014,-0.297,10.160,-0.010,0.005,-0.027,25.430
68852,-0.024,-0.301,10.174,-0.010,0.005,-0.027,25.430
68862,-0.033,-0.306,10.169,-0.012,0.004,-0.026,25.430
68872,-0.005,-0.292,10.179,-0.011,0.005,-0.027,25.418
68882,-0.048,-0.306,10.179,-0.010,0.005,-0.027,25.418
68892,-0.029,-0.301,10.165,-0.011,0.005,-0.027,25.426
68902,-0.019,-0.278,10.160,-0.011,0.005,-0.027,25.426
68912,-0.014,-0.297,10.179,-0.011,0.005,-0.027,25.461
68922,-0.029,-0.316,10.165,-0.011,0.005,-0.027,25.461
68932,-0.038,-0.301,10.174,-0.010,0.005,-0.027,25.438
68942,-0.033,-0.287,10.184,-0.011,0.005,-0.027,25.438
68952,-0.024,-0.292,10.150,-0.011,0.005,-0.027,25.434
68962,-0.010,-0.311,10.146,-0.010,0.004,-0.027,25.434
68972,-0.019,-0.297,10.165,-0.010,0.005,-0.028,25.457
68992,-0.024,-0.287,10.165,-0.009,0.005,-0.027,25.473
69002,-0.029,-0.306,10.179,-0.010,0.004,-0.027,25.418
69012,-0.033,-0.297,10.184,-0.011,0.005,-0.027,25.418
69022,-0.038,-0.301,10.146,-0.011,0.005,-0.027,25.441
69032,-0.024,-0.306,10.179,-0.010,0.005,-0.027,25.441
69042,-0.043,-0.306,10.165,-0.010,0.004,-0.027,25.434
69052,-0.033,-0.278,10.146,-0.011,0.005,-0.027,25.434
69062,-0.043,-0.292,10.179,-0.011,0.004,-0.027,25.434
69072,-0.019,-0.282,10.165,-0.010,0.004,-0.026,25.434
69082,-0.029,-0.306,10.155,-0.010,0.005,-0.026,25.453
69092,-0.057,-0.297,10.165,-0.011,0.005,-0.027,25.453
69102,-0.038,-0.287,10.165,-0.010,0.004,-0.027,25.465
69112,-0.024,-0.297,10.146,-0.010,0.005,-0.027,25.465
69122,-0.029,-0.301,10.155,-0.010,0.005,-0.026,25.496
69132,-0.024,-0.297,10.150,-0.011,0.005,-0.027,25.496
69142,-0.029,-0.311,10.150,-0.011,0.005,-0.027,25.449
69152,-0.019,-0.292,10.189,-0.010,0.005,-0.027,25.449
69162,-0.024,-0.278,10.155,-0.011,0.005,-0.027,25.410
69172,-0.029,-0.292,10.160,-0.011,0.006,-0.027,25.410
69182,-0.038,-0.292,10.160,-0.011,0.005,-0.027,25.426
69192,-0.038,-0.311,10.160,-0.011,0.005,-0.027,25.426
69202,-0.033,-0.282,10.174,-0.011,0.005,-0.027,25.473
69212,-0.019,-0.301,10.174,-0.010,0.005,-0.027,25.473
69222,-0.014,-0.297,10.174,-0.010,0.005,-0.026,25.449
69232,-0.038,-0.301,10.155,-0.011,0.005,-0.027,25.449
69242,-0.019,-0.282,10.155,-0.011,0.005,-0.026,25.465
69252,-0.019,-0.301,10.169,-0.011,0.005,-0.027,25.465
69262,-0.033,-0.301,10.141,-0.011,0.004,-0.027,25.469
69272,-0.043,-0.287,10.169,-0.011,0.005,-0.026,25.469
69282,-0.019,-0.311,10.150,-0.011,0.004,-0.027,25.457
69292,-0.010,-0.292,10.150,-0.011,0.005,-0.027,25.457
69302,-0.010,-0.316,10.155,-0.011,0.004,-0.027,25.441
69312,-0.005,-0.282,10.165,-0.011,0.005,-0.026,25.441
69322,-0.024,-0.282,10.146,-0.010,0.005,-0.027,25.445
69332,-0.033,-0.297,10.174,-0.011,0.005,-0.027,25.445
69342,-0.038,-0.311,10.165,-0.011,0.005,-0.027,25.441
69352,-0.033,-0.297,10.150,-0.010,0.005,-0.027,25.441
69362,-0.019,-0.292,10.165,-0.010,0.005,-0.026,25.465
69372,-0.038,-0.282,10.155,-0.011,0.005,-0.027,25.465
69382,-0.033,-0.292,10.160,-0.011,0.005,-0.027,25.402
69392,-0.033,-0.287,10.169,-0.010,0.005,-0.027,25.402
69402,-0.038,-0.311,10.174,-0.011,0.005,-0.026,25.457
69412,-0.033,-0.297,10.155,-0.011,0.004,-0.027,25.457
69422,-0.024,-0.273,10.155,-0.011,0.004,-0.027,25.410
69432,-0.062,-0.306,10.155,-0.011,0.005,-0.027,25.410
69442,-0.048,-0.301,10.179,-0.011,0.005,-0.027,25.406
69452,-0.038,-0.316,10.160,-0.011,0.005,-0.026,25.406
69462,-0.029,-0.316,10.160,-0.011,0.005,-0.027,25.383
69472,-0.033,-0.287,10.169,-0.011,0.005,-0.027,25.383
69482,-0.033,-0.297,10.146,-0.011,0.005,-0.027,25.430
69492,-0.019,-0.297,10.160,-0.010,0.004,-0.027,25.430
69502,-0.024,-0.292,10.165,-0.011,0.005,-0.027,25.473
69512,-0.010,-0.316,10.169,-0.011,0.005,-0.027,25.473
69522,-0.019,-0.287,10.160,-0.011,0.005,-0.027,25.449
69532,-0.014,-0.292,10.174,-0.011,0.005,-0.027,25.449
69542,-0.029,-0.287,10.165,-0.010,0.005,-0.028,25.418
69552,-0.019,-0.287,10.165,-0.010,0.005,-0.027,25.418
69562,-0.024,-0.292,10.165,-0.010,0.005,-0.027,25.453
69572,-0.043,-0.287,10.169,-0.010,0.005,-0.026,25.453
69582,-0.019,-0.301,10.174,-0.011,0.004,-0.026,25.457
69592,-0.014,-0.301,10.155,-0.011,0.005,-0.026,25.457
69602,-0.033,-0.301,10.155,-0.011,0.005,-0.027,25.434
69612,-0.053,-0.297,10.165,-0.010,0.005,-0.027,25.434
69622,-0.010,-0.292,10.150,-0.010,0.005,-0.026,25.414
69632,0.000,-0.306,10.174,-0.010,0.004,-0.027,25.414
69642,-0.062,-0.306,10.150,-0.010,0.005,-0.027,25.414
69652,-0.038,-0.297,10.160,-0.011,0.005,-0.027,25.414
69662,0.000,-0.301,10.160,-0.011,0.005,-0.027,25.422
69672,-0.024,-0.306,10.165,-0.012,0.005,-0.027,25.422
69682,-0.019,-0.306,10.150,-0.010,0.005,-0.027,25.414
69692,-0.010,-0.297,10.160,-0.011,0.004,-0.027,25.414
69702,0.000,-0.292,10.150,-0.011,0.005,-0.027,25.453
69712,-0.014,-0.273,10.165,-0.010,0.005,-0.027,25.453
69722,-0.029,-0.297,10.150,-0.011,0.005,-0.027,25.461
69732,-0.033,-0.301,10.150,-0.010,0.005,-0.026,25.461
69742,-0.014,-0.278,10.160,-0.011,0.005,-0.027,25.469
69752,-0.038,-0.287,10.169,-0.010,0.005,-0.027,25.469
69762,-0.010,-0.282,10.160,-0.010,0.005,-0.027,25.449
69772,-0.014,-0.301,10.169,-0.011,0.004,-0.028,25.449
69782,-0.033,-0.297,10.155,-0.010,0.005,-0.027,25.426
69792,-0.024,-0.297,10.155,-0.011,0.005,-0.027,25.426
69802,-0.014,-0.297,10.155,-0.010,0.006,-0.027,25.414
69812,-0.033,-0.297,10.174,-0.011,0.005,-0.027,25.414
69822,-0.033,-0.287,10.150,-0.011,0.005,-0.027,25.426
69832,-0.053,-0.282,10.155,-0.010,0.005,-0.027,25.426
69842,-0.029,-0.301,10.160,-0.011,0.005,-0.027,25.441
69852,-0.010,-0.301,10.155,-0.011,0.005,-0.027,25.441
69862,-0.014,-0.311,10.150,-0.011,0.005,-0.027,25.465
69872,-0.019,-0.301,10.169,-0.011,0.005,-0.027,25.465
69882,-0.024,-0.321,10.174,-0.011,0.005,-0.026,25.457
69892,-0.033,-0.282,10.136,-0.011,0.005,-0.027,25.457
69902,-0.024,-0.292,10.150,-0.011,0.004,-0.026,25.465
69912,-0.014,-0.292,10.160,-0.010,0.005,-0.026,25.465
69922,-0.010,-0.282,10.189,-0.010,0.005,-0.027,25.469
69932,-0.033,-0.292,10.189,-0.011,0.004,-0.027,25.469
69942,-0.014,-0.297,10.141,-0.011,0.005,-0.027,25.488
69952,-0.024,-0.282,10.169,-0.011,0.005,-0.027,25.488
69962,-0.019,-0.297,10.179,-0.011,0.005,-0.026,25.492
69972,-0.043,-0.292,10.146,-0.011,0.005,-0.027,25.492
69982,-0.048,-0.297,10.155,-0.010,0.005,-0.026,25.457
69992,-0.029,-0.297,10.169,-0.010,0.005,-0.027,25.457
70002,-0.038,-0.316,10.155,-0.011,0.005,-0.027,25.414
70012,-0.033,-0.297,10.146,-0.011,0.005,-0.027,25.414
70022,-0.014,-0.282,10.150,-0.011,0.005,-0.027,25.469
70032,-0.014,-0.287,10.155,-0.010,0.004,-0.027,25.469
70042,-0.033,-0.282,10.174,-0.010,0.005,-0.026,25.438
70052,-0.043,-0.282,10.155,-0.010,0.005,-0.027,25.438
70062,-0.019,-0.292,10.160,-0.010,0.005,-0.026,25.445
70072,-0.014,-0.282,10.155,-0.010,0.006,-0.026,25.445
70082,-0.019,-0.292,10.179,-0.011,0.005,-0.026,25.465
70092,-0.005,-0.292,10.160,-0.011,0.005,-0.026,25.465
70102,-0.019,-0.282,10.174,-0.010,0.005,-0.027,25.438
70122,-0.038,-0.273,10.160,-0.010,0.004,-0.026,25.387
70132,-0.029,-0.297,10.160,-0.010,0.004,-0.027,25.434
70142,-0.010,-0.282,10.165,-0.010,0.005,-0.027,25.434
70152,-0.029,-0.292,10.150,-0.011,0.005,-0.027,25.406
70162,-0.010,-0.292,10.160,-0.010,0.005,-0.027,25.406
70172,-0.029,-0.287,10.150,-0.010,0.005,-0.027,25.496
70182,0.005,-0.311,10.155,-0.010,0.005,-0.026,25.496
70192,-0.024,-0.292,10.155,-0.010,0.005,-0.026,25.434
70202,-0.048,-0.297,10.165,-0.010,0.004,-0.027,25.434
70212,-0.033,-0.292,10.169,-0.011,0.005,-0.027,25.441
70222,-0.024,-0.297,10.165,-0.011,0.004,-0.026,25.441
70232,-0.033,-0.301,10.165,-0.010,0.005,-0.026,25.453
70242,-0.010,-0.306,10.155,-0.011,0.005,-0.027,25.453
70252,-0.024,-0.287,10.150,-0.011,0.005,-0.027,25.473
70262,-0.005,-0.292,10.165,-0.011,0.004,-0.027,25.473
70272,-0.038,-0.282,10.150,-0.010,0.005,-0.027,25.449
70282,-0.024,-0.292,10.160,-0.011,0.005,-0.027,25.449
70292,-0.033,-0.278,10.165,-0.011,0.005,-0.027,25.457
70302,-0.038,-0.316,10.169,-0.011,0.005,-0.027,25.457
70312,-0.048,-0.273,10.160,-0.011,0.005,-0.027,25.422
70322,-0.014,-0.287,10.160,-0.011,0.005,-0.027,25.422
70332,-0.005,-0.301,10.169,-0.011,0.005,-0.027,25.484
70342,-0.038,-0.287,10.174,-0.011,0.005,-0.026,25.484
70352,-0.033,-0.287,10.169,-0.010,0.004,-0.027,25.445
70362,-0.029,-0.306,10.174,-0.010,0.005,-0.027,25.445
70372,-0.024,-0.301,10.150,-0.011,0.005,-0.027,25.477
70382,-0.024,-0.287,10.155,-0.011,0.005,-0.027,25.477
70392,-0.033,-0.282,10.165,-0.010,0.005,-0.028,25.473
70402,-0.010,-0.297,10.174,-0.010,0.004,-0.027,25.473
70412,-0.029,-0.301,10.165,-0.010,0.005,-0.027,25.445
70422,-0.019,-0.292,10.165,-0.011,0.005,-0.027,25.445
70432,-0.019,-0.282,10.169,-0.010,0.005,-0.027,25.457
70442,-0.019,-0.292,10.179,-0.010,0.005,-0.027,25.457
70452,-0.024,-0.297,10.150,-0.010,0.005,-0.027,25.449
70462,-0.033,-0.287,10.160,-0.010,0.005,-0.027,25.449
70472,-0.038,-0.273,10.155,-0.011,0.005,-0.027,25.453
70482,-0.029,-0.292,10.155,-0.011,0.005,-0.027,25.453
70492,-0.014,-0.301,10.165,-0.011,0.004,-0.027,25.465
70502,-0.029,-0.282,10.136,-0.011,0.005,-0.027,25.465
70512,-0.019,-0.287,10.179,-0.010,0.005,-0.027,25.461
70522,-0.029,-0.292,10.174,-0.011,0.005,-0.027,25.461
70532,-0.024,-0.292,10.150,-0.011,0.005,-0.026,25.461
70542,-0.014,-0.311,10.184,-0.011,0.005,-0.027,25.461
70552,-0.024,-0.297,10.179,-0.011,0.005,-0.027,25.461
70562,-0.029,-0.292,10.174,-0.010,0.005,-0.027,25.461
70572,-0.038,-0.282,10.169,-0.010,0.005,-0.027,25.461
70582,-0.033,-0.311,10.165,-0.010,0.005,-0.027,25.461
70592,-0.010,-0.278,10.165,-0.011,0.004,-0.027,25.484
70602,-0.019,-0.287,10.160,-0.011,0.005,-0.027,25.484
70612,-0.048,-0.301,10.155,-0.011,0.005,-0.026,25.438
70622,-0.038,-0.282,10.155,-0.011,0.005,-0.027,25.438
70632,-0.033,-0.301,10.150,-0.010,0.005,-0.027,25.488
70642,-0.038,-0.301,10.155,-0.010,0.005,-0.027,25.488
70652,-0.019,-0.292,10.155,-0.010,0.005,-0.027,25.457
70662,-0.014,-0.292,10.165,-0.010,0.005,-0.027,25.457
70672,-0.014,-0.297,10.174,-0.011,0.004,-0.028,25.445
70682,-0.024,-0.282,10.165,-0.011,0.005,-0.027,25.445
70692,-0.014,-0.287,10.189,-0.010,0.004,-0.027,25.465
70702,-0.043,-0.301,10.174,-0.011,0.005,-0.027,25.465
70712,-0.043,-0.301,10.141,-0.012,0.004,-0.026,25.488
70722,-0.019,-0.297,10.174,-0.011,0.004,-0.026,25.488
70732,-0.029,-0.287,10.155,-0.011,0.005,-0.026,25.480
70742,-0.010,-0.297,10.165,-0.011,0.004,-0.026,25.480
70752,-0.005,-0.292,10.146,-0.011,0.004,-0.027,25.473
70762,-0.033,-0.297,10.165,-0.011,0.005,-0.027,25.473
70772,-0.005,-0.292,10.165,-0.011,0.005,-0.027,25.457
70782,-0.019,-0.306,10.169,-0.013,0.004,-0.027,25.457
70792,-0.019,-0.297,10.141,-0.011,0.005,-0.027,25.461
70802,0.005,-0.311,10.165,-0.011,0.005,-0.028,25.461
70812,-0.029,-0.292,10.165,-0.010,0.005,-0.027,25.469
70822,-0.024,-0.297,10.165,-0.010,0.005,-0.027,25.469
70832,-0.038,-0.297,10.169,-0.010,0.005,-0.026,25.473
70842,-0.038,-0.316,10.160,-0.010,0.005,-0.027,25.473
70852,-0.014,-0.297,10.146,-0.011,0.006,-0.026,25.391
70862,0.014,-0.278,10.155,-0.011,0.005,-0.026,25.391
70872,-0.014,-0.297,10.160,-0.011,0.005,-0.027,25.445
70882,-0.010,-0.282,10.169,-0.011,0.004,-0.027,25.445
70892,-0.038,-0.297,10.141,-0.010,0.005,-0.027,25.434
70902,-0.019,-0.282,10.160,-0.011,0.005,-0.027,25.434
70912,-0.062,-0.282,10.165,-0.011,0.005,-0.027,25.434
70922,-0.014,-0.297,10.165,-0.010,0.004,-0.026,25.434
70932,-0.005,-0.273,10.160,-0.011,0.005,-0.026,25.422
70942,-0.029,-0.292,10.160,-0.011,0.005,-0.026,25.422
70952,-0.033,-0.306,10.169,-0.010,0.005,-0.027,25.441
70962,-0.019,-0.273,10.174,-0.011,0.005,-0.027,25.441
70972,-0.005,-0.301,10.174,-0.012,0.005,-0.027,25.461
70982,-0.010,-0.301,10.169,-0.011,0.005,-0.027,25.461
70992,-0.033,-0.301,10.174,-0.010,0.005,-0.027,25.488
71002,-0.033,-0.297,10.150,-0.011,0.005,-0.027,25.488
71012,-0.019,-0.292,10.165,-0.011,0.005,-0.027,25.473
71022,-0.010,-0.297,10.150,-0.011,0.005,-0.027,25.473
71032,-0.024,-0.297,10.160,-0.010,0.004,-0.027,25.438
71042,-0.038,-0.306,10.160,-0.010,0.005,-0.027,25.438
71052,-0.048,-0.278,10.155,-0.011,0.005,-0.027,25.453
71062,-0.014,-0.301,10.174,-0.011,0.005,-0.027,25.453
71072,-0.038,-0.292,10.155,-0.011,0.005,-0.027,25.438
71082,-0.033,-0.301,10.165,-0.010,0.004,-0.027,25.438
71092,-0.029,-0.297,10.165,-0.011,0.006,-0.027,25.461
71102,-0.005,-0.311,10.150,-0.011,0.005,-0.027,25.461
71112,-0.019,-0.287,10.150,-0.010,0.005,-0.027,25.430
71122,0.000,-0.292,10.160,-0.010,0.004,-0.027,25.430
71132,-0.029,-0.287,10.126,-0.011,0.005,-0.027,25.438
71142,-0.019,-0.311,10.155,-0.011,0.006,-0.027,25.438
71152,-0.005,-0.301,10.150,-0.011,0.005,-0.027,25.477
71162,-0.019,-0.301,10.155,-0.011,0.005,-0.026,25.477
71172,-0.029,-0.292,10.174,-0.011,0.005,-0.027,25.457
71182,-0.033,-0.287,10.174,-0.011,0.005,-0.027,25.457
71192,-0.029,-0.316,10.169,-0.011,0.005,-0.027,25.465
71202,-0.014,-0.301,10.155,-0.011,0.005,-0.026,25.465
71212,-0.014,-0.278,10.155,-0.011,0.004,-0.027,25.469
71222,-0.014,-0.292,10.169,-0.011,0.005,-0.027,25.469
71232,-0.019,-0.297,10.160,-0.010,0.004,-0.027,25.461
71242,-0.024,-0.282,10.160,-0.010,0.005,-0.027,25.461
71252,-0.043,-0.287,10.146,-0.010,0.005,-0.027,25.445
71262,-0.014,-0.311,10.169,-0.011,0.005,-0.027,25.445
71272,-0.019,-0.306,10.150,-0.010,0.005,-0.028,25.461
71292,-0.033,-0.287,10.169,-0.010,0.005,-0.027,25.457
71302,-0.029,-0.311,10.150,-0.011,0.005,-0.026,25.418
71312,-0.029,-0.301,10.165,-0.010,0.005,-0.026,25.418
71322,-0.019,-0.278,10.169,-0.011,0.005,-0.026,25.438
71332,-0.033,-0.287,10.165,-0.010,0.004,-0.028,25.438
71342,-0.033,-0.292,10.141,-0.011,0.005,-0.027,25.469
71352,0.005,-0.297,10.155,-0.011,0.004,-0.027,25.469
71362,-0.019,-0.278,10.141,-0.011,0.005,-0.027,25.449
71372,-0.024,-0.287,10.150,-0.011,0.005,-0.027,25.449
71382,-0.029,-0.282,10.146,-0.011,0.005,-0.027,25.477
71392,-0.014,-0.287,10.150,-0.011,0.004,-0.027,25.477
71402,-0.033,-0.306,10.146,-0.011,0.005,-0.027,25.480
71412,-0.014,-0.292,10.155,-0.010,0.005,-0.028,25.480
71422,-0.005,-0.282,10.165,-0.010,0.005,-0.026,25.441
71432,0.000,-0.306,10.150,-0.011,0.005,-0.027,25.441
71442,-0.038,-0.278,10.160,-0.010,0.005,-0.027,25.461
71452,-0.029,-0.297,10.160,-0.011,0.005,-0.027,25.461
71462,-0.024,-0.316,10.146,-0.011,0.005,-0.027,25.477
71472,-0.019,-0.306,10.165,-0.010,0.004,-0.027,25.477
71482,-0.033,-0.292,10.155,-0.011,0.005,-0.027,25.422
71492,-0.010,-0.292,10.160,-0.011,0.005,-0.027,25.422
71502,-0.010,-0.273,10.150,-0.011,0.005,-0.027,25.445
71512,-0.029,-0.297,10.150,-0.011,0.005,-0.027,25.445
71522,-0.043,-0.287,10.169,-0.011,0.005,-0.027,25.484
71532,-0.033,-0.278,10.165,-0.011,0.005,-0.027,25.484
71542,-0.014,-0.273,10.146,-0.010,0.005,-0.026,25.438
71552,-0.010,-0.278,10.165,-0.011,0.005,-0.026,25.438
71562,-0.014,-0.287,10.165,-0.011,0.005,-0.026,25.488
71572,-0.024,-0.287,10.160,-0.010,0.004,-0.027,25.488
71582,-0.024,-0.292,10.146,-0.011,0.005,-0.027,25.480
71592,-0.038,-0.278,10.155,-0.010,0.005,-0.026,25.480
71602,-0.024,-0.273,10.155,-0.010,0.005,-0.027,25.434
71612,-0.024,-0.292,10.146,-0.010,0.005,-0.027,25.434
71622,-0.029,-0.316,10.165,-0.011,0.005,-0.027,25.414
71632,-0.024,-0.311,10.174,-0.011,0.005,-0.027,25.414
71642,-0.029,-0.297,10.155,-0.011,0.004,-0.027,25.426
71652,-0.019,-0.278,10.160,-0.010,0.004,-0.027,25.426
71662,-0.005,-0.282,10.150,-0.011,0.005,-0.027,25.477
71672,-0.029,-0.297,10.160,-0.011,0.005,-0.026,25.477
71682,-0.057,-0.301,10.146,-0.010,0.005,-0.027,25.438
71692,-0.029,-0.306,10.160,-0.010,0.005,-0.027,25.438
71702,-0.010,-0.306,10.169,-0.011,0.005,-0.026,25.449
71712,-0.024,-0.292,10.160,-0.010,0.005,-0.027,25.449
71722,-0.048,-0.292,10.165,-0.011,0.005,-0.026,25.426
71732,-0.010,-0.301,10.155,-0.011,0.005,-0.027,25.426
71742,-0.033,-0.297,10.146,-0.011,0.005,-0.027,25.453
71752,-0.029,-0.297,10.174,-0.010,0.004,-0.028,25.453
71762,-0.029,-0.292,10.141,-0.010,0.005,-0.028,25.457
71772,-0.024,-0.292,10.155,-0.011,0.005,-0.027,25.457
71782,-0.038,-0.282,10.146,-0.010,0.005,-0.027,25.414
71792,-0.019,-0.287,10.155,-0.011,0.005,-0.027,25.414
71802,-0.024,-0.273,10.169,-0.011,0.006,-0.026,25.418
71812,-0.024,-0.278,10.150,-0.011,0.005,-0.027,25.418
71822,-0.019,-0.306,10.150,-0.011,0.005,-0.027,25.426
71832,-0.005,-0.287,10.160,-0.011,0.005,-0.027,25.426
71842,0.000,-0.301,10.141,-0.011,0.005,-0.026,25.430
71852,-0.014,-0.278,10.146,-0.011,0.005,-0.027,25.430
71862,-0.010,-0.282,10.169,-0.011,0.005,-0.027,25.445
71872,-0.005,-0.297,10.150,-0.011,0.005,-0.028,25.445
71882,-0.024,-0.278,10.150,-0.010,0.005,-0.027,25.422
71892,-0.010,-0.268,10.146,-0.011,0.005,-0.027,25.422
71902,-0.038,-0.292,10.146,-0.010,0.005,-0.027,25.434
71912,-0.029,-0.292,10.155,-0.010,0.005,-0.027,25.434
71922,-0.024,-0.292,10.155,-0.011,0.005,-0.026,25.414
71932,-0.010,-0.282,10.155,-0.011,0.005,-0.027,25.414
71942,-0.043,-0.301,10.155,-0.011,0.005,-0.027,25.418
71952,-0.019,-0.297,10.150,-0.011,0.005,-0.027,25.418
71962,-0.014,-0.273,10.136,-0.010,0.005,-0.027,25.418
71972,-0.019,-0.301,10.146,-0.010,0.005,-0.027,25.418
71982,-0.019,-0.282,10.141,-0.010,0.005,-0.027,25.402
71992,-0.010,-0.292,10.155,-0.011,0.005,-0.026,25.402
72002,-0.010,-0.297,10.150,-0.010,0.005,-0.026,25.430
72012,-0.010,-0.311,10.146,-0.010,0.005,-0.027,25.430
72022,-0.024,-0.301,10.146,-0.011,0.005,-0.027,25.449
72032,-0.038,-0.292,10.160,-0.011,0.005,-0.027,25.449
72042,-0.019,-0.297,10.150,-0.010,0.005,-0.027,25.477
72052,-0.024,-0.278,10.136,-0.011,0.005,-0.027,25.477
72062,-0.014,-0.297,10.150,-0.010,0.004,-0.027,25.430
72072,-0.010,-0.282,10.150,-0.011,0.005,-0.027,25.430
72082,-0.024,-0.311,10.155,-0.011,0.005,-0.026,25.422
72092,-0.029,-0.311,10.165,-0.012,0.005,-0.026,25.422
72102,-0.029,-0.287,10.136,-0.011,0.005,-0.027,25.398
72112,-0.019,-0.282,10.160,-0.010,0.004,-0.027,25.398
72122,0.005,-0.278,10.141,-0.011,0.006,-0.028,25.406
72132,-0.024,-0.306,10.160,-0.011,0.005,-0.027,25.406
72142,-0.038,-0.316,10.174,-0.010,0.005,-0.027,25.410
72152,-0.010,-0.301,10.155,-0.011,0.005,-0.027,25.410
72162,0.000,-0.306,10.160,-0.010,0.005,-0.027,25.480
72172,-0.019,-0.292,10.155,-0.010,0.005,-0.027,25.480
72182,-0.019,-0.287,10.165,-0.011,0.005,-0.027,25.434
72192,-0.010,-0.282,10.160,-0.010,0.005,-0.027,25.434
72202,-0.005,-0.278,10.174,-0.011,0.005,-0.027,25.480
72212,-0.019,-0.268,10.169,-0.012,0.005,-0.027,25.480
72222,-0.005,-0.287,10.150,-0.011,0.005,-0.027,25.449
72232,-0.010,-0.282,10.165,-0.011,0.005,-0.027,25.449
72242,-0.029,-0.297,10.150,-0.011,0.005,-0.027,25.426
72252,-0.024,-0.273,10.155,-0.010,0.005,-0.027,25.426
72262,-0.014,-0.287,10.150,-0.010,0.005,-0.026,25.457
72272,-0.005,-0.287,10.179,-0.010,0.005,-0.027,25.457
72282,-0.024,-0.301,10.146,-0.010,0.005,-0.026,25.418
72292,-0.005,-0.282,10.165,-0.010,0.004,-0.027,25.418
72302,-0.005,-0.301,10.150,-0.011,0.005,-0.027,25.457
72312,-0.024,-0.287,10.160,-0.010,0.005,-0.027,25.457
72322,-0.033,-0.297,10.146,-0.011,0.004,-0.027,25.441
72332,-0.033,-0.301,10.165,-0.011,0.005,-0.027,25.441
72342,-0.014,-0.297,10.136,-0.011,0.005,-0.026,25.480
72352,-0.019,-0.292,10.165,-0.010,0.005,-0.027,25.480
72362,-0.038,-0.278,10.155,-0.011,0.005,-0.028,25.492
72372,-0.033,-0.292,10.146,-0.011,0.005,-0.027,25.492
72382,-0.024,-0.297,10.126,-0.011,0.005,-0.027,25.434
72392,-0.014,-0.297,10.160,-0.010,0.005,-0.027,25.434
72402,-0.043,-0.306,10.160,-0.011,0.005,-0.026,25.461
72412,-0.024,-0.287,10.150,-0.011,0.005,-0.027,25.461
72422,-0.043,-0.287,10.165,-0.010,0.005,-0.027,25.449
72432,0.000,-0.287,10.155,-0.010,0.005,-0.027,25.449
72452,-0.024,-0.306,10.160,-0.010,0.005,-0.028,25.500
72462,-0.038,-0.297,10.179,-0.011,0.004,-0.026,25.500
72472,-0.038,-0.278,10.169,-0.010,0.005,-0.026,25.453
72482,-0.014,-0.278,10.155,-0.011,0.005,-0.027,25.453
72492,-0.048,-0.301,10.160,-0.011,0.005,-0.026,25.477
72502,-0.033,-0.273,10.179,-0.011,0.005,-0.027,25.477
72512,-0.014,-0.287,10.160,-0.011,0.005,-0.027,25.418
72522,-0.029,-0.301,10.169,-0.011,0.005,-0.027,25.418
72532,-0.019,-0.292,10.160,-0.011,0.005,-0.027,25.438
72542,-0.033,-0.278,10.160,-0.011,0.005,-0.027,25.438
72552,-0.010,-0.306,10.165,-0.011,0.006,-0.027,25.461
72562,-0.010,-0.292,10.179,-0.011,0.005,-0.026,25.461
72572,-0.014,-0.282,10.165,-0.011,0.005,-0.026,25.477
72582,-0.019,-0.278,10.160,-0.011,0.005,-0.027,25.477
72592,0.010,-0.297,10.174,-0.011,0.004,-0.027,25.461
72602,-0.043,-0.301,10.150,-0.010,0.005,-0.026,25.461
72612,-0.024,-0.301,10.112,-0.011,0.005,-0.027,25.414
72622,-0.014,-0.301,10.146,-0.010,0.005,-0.027,25.414
72632,-0.024,-0.278,10.150,-0.011,0.005,-0.027,25.453
72642,-0.029,-0.297,10.169,-0.011,0.005,-0.027,25.453
72652,-0.024,-0.278,10.169,-0.010,0.005,-0.027,25.445
72662,-0.010,-0.292,10.141,-0.011,0.005,-0.027,25.445
72672,-0.029,-0.278,10.155,-0.011,0.005,-0.027,25.484
72682,-0.029,-0.282,10.150,-0.011,0.005,-0.027,25.484
72692,-0.019,-0.292,10.146,-0.011,0.005,-0.026,25.465
72702,-0.005,-0.301,10.184,-0.010,0.004,-0.026,25.465
72712,-0.024,-0.301,10.141,-0.011,0.005,-0.027,25.457
72722,-0.019,-0.292,10.174,-0.011,0.004,-0.027,25.457
72732,0.010,-0.301,10.165,-0.011,0.005,-0.026,25.484
72742,-0.019,-0.301,10.160,-0.011,0.005,-0.027,25.484
72752,-0.019,-0.292,10.165,-0.010,0.005,-0.027,25.477
72762,-0.024,-0.282,10.146,-0.010,0.006,-0.027,25.477
72772,-0.024,-0.292,10.169,-0.010,0.005,-0.027,25.461
72782,-0.019,-0.306,10.155,-0.010,0.006,-0.027,25.461
72792,-0.033,-0.301,10.146,-0.011,0.006,-0.027,25.434
72802,-0.010,-0.282,10.184,-0.011,0.005,-0.027,25.434
72812,0.000,-0.282,10.150,-0.011,0.005,-0.026,25.449
72822,-0.019,-0.282,10.160,-0.011,0.005,-0.026,25.449
72832,-0.019,-0.258,10.165,-0.011,0.004,-0.027,25.445
72842,-0.010,-0.297,10.150,-0.011,0.005,-0.027,25.445
72852,-0.014,-0.297,10.150,-0.011,0.004,-0.027,25.457
72862,-0.033,-0.292,10.165,-0.010,0.004,-0.027,25.457
72872,-0.053,-0.282,10.141,-0.011,0.004,-0.027,25.441
72882,-0.024,-0.292,10.150,-0.011,0.004,-0.027,25.441
72892,-0.010,-0.297,10.155,-0.011,0.005,-0.027,25.426
72902,-0.014,-0.282,10.141,-0.011,0.005,-0.027,25.426
72912,-0.029,-0.273,10.150,-0.010,0.004,-0.027,25.438
72922,-0.019,-0.297,10.155,-0.011,0.004,-0.026,25.438
72932,-0.014,-0.292,10.155,-0.011,0.005,-0.026,25.453
72942,-0.029,-0.278,10.146,-0.011,0.005,-0.027,25.453
72952,-0.005,-0.321,10.155,-0.010,0.005,-0.026,25.449
72962,-0.005,-0.297,10.169,-0.010,0.005,-0.027,25.449
72972,-0.038,-0.282,10.155,-0.010,0.005,-0.027,25.449
72982,-0.033,-0.282,10.174,-0.011,0.005,-0.027,25.449
72992,-0.029,-0.278,10.150,-0.010,0.005,-0.027,25.430
73002,-0.053,-0.306,10.150,-0.011,0.005,-0.027,25.430
73012,-0.010,-0.287,10.155,-0.011,0.005,-0.026,25.461
73022,-0.019,-0.311,10.155,-0.010,0.005,-0.027,25.461
73032,-0.024,-0.297,10.150,-0.011,0.005,-0.026,25.492
73042,-0.038,-0.297,10.155,-0.011,0.005,-0.027,25.492
73052,-0.029,-0.306,10.146,-0.011,0.005,-0.027,25.441
73062,-0.010,-0.292,10.146,-0.011,0.005,-0.027,25.441
73072,-0.024,-0.311,10.155,-0.011,0.005,-0.027,25.453
73082,-0.019,-0.292,10.141,-0.011,0.004,-0.027,25.453
73092,-0.038,-0.287,10.150,-0.011,0.005,-0.027,25.445
73102,-0.024,-0.287,10.155,-0.011,0.005,-0.027,25.445
73112,-0.010,-0.287,10.160,-0.010,0.006,-0.027,25.457
73122,-0.005,-0.297,10.155,-0.011,0.005,-0.026,25.457
73132,-0.019,-0.297,10.165,-0.011,0.004,-0.026,25.438
73142,-0.038,-0.297,10.126,-0.011,0.005,-0.027,25.438
73152,-0.005,-0.306,10.184,-0.011,0.005,-0.027,25.461
73162,0.000,-0.301,10.150,-0.010,0.005,-0.027,25.461
73172,-0.019,-0.297,10.160,-0.011,0.006,-0.027,25.445
73182,-0.029,-0.268,10.141,-0.011,0.005,-0.026,25.445
73192,-0.067,-0.287,10.165,-0.012,0.006,-0.027,25.496
73202,-0.029,-0.292,10.131,-0.011,0.006,-0.026,25.496
73212,-0.010,-0.282,10.160,-0.010,0.004,-0.027,25.469
73222,0.005,-0.297,10.150,-0.010,0.004,-0.027,25.469
73232,-0.029,-0.278,10.150,-0.010,0.005,-0.026,25.477
73242,-0.038,-0.292,10.169,-0.011,0.006,-0.026,25.477
73252,-0.019,-0.287,10.174,-0.011,0.005,-0.026,25.480
73262,-0.029,-0.282,10.174,-0.011,0.004,-0.027,25.480
73272,-0.029,-0.287,10.155,-0.011,0.005,-0.027,25.441
73282,0.014,-0.292,10.155,-0.011,0.005,-0.026,25.441
73292,-0.014,-0.297,10.165,-0.011,0.005,-0.028,25.465
73302,-0.038,-0.287,10.150,-0.010,0.005,-0.027,25.465
73312,-0.014,-0.278,10.174,-0.011,0.005,-0.027,25.461
73322,-0.019,-0.292,10.169,-0.010,0.005,-0.026,25.461
73332,0.000,-0.282,10.184,-0.010,0.005,-0.027,25.469
73342,-0.029,-0.292,10.155,-0.011,0.005,-0.026,25.469
73352,-0.024,-0.278,10.165,-0.011,0.005,-0.026,25.469
73362,-0.005,-0.282,10.160,-0.011,0.005,-0.027,25.469
73372,-0.024,-0.278,10.150,-0.011,0.005,-0.027,25.441
73382,-0.024,-0.287,10.146,-0.011,0.005,-0.026,25.441
73392,-0.019,-0.287,10.141,-0.011,0.005,-0.027,25.441
73402,-0.024,-0.287,10.179,-0.011,0.005,-0.028,25.441
73412,-0.024,-0.287,10.165,-0.011,0.005,-0.027,25.480
73422,-0.019,-0.282,10.169,-0.010,0.005,-0.026,25.480
73432,-0.019,-0.306,10.160,-0.011,0.005,-0.027,25.500
73442,-0.005,-0.311,10.184,-0.011,0.004,-0.027,25.500
73452,-0.014,-0.273,10.160,-0.010,0.005,-0.027,25.484
73462,-0.033,-0.268,10.146,-0.010,0.005,-0.027,25.484
73472,-0.029,-0.297,10.174,-0.011,0.005,-0.026,25.457
73482,-0.024,-0.282,10.165,-0.010,0.005,-0.026,25.457
73492,-0.053,-0.311,10.150,-0.010,0.005,-0.027,25.453
73502,-0.043,-0.301,10.150,-0.010,0.004,-0.027,25.453
73512,-0.005,-0.278,10.169,-0.011,0.006,-0.027,25.469
73522,-0.029,-0.297,10.174,-0.010,0.004,-0.026,25.469
73532,-0.033,-0.278,10.160,-0.010,0.005,-0.027,25.449
73542,-0.019,-0.292,10.169,-0.010,0.005,-0.026,25.449
73552,-0.019,-0.278,10.174,-0.010,0.005,-0.027,25.469
73562,-0.038,-0.292,10.155,-0.011,0.005,-0.027,25.469
73572,-0.024,-0.306,10.169,-0.010,0.005,-0.027,25.434
73582,-0.014,-0.292,10.174,-0.011,0.005,-0.027,25.434
73592,-0.014,-0.292,10.150,-0.011,0.005,-0.027,25.449
73602,-0.024,-0.287,10.146,-0.011,0.005,-0.027,25.449
73612,-0.019,-0.297,10.155,-0.010,0.005,-0.027,25.422
73622,0.005,-0.301,10.160,-0.011,0.005,-0.027,25.422
73632,-0.010,-0.287,10.160,-0.011,0.005,-0.027,25.480
73642,-0.029,-0.282,10.155,-0.011,0.005,-0.027,25.480
73662,-0.014,-0.287,10.141,-0.011,0.004,-0.027,25.484
73672,-0.033,-0.297,10.155,-0.011,0.004,-0.027,25.484
73682,-0.014,-0.287,10.150,-0.011,0.005,-0.027,25.473
73692,-0.005,-0.297,10.155,-0.011,0.005,-0.027,25.473
73702,0.000,-0.273,10.155,-0.010,0.005,-0.027,25.461
73712,-0.005,-0.278,10.165,-0.011,0.005,-0.027,25.461
73722,-0.029,-0.273,10.174,-0.011,0.005,-0.027,25.461
73732,-0.029,-0.287,10.165,-0.010,0.005,-0.027,25.461
73742,-0.024,-0.306,10.155,-0.011,0.006,-0.027,25.453
73752,-0.005,-0.292,10.169,-0.010,0.005,-0.027,25.453
73762,-0.014,-0.268,10.165,-0.010,0.005,-0.027,25.461
73772,-0.024,-0.292,10.155,-0.010,0.005,-0.027,25.461
73782,-0.033,-0.282,10.160,-0.011,0.005,-0.027,25.449
73792,-0.024,-0.287,10.155,-0.010,0.005,-0.027,25.449
73802,-0.029,-0.268,10.165,-0.010,0.005,-0.027,25.465
73812,-0.029,-0.287,10.150,-0.011,0.005,-0.026,25.465
73822,-0.038,-0.301,10.174,-0.011,0.006,-0.027,25.484
73832,-0.010,-0.297,10.165,-0.010,0.004,-0.027,25.484
73842,-0.024,-0.268,10.169,-0.011,0.005,-0.026,25.453
73852,-0.029,-0.287,10.141,-0.011,0.005,-0.027,25.453
73862,-0.014,-0.306,10.150,-0.011,0.005,-0.027,25.441
73872,-0.029,-0.297,10.146,-0.011,0.005,-0.028,25.441
73882,-0.024,-0.297,10.150,-0.011,0.005,-0.027,25.430
73892,-0.014,-0.278,10.141,-0.011,0.005,-0.027,25.430
73902,-0.005,-0.287,10.160,-0.011,0.006,-0.026,25.484
73912,-0.024,-0.292,10.169,-0.011,0.006,-0.027,25.484
73922,-0.033,-0.287,10.146,-0.011,0.005,-0.027,25.477
73932,-0.043,-0.292,10.160,-0.011,0.005,-0.027,25.477
73942,-0.010,-0.316,10.160,-0.010,0.005,-0.026,25.477
73952,-0.010,-0.282,10.155,-0.011,0.005,-0.026,25.477
73962,-0.014,-0.282,10.150,-0.010,0.005,-0.026,25.496
73972,0.005,-0.311,10.155,-0.011,0.005,-0.026,25.496
73982,0.005,-0.292,10.165,-0.010,0.006,-0.027,25.461
73992,-0.024,-0.306,10.165,-0.010,0.005,-0.027,25.461
74002,-0.010,-0.301,10.141,-0.010,0.005,-0.027,25.477
74012,-0.029,-0.316,10.160,-0.011,0.005,-0.027,25.477
74022,-0.005,-0.268,10.169,-0.011,0.005,-0.026,25.508
74032,-0.019,-0.278,10.160,-0.011,0.005,-0.026,25.508
74042,-0.014,-0.282,10.150,-0.011,0.005,-0.026,25.457
74052,-0.029,-0.287,10.160,-0.011,0.005,-0.027,25.457
74062,-0.048,-0.292,10.169,-0.011,0.004,-0.027,25.438
74072,-0.033,-0.287,10.150,-0.011,0.004,-0.026,25.438
74082,-0.038,-0.297,10.146,-0.011,0.005,-0.026,25.508
74092,-0.010,-0.292,10.169,-0.011,0.005,-0.027,25.508
74102,-0.019,-0.278,10.155,-0.011,0.006,-0.027,25.449
74112,-0.019,-0.301,10.165,-0.012,0.005,-0.026,25.449
74122,-0.019,-0.306,10.179,-0.011,0.005,-0.027,25.465
74132,-0.038,-0.292,10.165,-0.011,0.005,-0.027,25.465
74142,-0.024,-0.273,10.160,-0.011,0.005,-0.027,25.449
74152,-0.014,-0.278,10.150,-0.011,0.005,-0.027,25.449
74162,-0.019,-0.287,10.165,-0.011,0.004,-0.027,25.473
74172,-0.048,-0.297,10.160,-0.011,0.005,-0.027,25.473
74182,-0.019,-0.297,10.160,-0.011,0.005,-0.026,25.469
74192,-0.010,-0.292,10.179,-0.011,0.005,-0.027,25.469
74202,-0.024,-0.287,10.169,-0.011,0.005,-0.027,25.508
74212,-0.043,-0.301,10.160,-0.011,0.005,-0.027,25.508
74222,-0.029,-0.301,10.165,-0.011,0.005,-0.027,25.465
74232,-0.014,-0.287,10.160,-0.011,0.005,-0.028,25.465
74242,0.000,-0.292,10.150,-0.011,0.004,-0.026,25.484
74252,-0.024,-0.292,10.169,-0.010,0.005,-0.027,25.484
74262,-0.024,-0.287,10.146,-0.011,0.005,-0.028,25.457
74272,-0.029,-0.297,10.179,-0.011,0.005,-0.027,25.457
74282,-0.010,-0.287,10.165,-0.011,0.005,-0.027,25.484
74292,-0.019,-0.287,10.150,-0.011,0.005,-0.027,25.484
74302,-0.033,-0.292,10.160,-0.011,0.005,-0.027,25.492
74312,-0.010,-0.316,10.155,-0.012,0.005,-0.026,25.492
74322,-0.024,-0.306,10.169,-0.011,0.006,-0.027,25.480
74332,0.005,-0.292,10.160,-0.011,0.005,-0.027,25.480
74342,-0.024,-0.301,10.150,-0.010,0.005,-0.027,25.484
74352,-0.024,-0.292,10.174,-0.010,0.004,-0.027,25.484
74362,-0.029,-0.301,10.136,-0.010,0.005,-0.027,25.484
74372,-0.038,-0.297,10.146,-0.011,0.005,-0.026,25.484
74382,-0.019,-0.292,10.150,-0.011,0.005,-0.026,25.504
74392,-0.010,-0.297,10.179,-0.010,0.005,-0.027,25.504
74402,-0.033,-0.292,10.169,-0.011,0.005,-0.026,25.445
74412,-0.033,-0.287,10.155,-0.011,0.005,-0.027,25.445
74422,-0.005,-0.292,10.160,-0.010,0.005,-0.027,25.469
74432,-0.024,-0.282,10.169,-0.011,0.006,-0.026,25.469
74442,-0.014,-0.297,10.169,-0.012,0.005,-0.026,25.461
74452,-0.024,-0.301,10.141,-0.010,0.004,-0.027,25.461
74462,-0.019,-0.301,10.155,-0.010,0.005,-0.027,25.484
74472,-0.024,-0.278,10.165,-0.010,0.005,-0.027,25.484
74482,-0.024,-0.287,10.174,-0.010,0.005,-0.027,25.496
74492,-0.019,-0.292,10.160,-0.011,0.005,-0.026,25.496
74502,-0.033,-0.301,10.169,-0.010,0.005,-0.027,25.488
74512,-0.014,-0.287,10.155,-0.011,0.005,-0.027,25.488
74522,-0.019,-0.287,10.160,-0.011,0.004,-0.027,25.465
74532,-0.024,-0.273,10.165,-0.011,0.004,-0.027,25.465
74542,0.005,-0.306,10.160,-0.011,0.005,-0.027,25.496
74552,-0.024,-0.287,10.165,-0.010,0.005,-0.026,25.496
74562,-0.033,-0.306,10.179,-0.010,0.005,-0.026,25.504
74572,-0.010,-0.297,10.150,-0.011,0.005,-0.026,25.504
74582,-0.029,-0.306,10.174,-0.011,0.004,-0.027,25.500
74592,-0.019,-0.287,10.165,-0.010,0.005,-0.027,25.500
74602,-0.029,-0.287,10.155,-0.011,0.005,-0.027,25.492
74612,-0.033,-0.278,10.160,-0.010,0.005,-0.027,25.492
74622,-0.019,-0.306,10.160,-0.011,0.005,-0.027,25.484
74632,-0.024,-0.301,10.169,-0.011,0.005,-0.027,25.484
74642,-0.010,-0.311,10.160,-0.011,0.005,-0.027,25.473
74652,-0.024,-0.278,10.169,-0.010,0.005,-0.027,25.473
74662,-0.019,-0.282,10.174,-0.011,0.006,-0.027,25.500
74672,-0.024,-0.292,10.150,-0.011,0.005,-0.027,25.500
74682,-0.029,-0.301,10.160,-0.011,0.005,-0.027,25.484
74692,-0.029,-0.292,10.160,-0.011,0.005,-0.027,25.484
74702,-0.019,-0.297,10.179,-0.010,0.005,-0.027,25.473
74712,-0.014,-0.306,10.160,-0.010,0.005,-0.026,25.473
74722,-0.029,-0.278,10.150,-0.011,0.005,-0.027,25.453
74732,-0.024,-0.278,10.179,-0.011,0.005,-0.026,25.453
74742,-0.014,-0.292,10.169,-0.011,0.004,-0.026,25.477
74752,-0.010,-0.301,10.165,-0.011,0.005,-0.027,25.477
74762,-0.010,-0.287,10.165,-0.010,0.004,-0.026,25.473
74772,-0.029,-0.287,10.160,-0.011,0.005,-0.026,25.473
74782,-0.029,-0.292,10.169,-0.010,0.005,-0.027,25.473
74792,-0.024,-0.301,10.146,-0.010,0.004,-0.027,25.473
74802,-0.024,-0.287,10.165,-0.010,0.005,-0.026,25.492
74812,0.000,-0.282,10.165,-0.011,0.005,-0.027,25.492
74822,-0.024,-0.292,10.174,-0.012,0.006,-0.027,25.523
74842,-0.010,-0.282,10.160,-0.010,0.005,-0.027,25.480
74852,-0.014,-0.301,10.155,-0.012,0.005,-0.026,25.504
74862,0.005,-0.297,10.169,-0.011,0.005,-0.027,25.504
74872,-0.014,-0.282,10.179,-0.011,0.005,-0.026,25.469
74882,-0.024,-0.292,10.155,-0.011,0.005,-0.027,25.469
74892,-0.014,-0.311,10.165,-0.011,0.005,-0.026,25.445
74902,-0.014,-0.301,10.155,-0.011,0.006,-0.026,25.445
74912,-0.033,-0.282,10.155,-0.011,0.005,-0.027,25.477
74922,-0.033,-0.278,10.160,-0.011,0.004,-0.026,25.477
74932,-0.005,-0.297,10.169,-0.011,0.005,-0.026,25.496
74942,0.010,-0.282,10.179,-0.010,0.005,-0.027,25.496
74952,-0.024,-0.268,10.165,-0.012,0.005,-0.027,25.504
74962,-0.014,-0.278,10.179,-0.012,0.005,-0.027,25.504
74972,-0.014,-0.306,10.160,-0.011,0.005,-0.026,25.492
74982,-0.014,-0.297,10.160,-0.011,0.005,-0.027,25.492
74992,-0.010,-0.273,10.179,-0.011,0.005,-0.027,25.469
75002,-0.024,-0.287,10.165,-0.010,0.005,-0.027,25.469
75012,0.019,-0.278,10.146,-0.010,0.005,-0.027,25.457
75022,-0.033,-0.278,10.141,-0.011,0.005,-0.027,25.457
75032,-0.024,-0.278,10.160,-0.011,0.005,-0.026,25.477
75042,-0.033,-0.287,10.169,-0.010,0.005,-0.026,25.477
75052,-0.024,-0.292,10.160,-0.010,0.005,-0.026,25.484
75062,-0.033,-0.292,10.160,-0.011,0.005,-0.027,25.484
75072,-0.010,-0.292,10.155,-0.010,0.005,-0.027,25.512
75082,-0.014,-0.287,10.150,-0.011,0.005,-0.026,25.512
75092,-0.014,-0.287,10.174,-0.011,0.005,-0.026,25.473
75102,-0.024,-0.297,10.169,-0.010,0.005,-0.027,25.473
75112,-0.024,-0.282,10.174,-0.011,0.005,-0.027,25.441
75122,-0.014,-0.287,10.169,-0.011,0.005,-0.027,25.441
75132,-0.029,-0.268,10.150,-0.011,0.005,-0.027,25.484
75142,-0.024,-0.287,10.165,-0.011,0.005,-0.027,25.484
75152,-0.024,-0.292,10.169,-0.011,0.006,-0.027,25.484
75162,-0.033,-0.301,10.174,-0.010,0.005,-0.027,25.484
75172,-0.029,-0.292,10.160,-0.010,0.005,-0.027,25.480
75182,-0.014,-0.297,10.155,-0.010,0.005,-0.027,25.480
75192,-0.024,-0.287,10.150,-0.010,0.005,-0.026,25.449
75202,-0.014,-0.278,10.184,-0.010,0.005,-0.026,25.449
75212,0.005,-0.282,10.155,-0.011,0.005,-0.026,25.512
75222,-0.024,-0.297,10.141,-0.011,0.005,-0.027,25.512
75232,-0.005,-0.306,10.169,-0.011,0.005,-0.027,25.461
75242,-0.014,-0.297,10.179,-0.010,0.005,-0.027,25.461
75252,-0.033,-0.282,10.146,-0.011,0.005,-0.026,25.461
75262,-0.010,-0.287,10.150,-0.011,0.005,-0.027,25.461
75272,-0.005,-0.292,10.169,-0.010,0.005,-0.026,25.453
75282,-0.033,-0.287,10.150,-0.011,0.005,-0.027,25.453
75292,-0.010,-0.297,10.155,-0.011,0.005,-0.027,25.477
75302,-0.029,-0.297,10.155,-0.010,0.005,-0.027,25.477
75312,-0.024,-0.282,10.169,-0.011,0.005,-0.026,25.484
75322,-0.019,-0.311,10.165,-0.011,0.005,-0.026,25.484
75332,-0.014,-0.292,10.169,-0.011,0.004,-0.027,25.484
75342,0.005,-0.306,10.160,-0.011,0.005,-0.026,25.484
75352,-0.029,-0.297,10.160,-0.012,0.006,-0.027,25.457
75362,0.000,-0.297,10.155,-0.011,0.005,-0.027,25.457
75372,-0.033,-0.297,10.146,-0.011,0.005,-0.027,25.445
75382,-0.029,-0.297,10.160,-0.011,0.005,-0.027,25.445
75392,-0.014,-0.292,10.160,-0.011,0.004,-0.027,25.488
75402,-0.014,-0.292,10.179,-0.011,0.004,-0.026,25.488
75412,-0.005,-0.292,10.141,-0.010,0.005,-0.026,25.426
75422,-0.043,-0.268,10.160,-0.011,0.005,-0.027,25.426
75432,-0.019,-0.297,10.160,-0.011,0.005,-0.026,25.480
75442,-0.005,-0.297,10.136,-0.010,0.005,-0.027,25.480
75452,-0.029,-0.292,10.141,-0.010,0.004,-0.026,25.445
75462,-0.029,-0.292,10.160,-0.010,0.005,-0.026,25.445
75472,-0.010,-0.292,10.165,-0.011,0.005,-0.026,25.441
75482,-0.019,-0.297,10.179,-0.011,0.005,-0.026,25.441
75492,-0.005,-0.297,10.150,-0.010,0.004,-0.026,25.449
75502,-0.038,-0.297,10.165,-0.010,0.005,-0.027,25.449
75512,-0.024,-0.282,10.179,-0.011,0.005,-0.027,25.477
75522,-0.048,-0.282,10.146,-0.011,0.005,-0.027,25.477
75532,0.000,-0.301,10.165,-0.011,0.005,-0.027,25.484
75542,-0.024,-0.278,10.131,-0.011,0.006,-0.027,25.484
75552,-0.014,-0.297,10.150,-0.011,0.005,-0.027,25.508
75562,-0.033,-0.316,10.150,-0.011,0.005,-0.027,25.508
75572,-0.033,-0.301,10.155,-0.011,0.005,-0.027,25.488
75582,-0.005,-0.311,10.136,-0.011,0.005,-0.027,25.488
75592,-0.019,-0.292,10.169,-0.011,0.005,-0.026,25.484
75602,-0.019,-0.282,10.146,-0.011,0.004,-0.026,25.484
75612,-0.019,-0.273,10.150,-0.011,0.005,-0.028,25.477
75622,-0.029,-0.301,10.165,-0.012,0.005,-0.027,25.477
75632,-0.038,-0.306,10.155,-0.011,0.004,-0.027,25.500
75642,-0.038,-0.301,10.155,-0.011,0.005,-0.027,25.500
75652,-0.043,-0.278,10.165,-0.011,0.005,-0.027,25.484
75662,-0.038,-0.273,10.155,-0.011,0.005,-0.027,25.484
75672,-0.019,-0.273,10.150,-0.010,0.005,-0.027,25.488
75682,-0.010,-0.278,10.165,-0.010,0.004,-0.027,25.488
75692,-0.019,-0.297,10.146,-0.011,0.005,-0.027,25.488
75702,-0.029,-0.301,10.174,-0.011,0.005,-0.027,25.488
75712,-0.029,-0.311,10.150,-0.011,0.005,-0.027,25.480
75722,-0.014,-0.268,10.160,-0.011,0.005,-0.027,25.480
75732,-0.019,-0.292,10.165,-0.011,0.005,-0.026,25.496
75742,-0.014,-0.278,10.174,-0.011,0.005,-0.026,25.496
75752,-0.019,-0.287,10.169,-0.011,0.005,-0.027,25.496
75762,-0.010,-0.316,10.179,-0.011,0.005,-0.027,25.496
75772,-0.010,-0.292,10.155,-0.011,0.005,-0.026,25.480
75782,-0.024,-0.301,10.122,-0.011,0.005,-0.026,25.480
75792,-0.024,-0.301,10.150,-0.011,0.005,-0.027,25.512
75802,-0.029,-0.278,10.169,-0.011,0.005,-0.027,25.512
75812,-0.029,-0.287,10.150,-0.011,0.004,-0.026,25.477
75822,-0.024,-0.278,10.179,-0.011,0.004,-0.027,25.477
75832,-0.010,-0.287,10.160,-0.010,0.005,-0.027,25.480
75842,-0.014,-0.278,10.155,-0.011,0.005,-0.027,25.480
75852,-0.005,-0.301,10.150,-0.011,0.005,-0.026,25.496
75862,-0.010,-0.282,10.146,-0.012,0.004,-0.026,25.496
75872,-0.014,-0.311,10.155,-0.011,0.004,-0.027,25.461
75882,-0.029,-0.282,10.155,-0.010,0.005,-0.026,25.461
75892,-0.019,-0.287,10.174,-0.011,0.005,-0.026,25.461
75902,-0.033,-0.306,10.155,-0.011,0.005,-0.027,25.461
75912,-0.010,-0.287,10.165,-0.010,0.005,-0.027,25.508
75922,0.014,-0.292,10.146,-0.011,0.004,-0.027,25.508
75932,-0.019,-0.278,10.155,-0.011,0.005,-0.026,25.477
75942,-0.014,-0.278,10.155,-0.011,0.005,-0.027,25.477
75952,-0.033,-0.278,10.165,-0.011,0.005,-0.027,25.445
75962,-0.019,-0.297,10.160,-0.011,0.005,-0.027,25.445
75972,-0.033,-0.311,10.150,-0.011,0.005,-0.027,25.457
75982,-0.005,-0.287,10.155,-0.011,0.005,-0.027,25.457
75992,-0.024,-0.282,10.136,-0.011,0.005,-0.026,25.488
76002,-0.014,-0.282,10.160,-0.011,0.005,-0.027,25.477
76022,-0.033,-0.297,10.165,-0.010,0.005,-0.027,25.438
76032,-0.010,-0.297,10.146,-0.011,0.005,-0.027,25.438
76042,-0.024,-0.282,10.155,-0.011,0.005,-0.026,25.465
76052,-0.019,-0.273,10.150,-0.010,0.005,-0.027,25.465
76062,-0.024,-0.292,10.141,-0.011,0.005,-0.027,25.477
76072,-0.005,-0.278,10.155,-0.011,0.005,-0.026,25.477
76082,-0.029,-0.287,10.141,-0.011,0.005,-0.027,25.484
76092,-0.014,-0.287,10.169,-0.011,0.005,-0.027,25.484
76102,-0.029,-0.316,10.165,-0.011,0.005,-0.027,25.480
76112,-0.024,-0.282,10.150,-0.010,0.005,-0.027,25.480
76122,-0.029,-0.306,10.155,-0.011,0.005,-0.027,25.453
76132,-0.024,-0.301,10.165,-0.011,0.006,-0.027,25.453
76142,-0.019,-0.292,10.146,-0.011,0.005,-0.027,25.473
76152,-0.024,-0.287,10.179,-0.010,0.004,-0.027,25.473
76162,-0.048,-0.273,10.155,-0.011,0.005,-0.027,25.523
76172,-0.038,-0.301,10.155,-0.011,0.005,-0.027,25.523
76182,-0.038,-0.278,10.155,-0.011,0.005,-0.027,25.473
76192,-0.029,-0.297,10.160,-0.011,0.005,-0.027,25.473
76202,-0.024,-0.273,10.165,-0.011,0.005,-0.027,25.461
76212,-0.010,-0.278,10.150,-0.011,0.005,-0.027,25.461
76222,0.000,-0.282,10.179,-0.011,0.005,-0.027,25.461
76232,-0.019,-0.292,10.155,-0.011,0.005,-0.027,25.461
76242,-0.043,-0.301,10.146,-0.010,0.005,-0.026,25.465
76252,-0.019,-0.292,10.155,-0.010,0.004,-0.026,25.465
76262,-0.024,-0.292,10.150,-0.010,0.005,-0.027,25.477
76272,-0.014,-0.292,10.165,-0.010,0.004,-0.026,25.477
76282,-0.010,-0.268,10.146,-0.011,0.005,-0.027,25.512
76292,-0.010,-0.301,10.165,-0.011,0.005,-0.027,25.512
76302,-0.005,-0.301,10.179,-0.011,0.005,-0.026,25.484
76312,-0.029,-0.292,10.136,-0.011,0.005,-0.027,25.484
76322,-0.010,-0.301,10.150,-0.011,0.005,-0.027,25.484
76332,-0.014,-0.297,10.174,-0.010,0.005,-0.027,25.484
76342,-0.029,-0.287,10.174,-0.011,0.005,-0.027,25.473
76352,-0.019,-0.306,10.146,-0.011,0.005,-0.027,25.473
76362,-0.038,-0.306,10.150,-0.011,0.005,-0.027,25.488
76372,-0.038,-0.282,10.165,-0.011,0.006,-0.027,25.488
76382,-0.024,-0.301,10.165,-0.011,0.005,-0.027,25.504
76392,-0.038,-0.321,10.160,-0.011,0.005,-0.026,25.504
76402,-0.005,-0.306,10.179,-0.010,0.005,-0.026,25.484
76412,-0.019,-0.301,10.174,-0.011,0.005,-0.026,25.484
76422,-0.029,-0.316,10.165,-0.010,0.005,-0.027,25.504
76432,-0.019,-0.306,10.174,-0.011,0.005,-0.027,25.504
76442,-0.038,-0.297,10.155,-0.011,0.005,-0.027,25.504
76452,-0.033,-0.306,10.174,-0.012,0.004,-0.027,25.504
76462,-0.010,-0.278,10.165,-0.011,0.005,-0.027,25.523
76472,-0.029,-0.311,10.165,-0.011,0.005,-0.027,25.523
76482,-0.024,-0.301,10.184,-0.011,0.005,-0.026,25.496
76492,-0.033,-0.301,10.165,-0.011,0.006,-0.026,25.496
76502,-0.038,-0.311,10.184,-0.010,0.005,-0.027,25.504
76512,-0.043,-0.306,10.160,-0.011,0.005,-0.027,25.504
76522,0.000,-0.301,10.150,-0.011,0.005,-0.027,25.508
76532,-0.005,-0.287,10.198,-0.010,0.005,-0.026,25.508
76542,-0.024,-0.292,10.169,-0.011,0.005,-0.027,25.477
76552,-0.038,-0.306,10.169,-0.011,0.005,-0.027,25.477
76562,-0.029,-0.297,10.193,-0.011,0.005,-0.027,25.527
76572,-0.024,-0.287,10.169,-0.011,0.006,-0.027,25.527
76582,-0.014,-0.321,10.169,-0.011,0.005,-0.026,25.508
76592,-0.029,-0.306,10.193,-0.011,0.006,-0.027,25.508
76602,-0.033,-0.273,10.160,-0.011,0.005,-0.027,25.500
76612,-0.038,-0.306,10.165,-0.011,0.006,-0.027,25.500
76622,-0.043,-0.311,10.184,-0.011,0.006,-0.027,25.531
76632,-0.010,-0.325,10.189,-0.012,0.005,-0.027,25.531
76642,-0.038,-0.306,10.169,-0.011,0.006,-0.026,25.535
76652,-0.033,-0.292,10.184,-0.011,0.005,-0.027,25.535
76662,-0.029,-0.297,10.179,-0.011,0.005,-0.027,25.543
76672,-0.019,-0.301,10.150,-0.011,0.005,-0.027,25.543
76682,-0.010,-0.297,10.193,-0.011,0.005,-0.027,25.535
76692,-0.024,-0.306,10.179,-0.011,0.005,-0.027,25.535
76702,-0.029,-0.306,10.165,-0.012,0.005,-0.026,25.508
76712,-0.033,-0.301,10.174,-0.010,0.005,-0.026,25.508
76722,-0.019,-0.301,10.179,-0.011,0.005,-0.026,25.523
76732,0.014,-0.282,10.146,-0.011,0.005,-0.027,25.523
76742,-0.019,-0.278,10.160,-0.010,0.006,-0.027,25.535
76752,-0.019,-0.311,10.193,-0.011,0.005,-0.027,25.535
76762,-0.048,-0.306,10.160,-0.011,0.005,-0.027,25.512
76772,-0.029,-0.306,10.174,-0.011,0.005,-0.027,25.512
76782,-0.005,-0.321,10.174,-0.011,0.005,-0.027,25.563
76792,-0.038,-0.311,10.146,-0.011,0.005,-0.026,25.563
76802,-0.029,-0.292,10.189,-0.011,0.005,-0.027,25.508
76812,-0.033,-0.301,10.198,-0.011,0.005,-0.027,25.508
76822,-0.019,-0.306,10.160,-0.011,0.005,-0.026,25.500
76832,-0.019,-0.292,10.184,-0.011,0.006,-0.027,25.500
76842,-0.033,-0.321,10.160,-0.011,0.006,-0.027,25.566
76852,-0.029,-0.297,10.160,-0.011,0.005,-0.026,25.566
76862,-0.019,-0.292,10.150,-0.011,0.004,-0.026,25.535
76872,0.010,-0.301,10.174,-0.012,0.005,-0.027,25.535
76882,-0.019,-0.301,10.174,-0.012,0.005,-0.027,25.520
76892,-0.019,-0.301,10.179,-0.011,0.005,-0.027,25.520
76902,-0.024,-0.306,10.160,-0.011,0.006,-0.026,25.500
76912,-0.038,-0.301,10.174,-0.011,0.005,-0.026,25.500
76922,-0.019,-0.292,10.174,-0.012,0.005,-0.026,25.523
76932,-0.010,-0.297,10.165,-0.011,0.005,-0.026,25.523
76942,-0.019,-0.297,10.165,-0.011,0.005,-0.027,25.520
76952,-0.048,-0.297,10.155,-0.011,0.005,-0.027,25.520
76962,-0.033,-0.321,10.174,-0.012,0.005,-0.027,25.535
76972,-0.043,-0.297,10.174,-0.011,0.006,-0.027,25.535
76982,-0.033,-0.301,10.217,-0.012,0.005,-0.027,25.535
76992,-0.033,-0.301,10.165,-0.011,0.005,-0.027,25.535
77002,-0.038,-0.316,10.165,-0.011,0.005,-0.027,25.551
77012,-0.033,-0.311,10.179,-0.011,0.005,-0.027,25.551
77022,-0.019,-0.278,10.179,-0.011,0.005,-0.027,25.496
77032,-0.057,-0.301,10.169,-0.011,0.005,-0.026,25.496
77042,-0.048,-0.325,10.160,-0.011,0.005,-0.027,25.523
77052,0.000,-0.321,10.174,-0.011,0.005,-0.027,25.523
77062,-0.038,-0.306,10.169,-0.011,0.005,-0.027,25.512
77072,-0.014,-0.292,10.174,-0.011,0.005,-0.027,25.512
77082,-0.019,-0.311,10.174,-0.011,0.005,-0.027,25.551
77092,-0.038,-0.306,10.155,-0.011,0.005,-0.027,25.551
77102,-0.033,-0.301,10.169,-0.011,0.005,-0.027,25.508
77112,-0.014,-0.301,10.179,-0.011,0.006,-0.027,25.508
77122,-0.038,-0.306,10.169,-0.011,0.005,-0.026,25.531
77132,-0.024,-0.311,10.165,-0.012,0.005,-0.027,25.531
77142,-0.029,-0.297,10.165,-0.011,0.005,-0.027,25.535
77152,-0.014,-0.297,10.184,-0.011,0.005,-0.026,25.535
77162,-0.029,-0.297,10.189,-0.011,0.005,-0.026,25.520
77172,-0.038,-0.292,10.165,-0.011,0.005,-0.027,25.520
77182,-0.029,-0.292,10.179,-0.011,0.005,-0.027,25.539
77192,-0.019,-0.306,10.189,-0.012,0.005,-0.027,25.539
77212,-0.024,-0.306,10.165,-0.011,0.005,-0.026,25.520
77222,-0.057,-0.306,10.165,-0.012,0.005,-0.026,25.520
77232,-0.043,-0.282,10.198,-0.012,0.005,-0.026,25.504
77242,-0.024,-0.301,10.179,-0.011,0.005,-0.026,25.504
77252,-0.043,-0.292,10.184,-0.011,0.005,-0.027,25.531
77262,-0.014,-0.297,10.169,-0.011,0.005,-0.027,25.531
77272,-0.024,-0.301,10.184,-0.010,0.006,-0.027,25.496
77282,-0.038,-0.292,10.184,-0.010,0.006,-0.027,25.496
77292,-0.038,-0.306,10.160,-0.011,0.005,-0.027,25.570
77302,-0.048,-0.282,10.203,-0.011,0.005,-0.027,25.570
77312,-0.024,-0.282,10.165,-0.010,0.005,-0.026,25.555
77322,-0.053,-0.292,10.155,-0.011,0.005,-0.027,25.555
77332,-0.005,-0.278,10.174,-0.011,0.005,-0.026,25.547
77342,-0.024,-0.287,10.189,-0.011,0.005,-0.026,25.547
77352,-0.024,-0.306,10.189,-0.012,0.006,-0.026,25.516
77362,-0.033,-0.297,10.189,-0.011,0.005,-0.026,25.516
77372,-0.033,-0.292,10.174,-0.011,0.005,-0.026,25.559
77382,-0.010,-0.311,10.160,-0.011,0.005,-0.027,25.559
77392,-0.043,-0.297,10.184,-0.012,0.005,-0.026,25.512
77402,-0.038,-0.278,10.165,-0.012,0.006,-0.026,25.512
77412,-0.038,-0.316,10.174,-0.012,0.005,-0.027,25.543
77422,-0.033,-0.297,10.165,-0.011,0.005,-0.027,25.543
77432,-0.033,-0.297,10.184,-0.011,0.005,-0.027,25.527
77442,-0.024,-0.287,10.169,-0.011,0.006,-0.026,25.527
77452,-0.043,-0.292,10.174,-0.011,0.005,-0.026,25.539
77462,-0.033,-0.287,10.179,-0.010,0.005,-0.027,25.539
77472,-0.024,-0.297,10.179,-0.010,0.006,-0.027,25.535
77482,0.000,-0.301,10.184,-0.010,0.005,-0.027,25.535
77492,-0.048,-0.330,10.165,-0.011,0.005,-0.027,25.566
77502,-0.033,-0.321,10.160,-0.011,0.005,-0.027,25.566
77512,-0.029,-0.321,10.179,-0.011,0.005,-0.027,25.551
77522,-0.024,-0.297,10.179,-0.011,0.005,-0.027,25.551
77532,-0.033,-0.311,10.193,-0.011,0.005,-0.027,25.551
77542,-0.024,-0.297,10.174,-0.011,0.005,-0.026,25.551
77552,-0.029,-0.301,10.179,-0.011,0.006,-0.027,25.523
77562,-0.005,-0.321,10.184,-0.011,0.005,-0.026,25.523
77572,-0.048,-0.282,10.165,-0.011,0.005,-0.027,25.551
77582,-0.033,-0.311,10.174,-0.011,0.005,-0.027,25.551
77592,-0.033,-0.297,10.160,-0.012,0.005,-0.027,25.520
77602,-0.024,-0.297,10.189,-0.011,0.005,-0.027,25.520
77612,-0.024,-0.301,10.160,-0.011,0.006,-0.026,25.531
77622,-0.010,-0.316,10.165,-0.011,0.005,-0.026,25.531
77632,-0.053,-0.297,10.174,-0.012,0.006,-0.026,25.543
77642,-0.043,-0.306,10.174,-0.011,0.005,-0.027,25.543
77652,-0.033,-0.301,10.184,-0.011,0.005,-0.027,25.527
77662,-0.033,-0.297,10.169,-0.011,0.005,-0.027,25.527
77672,-0.029,-0.297,10.174,-0.010,0.005,-0.027,25.551
77682,-0.033,-0.301,10.179,-0.011,0.005,-0.026,25.551
77692,-0.053,-0.325,10.174,-0.011,0.005,-0.027,25.551
77702,-0.033,-0.297,10.165,-0.012,0.005,-0.027,25.551
77712,-0.019,-0.287,10.169,-0.011,0.005,-0.026,25.488
77722,-0.024,-0.282,10.174,-0.011,0.005,-0.026,25.488
77732,-0.024,-0.287,10.179,-0.011,0.004,-0.027,25.516
77742,-0.014,-0.297,10.179,-0.011,0.005,-0.026,25.516
77752,-0.043,-0.297,10.174,-0.011,0.005,-0.026,25.531
77762,-0.033,-0.301,10.179,-0.011,0.005,-0.027,25.531
77772,-0.024,-0.301,10.174,-0.011,0.005,-0.027,25.543
77782,-0.010,-0.316,10.184,-0.011,0.005,-0.027,25.543
77792,-0.024,-0.287,10.165,-0.011,0.005,-0.026,25.535
77802,-0.029,-0.273,10.165,-0.011,0.005,-0.027,25.535
77812,-0.024,-0.297,10.141,-0.012,0.005,-0.026,25.551
77822,-0.019,-0.330,10.174,-0.011,0.005,-0.027,25.551
77832,-0.053,-0.297,10.141,-0.011,0.004,-0.027,25.539
77842,-0.038,-0.311,10.169,-0.011,0.004,-0.026,25.539
77852,-0.053,-0.287,10.160,-0.011,0.005,-0.027,25.531
77862,-0.029,-0.282,10.169,-0.011,0.005,-0.027,25.531
77872,-0.029,-0.311,10.169,-0.011,0.005,-0.027,25.496
77882,-0.005,-0.306,10.165,-0.011,0.006,-0.027,25.496
77892,-0.024,-0.306,10.179,-0.011,0.005,-0.026,25.543
77902,-0.038,-0.306,10.160,-0.011,0.005,-0.027,25.543
77912,-0.024,-0.316,10.174,-0.010,0.005,-0.026,25.531
77922,-0.019,-0.297,10.184,-0.011,0.005,-0.027,25.531
77932,-0.010,-0.306,10.160,-0.011,0.005,-0.027,25.555
77942,-0.019,-0.278,10.160,-0.010,0.005,-0.027,25.555
77952,-0.033,-0.292,10.165,-0.011,0.005,-0.026,25.551
77962,-0.033,-0.301,10.160,-0.011,0.005,-0.026,25.551
77972,-0.019,-0.297,10.169,-0.011,0.004,-0.027,25.512
77982,-0.024,-0.292,10.150,-0.011,0.004,-0.027,25.512
77992,-0.014,-0.287,10.160,-0.011,0.005,-0.027,25.500
78002,-0.019,-0.306,10.160,-0.011,0.005,-0.027,25.500
78012,-0.024,-0.292,10.165,-0.010,0.005,-0.027,25.531
78022,-0.024,-0.282,10.160,-0.011,0.005,-0.027,25.531
78032,-0.019,-0.282,10.179,-0.010,0.005,-0.027,25.543
78042,-0.038,-0.282,10.160,-0.011,0.005,-0.026,25.543
78052,-0.019,-0.301,10.155,-0.011,0.005,-0.027,25.473
78062,-0.029,-0.292,10.174,-0.010,0.005,-0.027,25.473
78072,-0.014,-0.316,10.160,-0.011,0.005,-0.027,25.500
78082,-0.019,-0.287,10.165,-0.011,0.005,-0.027,25.500
78092,-0.010,-0.278,10.174,-0.011,0.004,-0.027,25.500
78102,-0.029,-0.297,10.155,-0.011,0.005,-0.027,25.500
78112,-0.038,-0.297,10.155,-0.011,0.005,-0.027,25.449
78122,-0.019,-0.311,10.169,-0.011,0.005,-0.027,25.449
78132,-0.019,-0.311,10.169,-0.010,0.005,-0.027,25.512
78142,-0.029,-0.287,10.136,-0.010,0.005,-0.027,25.512
78152,-0.038,-0.301,10.150,-0.011,0.004,-0.027,25.539
78162,-0.019,-0.301,10.160,-0.011,0.005,-0.026,25.539
78172,-0.005,-0.282,10.160,-0.011,0.005,-0.027,25.527
78182,-0.019,-0.301,10.174,-0.011,0.005,-0.026,25.527
78192,-0.024,-0.268,10.150,-0.011,0.005,-0.027,25.555
78202,-0.029,-0.268,10.169,-0.011,0.005,-0.026,25.555
78212,-0.024,-0.306,10.155,-0.011,0.005,-0.026,25.512
78222,-0.033,-0.301,10.146,-0.010,0.005,-0.026,25.512
78232,-0.029,-0.306,10.169,-0.011,0.005,-0.027,25.500
78242,0.000,-0.292,10.169,-0.011,0.005,-0.027,25.500
78252,-0.010,-0.301,10.174,-0.011,0.006,-0.027,25.496
78262,-0.029,-0.297,10.174,-0.010,0.005,-0.027,25.496
78272,-0.019,-0.292,10.160,-0.010,0.004,-0.026,25.512
78282,-0.033,-0.301,10.165,-0.011,0.004,-0.026,25.512
78292,-0.024,-0.297,10.179,-0.011,0.005,-0.027,25.492
78302,-0.014,-0.287,10.174,-0.012,0.005,-0.027,25.492
78312,-0.029,-0.292,10.165,-0.011,0.005,-0.027,25.520
78322,-0.019,-0.282,10.169,-0.010,0.005,-0.027,25.520
78332,-0.010,-0.306,10.160,-0.010,0.005,-0.027,25.500
78342,-0.010,-0.292,10.169,-0.010,0.004,-0.026,25.500
78352,-0.014,-0.292,10.150,-0.010,0.005,-0.027,25.527
78362,-0.014,-0.316,10.150,-0.010,0.005,-0.027,25.527
78372,-0.043,-0.301,10.174,-0.011,0.005,-0.027,25.520
78382,-0.014,-0.311,10.179,-0.011,0.005,-0.027,25.520
78392,-0.033,-0.297,10.160,-0.010,0.005,-0.026,25.527
78412,-0.038,-0.292,10.179,-0.010,0.005,-0.027,25.527
78422,-0.029,-0.306,10.174,-0.011,0.005,-0.026,25.484
78432,-0.038,-0.311,10.165,-0.011,0.004,-0.027,25.484
78442,-0.038,-0.306,10.174,-0.011,0.005,-0.027,25.512
78452,-0.029,-0.306,10.155,-0.011,0.005,-0.027,25.512
78462,-0.043,-0.287,10.174,-0.010,0.004,-0.027,25.520
78472,-0.024,-0.287,10.141,-0.011,0.005,-0.027,25.520
78482,-0.019,-0.292,10.155,-0.010,0.004,-0.027,25.508
78492,-0.043,-0.301,10.174,-0.010,0.005,-0.027,25.508
78502,-0.010,-0.287,10.165,-0.011,0.005,-0.027,25.492
78512,-0.014,-0.292,10.160,-0.011,0.005,-0.027,25.492
78522,-0.024,-0.287,10.179,-0.011,0.005,-0.027,25.473
78532,-0.010,-0.311,10.160,-0.011,0.004,-0.026,25.473
78542,-0.024,-0.292,10.155,-0.011,0.005,-0.027,25.492
78552,-0.033,-0.292,10.155,-0.011,0.004,-0.027,25.492
78562,-0.014,-0.311,10.146,-0.011,0.005,-0.027,25.543
78572,-0.033,-0.297,10.169,-0.011,0.005,-0.027,25.543
78582,-0.014,-0.297,10.155,-0.011,0.005,-0.026,25.555
78592,-0.010,-0.282,10.165,-0.011,0.005,-0.027,25.555
78602,-0.005,-0.316,10.141,-0.011,0.005,-0.027,25.500
78612,0.000,-0.287,10.165,-0.011,0.005,-0.027,25.500
78622,-0.033,-0.297,10.169,-0.011,0.005,-0.027,25.496
78632,-0.010,-0.306,10.165,-0.010,0.005,-0.027,25.496
78642,-0.014,-0.301,10.165,-0.010,0.004,-0.027,25.535
78652,-0.033,-0.287,10.169,-0.011,0.005,-0.027,25.535
78662,-0.033,-0.306,10.150,-0.011,0.005,-0.027,25.539
78672,-0.014,-0.297,10.174,-0.011,0.005,-0.027,25.539
78682,-0.024,-0.287,10.155,-0.011,0.005,-0.027,25.543
78692,-0.029,-0.301,10.184,-0.010,0.005,-0.027,25.543
78702,-0.019,-0.306,10.160,-0.011,0.005,-0.027,25.543
78712,-0.033,-0.301,10.174,-0.011,0.005,-0.027,25.543
78722,-0.029,-0.282,10.165,-0.011,0.004,-0.027,25.504
78732,-0.029,-0.297,10.160,-0.011,0.005,-0.027,25.504
78742,-0.014,-0.297,10.155,-0.010,0.004,-0.027,25.551
78752,-0.019,-0.287,10.155,-0.010,0.004,-0.027,25.551
78762,-0.029,-0.292,10.141,-0.010,0.005,-0.027,25.516
78772,-0.043,-0.287,10.169,-0.011,0.005,-0.026,25.516
78782,-0.010,-0.301,10.169,-0.011,0.005,-0.027,25.520
78792,-0.010,-0.301,10.165,-0.010,0.005,-0.027,25.520
78802,-0.048,-0.306,10.160,-0.011,0.005,-0.026,25.469
78812,-0.033,-0.292,10.169,-0.011,0.005,-0.027,25.469
78822,-0.019,-0.297,10.160,-0.011,0.005,-0.027,25.551
78832,-0.033,-0.287,10.169,-0.012,0.005,-0.027,25.551
78842,-0.029,-0.297,10.146,-0.011,0.005,-0.027,25.500
78852,-0.005,-0.282,10.169,-0.010,0.004,-0.027,25.500
78862,-0.038,-0.301,10.169,-0.011,0.005,-0.027,25.523
78872,-0.024,-0.301,10.165,-0.011,0.005,-0.027,25.523
78882,-0.014,-0.306,10.165,-0.010,0.004,-0.027,25.527
78892,-0.014,-0.282,10.155,-0.011,0.005,-0.027,25.527
78902,-0.029,-0.297,10.155,-0.011,0.005,-0.027,25.551
78912,-0.014,-0.301,10.160,-0.011,0.005,-0.026,25.551
78922,-0.033,-0.273,10.174,-0.010,0.005,-0.027,25.520
78932,-0.019,-0.297,10.160,-0.011,0.005,-0.027,25.520
78942,-0.024,-0.297,10.165,-0.011,0.006,-0.027,25.520
78952,-0.005,-0.292,10.169,-0.011,0.005,-0.027,25.520
78962,-0.019,-0.292,10.146,-0.010,0.005,-0.027,25.516
78972,-0.010,-0.297,10.150,-0.011,0.004,-0.027,25.516
78982,0.000,-0.282,10.160,-0.012,0.005,-0.027,25.512
78992,-0.010,-0.282,10.150,-0.011,0.004,-0.027,25.512
79002,-0.024,-0.297,10.169,-0.011,0.005,-0.027,25.496
79012,-0.033,-0.311,10.160,-0.011,0.005,-0.027,25.496
79022,-0.019,-0.311,10.160,-0.011,0.004,-0.027,25.531
79032,-0.010,-0.273,10.160,-0.011,0.005,-0.027,25.531
79042,-0.014,-0.287,10.189,-0.010,0.005,-0.027,25.523
79052,-0.014,-0.306,10.155,-0.011,0.005,-0.027,25.523
79062,-0.048,-0.292,10.179,-0.010,0.006,-0.027,25.508
79072,-0.019,-0.287,10.155,-0.011,0.004,-0.027,25.508
79082,-0.024,-0.301,10.184,-0.011,0.004,-0.027,25.535
79092,-0.057,-0.301,10.184,-0.011,0.005,-0.027,25.535
79102,-0.033,-0.297,10.131,-0.011,0.005,-0.027,25.516
79112,-0.033,-0.301,10.160,-0.011,0.005,-0.026,25.516
79122,-0.014,-0.282,10.160,-0.011,0.004,-0.026,25.527
79132,-0.019,-0.278,10.155,-0.011,0.005,-0.027,25.527
79142,-0.029,-0.301,10.146,-0.011,0.004,-0.027,25.492
79152,-0.010,-0.287,10.169,-0.011,0.005,-0.027,25.492
79162,-0.024,-0.282,10.150,-0.011,0.005,-0.026,25.523
79172,-0.033,-0.301,10.160,-0.011,0.005,-0.027,25.523
79182,-0.010,-0.301,10.198,-0.011,0.005,-0.027,25.500
79192,-0.024,-0.301,10.169,-0.011,0.005,-0.027,25.500
79202,-0.053,-0.282,10.160,-0.011,0.005,-0.027,25.500
79212,-0.014,-0.278,10.184,-0.011,0.006,-0.027,25.500
79222,-0.005,-0.287,10.165,-0.011,0.005,-0.027,25.512
79232,-0.038,-0.297,10.155,-0.011,0.005,-0.027,25.512
79242,-0.019,-0.311,10.184,-0.011,0.004,-0.027,25.535
79252,-0.014,-0.301,10.165,-0.011,0.005,-0.027,25.535
79262,-0.005,-0.306,10.165,-0.011,0.005,-0.027,25.461
79272,-0.010,-0.292,10.189,-0.011,0.004,-0.027,25.461
79282,-0.029,-0.306,10.184,-0.010,0.004,-0.027,25.504
79292,-0.033,-0.301,10.155,-0.010,0.004,-0.027,25.504
79302,-0.029,-0.287,10.141,-0.010,0.005,-0.027,25.484
79312,-0.033,-0.292,10.169,-0.011,0.005,-0.027,25.484
79322,-0.029,-0.282,10.150,-0.011,0.006,-0.026,25.488
79332,-0.019,-0.282,10.141,-0.011,0.004,-0.027,25.488
79342,-0.024,-0.282,10.155,-0.010,0.005,-0.027,25.523
79352,-0.014,-0.325,10.165,-0.011,0.005,-0.027,25.523
79362,-0.024,-0.301,10.150,-0.011,0.005,-0.027,25.496
79372,-0.033,-0.292,10.160,-0.011,0.005,-0.027,25.496
79382,-0.024,-0.282,10.165,-0.011,0.006,-0.027,25.484
79392,-0.029,-0.297,10.136,-0.011,0.005,-0.027,25.484
79402,-0.024,-0.282,10.155,-0.012,0.005,-0.027,25.469
79412,-0.019,-0.297,10.146,-0.011,0.005,-0.027,25.469
79422,-0.019,-0.282,10.155,-0.011,0.005,-0.027,25.523
79432,-0.019,-0.292,10.169,-0.011,0.005,-0.027,25.523
79442,-0.033,-0.282,10.150,-0.012,0.005,-0.027,25.504
79452,-0.029,-0.297,10.155,-0.011,0.005,-0.026,25.504
79462,-0.024,-0.297,10.160,-0.010,0.005,-0.027,25.520
79472,-0.019,-0.306,10.169,-0.010,0.005,-0.027,25.520
79482,-0.024,-0.292,10.160,-0.011,0.006,-0.026,25.484
79492,0.000,-0.292,10.146,-0.011,0.005,-0.026,25.484
79502,-0.019,-0.292,10.155,-0.010,0.005,-0.027,25.496
79512,-0.014,-0.287,10.155,-0.010,0.005,-0.027,25.496
79522,-0.024,-0.287,10.174,-0.011,0.005,-0.027,25.477
79532,-0.029,-0.287,10.155,-0.011,0.005,-0.027,25.477
79542,-0.019,-0.278,10.165,-0.011,0.005,-0.027,25.512
79552,0.000,-0.282,10.169,-0.010,0.005,-0.027,25.512
79562,-0.043,-0.292,10.155,-0.011,0.005,-0.027,25.488
79572,-0.043,-0.306,10.150,-0.010,0.005,-0.027,25.488
79582,-0.024,-0.297,10.160,-0.011,0.005,-0.027,25.512
79592,-0.033,-0.282,10.165,-0.012,0.005,-0.027,25.512
79612,-0.024,-0.282,10.150,-0.011,0.004,-0.027,25.480
79622,0.005,-0.301,10.165,-0.011,0.005,-0.028,25.480
79632,-0.024,-0.306,10.155,-0.011,0.005,-0.027,25.492
79642,-0.024,-0.297,10.150,-0.011,0.005,-0.026,25.492
79652,-0.024,-0.297,10.155,-0.011,0.005,-0.027,25.488
79662,-0.024,-0.297,10.165,-0.010,0.005,-0.027,25.488
79672,-0.010,-0.301,10.160,-0.011,0.005,-0.027,25.496
79682,-0.010,-0.292,10.150,-0.011,0.005,-0.028,25.496
79692,-0.057,-0.287,10.146,-0.011,0.005,-0.027,25.469
79702,-0.038,-0.287,10.169,-0.010,0.005,-0.027,25.469
79712,-0.005,-0.282,10.165,-0.011,0.006,-0.027,25.488
79722,-0.010,-0.287,10.150,-0.010,0.005,-0.027,25.488
79732,-0.053,-0.287,10.174,-0.011,0.005,-0.027,25.500
79742,-0.019,-0.292,10.169,-0.011,0.005,-0.027,25.500
79752,-0.038,-0.273,10.184,-0.011,0.005,-0.026,25.512
79762,-0.024,-0.282,10.169,-0.011,0.005,-0.027,25.512
79772,-0.033,-0.297,10.146,-0.011,0.005,-0.027,25.547
79782,-0.010,-0.292,10.150,-0.010,0.005,-0.027,25.547
79792,-0.019,-0.306,10.155,-0.011,0.005,-0.027,25.492
79802,-0.033,-0.287,10.165,-0.011,0.005,-0.027,25.492
79812,-0.019,-0.287,10.155,-0.011,0.005,-0.027,25.527
79822,-0.014,-0.297,10.160,-0.011,0.005,-0.027,25.527
79832,-0.029,-0.292,10.169,-0.011,0.005,-0.027,25.504
79842,-0.024,-0.282,10.155,-0.011,0.005,-0.027,25.504
79852,-0.014,-0.301,10.165,-0.012,0.005,-0.027,25.520
79862,0.014,-0.278,10.160,-0.011,0.005,-0.028,25.520
79872,-0.029,-0.306,10.174,-0.011,0.005,-0.027,25.516
79882,-0.024,-0.273,10.160,-0.010,0.005,-0.026,25.516
79892,-0.024,-0.297,10.160,-0.011,0.004,-0.026,25.512
79902,-0.005,-0.282,10.160,-0.011,0.006,-0.026,25.512
79912,-0.024,-0.301,10.146,-0.011,0.005,-0.027,25.551
79922,-0.033,-0.297,10.165,-0.011,0.005,-0.027,25.551
79932,-0.019,-0.292,10.174,-0.011,0.006,-0.026,25.504
79942,-0.033,-0.297,10.150,-0.011,0.004,-0.026,25.504
79952,-0.043,-0.306,10.174,-0.010,0.005,-0.027,25.469
79962,-0.014,-0.287,10.179,-0.010,0.005,-0.027,25.469
79972,-0.010,-0.306,10.174,-0.010,0.005,-0.027,25.484
79982,-0.024,-0.297,10.155,-0.010,0.005,-0.027,25.484
79992,-0.024,-0.301,10.141,-0.010,0.006,-0.027,25.488
80002,-0.024,-0.301,10.169,-0.010,0.005,-0.027,25.488
80012,-0.014,-0.297,10.160,-0.011,0.006,-0.028,25.508
80022,-0.014,-0.297,10.174,-0.012,0.005,-0.027,25.508
80032,-0.033,-0.297,10.165,-0.011,0.005,-0.027,25.492
80042,-0.029,-0.311,10.174,-0.011,0.005,-0.026,25.492
80052,-0.024,-0.268,10.184,-0.011,0.004,-0.027,25.527
80062,-0.029,-0.292,10.160,-0.011,0.005,-0.027,25.527
80072,-0.024,-0.292,10.174,-0.010,0.004,-0.027,25.500
80082,-0.033,-0.282,10.169,-0.011,0.004,-0.027,25.500
80092,-0.033,-0.306,10.155,-0.011,0.004,-0.027,25.504
80102,-0.048,-0.316,10.165,-0.011,0.005,-0.026,25.504
80112,-0.033,-0.282,10.169,-0.011,0.004,-0.026,25.539
80122,-0.024,-0.282,10.174,-0.011,0.005,-0.027,25.539
80132,0.000,-0.292,10.160,-0.011,0.005,-0.026,25.527
80142,-0.010,-0.306,10.165,-0.011,0.004,-0.027,25.527
80152,-0.033,-0.287,10.169,-0.011,0.005,-0.027,25.508
80162,-0.014,-0.306,10.155,-0.011,0.005,-0.026,25.508
80172,-0.019,-0.321,10.155,-0.011,0.005,-0.027,25.508
80182,-0.014,-0.301,10.150,-0.011,0.005,-0.027,25.508
80192,-0.043,-0.287,10.160,-0.011,0.005,-0.027,25.566
80202,0.000,-0.282,10.184,-0.011,0.005,-0.027,25.566
80212,-0.014,-0.278,10.160,-0.010,0.005,-0.027,25.516
80222,-0.024,-0.287,10.160,-0.011,0.005,-0.027,25.516
80232,-0.048,-0.287,10.174,-0.011,0.006,-0.027,25.527
80242,-0.043,-0.316,10.160,-0.011,0.005,-0.027,25.527
80252,-0.038,-0.268,10.169,-0.011,0.005,-0.027,25.504
80262,-0.019,-0.301,10.150,-0.011,0.005,-0.026,25.504
80272,-0.024,-0.301,10.150,-0.011,0.005,-0.027,25.504
80282,-0.019,-0.287,10.169,-0.011,0.006,-0.027,25.504
80292,-0.029,-0.301,10.169,-0.011,0.005,-0.027,25.496
80302,-0.038,-0.301,10.165,-0.011,0.005,-0.027,25.496
80312,-0.024,-0.301,10.174,-0.010,0.005,-0.027,25.523
80322,-0.029,-0.301,10.169,-0.011,0.005,-0.026,25.523
80332,-0.043,-0.306,10.174,-0.010,0.005,-0.026,25.520
80342,-0.019,-0.297,10.174,-0.011,0.005,-0.027,25.520
80352,-0.043,-0.282,10.174,-0.011,0.005,-0.027,25.539
80362,-0.010,-0.306,10.174,-0.010,0.005,-0.027,25.539
80372,-0.019,-0.287,10.141,-0.011,0.005,-0.026,25.539
80382,-0.038,-0.282,10.174,-0.011,0.005,-0.027,25.539
80392,-0.019,-0.282,10.179,-0.011,0.006,-0.027,25.508
80402,-0.029,-0.311,10.155,-0.012,0.006,-0.027,25.508
80412,-0.043,-0.292,10.155,-0.011,0.005,-0.027,25.551
80422,-0.029,-0.297,10.169,-0.011,0.005,-0.027,25.551
80432,-0.029,-0.301,10.165,-0.011,0.004,-0.027,25.566
80442,-0.029,-0.287,10.169,-0.011,0.005,-0.027,25.566
80452,-0.014,-0.282,10.169,-0.011,0.005,-0.027,25.523
80462,-0.029,-0.301,10.160,-0.012,0.006,-0.027,25.523
80472,-0.014,-0.297,10.174,-0.011,0.005,-0.027,25.512
80482,-0.019,-0.287,10.174,-0.011,0.005,-0.026,25.512
80492,-0.038,-0.292,10.146,-0.011,0.005,-0.027,25.563
80502,-0.033,-0.306,10.155,-0.010,0.005,-0.027,25.563
80512,-0.038,-0.287,10.160,-0.010,0.005,-0.027,25.543
80522,-0.024,-0.292,10.165,-0.011,0.005,-0.026,25.543
80532,-0.024,-0.292,10.146,-0.011,0.005,-0.027,25.543
80542,-0.043,-0.297,10.169,-0.011,0.005,-0.027,25.543
80552,-0.014,-0.316,10.189,-0.010,0.005,-0.027,25.527
80562,-0.019,-0.306,10.165,-0.011,0.005,-0.026,25.527
80572,-0.019,-0.316,10.146,-0.010,0.005,-0.027,25.543
80582,-0.019,-0.287,10.155,-0.010,0.005,-0.026,25.543
80592,-0.019,-0.306,10.169,-0.010,0.004,-0.026,25.563
80602,-0.005,-0.301,10.165,-0.011,0.005,-0.027,25.563
80612,-0.010,-0.292,10.169,-0.011,0.005,-0.026,25.531
80622,-0.019,-0.297,10.189,-0.011,0.005,-0.027,25.531
80632,-0.033,-0.287,10.146,-0.011,0.005,-0.027,25.492
80642,-0.014,-0.297,10.155,-0.011,0.005,-0.027,25.492
80652,-0.019,-0.292,10.179,-0.011,0.005,-0.026,25.527
80662,-0.038,-0.282,10.165,-0.010,0.005,-0.027,25.527
80672,-0.014,-0.268,10.174,-0.011,0.005,-0.027,25.492
80682,-0.005,-0.301,10.155,-0.011,0.005,-0.027,25.492
80692,-0.010,-0.278,10.150,-0.011,0.005,-0.026,25.500
80702,-0.014,-0.282,10.165,-0.011,0.005,-0.026,25.500
80712,-0.024,-0.301,10.174,-0.011,0.005,-0.027,25.531
80722,-0.014,-0.273,10.136,-0.011,0.005,-0.027,25.531
80732,-0.014,-0.297,10.174,-0.011,0.005,-0.027,25.543
80742,-0.024,-0.287,10.150,-0.011,0.005,-0.026,25.543
80762,-0.038,-0.287,10.150,-0.011,0.005,-0.026,25.547
80772,-0.038,-0.297,10.155,-0.011,0.005,-0.027,25.547
80782,-0.038,-0.297,10.165,-0.011,0.005,-0.027,25.508
80792,-0.024,-0.301,10.174,-0.011,0.005,-0.027,25.508
80802,-0.043,-0.287,10.179,-0.010,0.004,-0.027,25.551
80812,-0.038,-0.292,10.174,-0.010,0.005,-0.027,25.551
80822,-0.029,-0.297,10.169,-0.012,0.005,-0.027,25.512
80832,-0.029,-0.268,10.160,-0.011,0.005,-0.027,25.512
80842,-0.024,-0.282,10.165,-0.011,0.005,-0.027,25.555
80852,-0.019,-0.306,10.169,-0.011,0.005,-0.027,25.555
80862,-0.014,-0.297,10.174,-0.010,0.005,-0.027,25.496
80872,-0.010,-0.297,10.179,-0.010,0.004,-0.027,25.496
80882,-0.024,-0.306,10.169,-0.011,0.005,-0.027,25.516
80892,-0.019,-0.301,10.150,-0.010,0.005,-0.026,25.516
80902,-0.038,-0.287,10.150,-0.010,0.005,-0.027,25.523
80912,-0.033,-0.297,10.160,-0.011,0.005,-0.027,25.523
80922,-0.019,-0.301,10.160,-0.010,0.004,-0.026,25.477
80932,-0.010,-0.297,10.169,-0.011,0.005,-0.026,25.477
80942,-0.029,-0.297,10.169,-0.011,0.005,-0.027,25.504
80952,-0.019,-0.297,10.169,-0.010,0.005,-0.027,25.504
80962,-0.024,-0.301,10.165,-0.011,0.006,-0.027,25.516
80972,-0.029,-0.287,10.174,-0.011,0.005,-0.027,25.516
80982,-0.019,-0.301,10.169,-0.011,0.005,-0.027,25.547
80992,-0.019,-0.316,10.174,-0.011,0.005,-0.027,25.547
81002,-0.038,-0.297,10.160,-0.011,0.005,-0.027,25.563
81012,-0.014,-0.278,10.155,-0.010,0.004,-0.027,25.563
81022,-0.029,-0.278,10.155,-0.010,0.004,-0.027,25.531
81032,-0.010,-0.297,10.169,-0.010,0.004,-0.027,25.531
81042,-0.019,-0.297,10.169,-0.011,0.005,-0.027,25.520
81052,-0.029,-0.301,10.165,-0.011,0.005,-0.027,25.520
81062,-0.029,-0.297,10.160,-0.011,0.005,-0.027,25.496
81072,-0.029,-0.311,10.150,-0.011,0.005,-0.027,25.496
81082,-0.024,-0.301,10.160,-0.011,0.006,-0.027,25.504
81092,-0.024,-0.292,10.169,-0.011,0.004,-0.027,25.504
81102,-0.038,-0.278,10.174,-0.011,0.004,-0.027,25.527
81112,-0.029,-0.287,10.155,-0.010,0.005,-0.028,25.527
81122,-0.014,-0.311,10.169,-0.010,0.005,-0.027,25.496
81132,-0.029,-0.268,10.155,-0.011,0.005,-0.027,25.496
81142,-0.010,-0.301,10.165,-0.011,0.005,-0.026,25.508
81152,0.005,-0.297,10.160,-0.011,0.005,-0.027,25.508
81162,-0.029,-0.282,10.174,-0.010,0.005,-0.027,25.516
81172,-0.024,-0.301,10.165,-0.011,0.005,-0.027,25.516
81182,-0.019,-0.306,10.165,-0.011,0.005,-0.027,25.500
81192,-0.033,-0.311,10.155,-0.011,0.005,-0.027,25.500
81202,-0.024,-0.287,10.160,-0.011,0.005,-0.027,25.484
81212,-0.014,-0.297,10.155,-0.011,0.005,-0.027,25.484
81222,-0.010,-0.287,10.169,-0.011,0.005,-0.026,25.566
81232,-0.048,-0.316,10.160,-0.011,0.005,-0.027,25.566
81242,-0.019,-0.301,10.160,-0.011,0.005,-0.027,25.543
81252,-0.033,-0.316,10.160,-0.011,0.004,-0.027,25.543
81262,-0.029,-0.306,10.179,-0.011,0.005,-0.027,25.496
81272,-0.014,-0.306,10.169,-0.010,0.005,-0.027,25.496
81282,-0.005,-0.278,10.160,-0.010,0.005,-0.026,25.547
81292,-0.005,-0.287,10.169,-0.010,0.004,-0.027,25.547
81302,-0.038,-0.297,10.141,-0.010,0.005,-0.027,25.543
81312,-0.043,-0.292,10.150,-0.011,0.005,-0.027,25.543
81322,-0.029,-0.297,10.169,-0.011,0.005,-0.026,25.559
81332,-0.005,-0.287,10.160,-0.011,0.005,-0.027,25.559
81342,-0.014,-0.287,10.146,-0.011,0.006,-0.027,25.531
81352,-0.029,-0.273,10.155,-0.011,0.005,-0.027,25.531
81362,-0.038,-0.297,10.174,-0.010,0.005,-0.027,25.559
81372,-0.043,-0.287,10.174,-0.011,0.005,-0.027,25.559
81382,-0.024,-0.306,10.174,-0.010,0.004,-0.027,25.527
81392,-0.014,-0.306,10.165,-0.011,0.004,-0.027,25.527
81402,-0.014,-0.278,10.174,-0.011,0.005,-0.027,25.531
81412,-0.019,-0.292,10.165,-0.011,0.005,-0.027,25.531
81422,-0.014,-0.292,10.165,-0.011,0.006,-0.027,25.543
81432,-0.019,-0.292,10.169,-0.010,0.006,-0.026,25.543
81442,0.000,-0.282,10.146,-0.010,0.005,-0.027,25.531
81452,-0.048,-0.301,10.184,-0.010,0.005,-0.027,25.531
81462,-0.043,-0.301,10.169,-0.010,0.005,-0.027,25.555
81472,-0.005,-0.301,10.165,-0.010,0.005,-0.027,25.555
81482,-0.024,-0.282,10.165,-0.010,0.005,-0.027,25.543
81492,-0.024,-0.287,10.174,-0.010,0.005,-0.027,25.543
81502,0.014,-0.292,10.169,-0.011,0.005,-0.027,25.551
81512,-0.038,-0.292,10.160,-0.011,0.004,-0.027,25.551
81522,-0.029,-0.321,10.160,-0.011,0.005,-0.027,25.551
81532,-0.038,-0.297,10.155,-0.011,0.005,-0.026,25.551
81542,-0.014,-0.311,10.174,-0.011,0.005,-0.027,25.551
81552,-0.029,-0.301,10.174,-0.011,0.005,-0.027,25.551
81562,-0.024,-0.282,10.155,-0.011,0.005,-0.027,25.527
81572,-0.019,-0.278,10.165,-0.011,0.004,-0.027,25.527
81582,-0.014,-0.297,10.165,-0.011,0.005,-0.027,25.527
81592,-0.024,-0.301,10.155,-0.011,0.005,-0.027,25.527
81602,-0.014,-0.297,10.155,-0.011,0.005,-0.027,25.527
81612,-0.038,-0.292,10.165,-0.011,0.005,-0.027,25.527
81622,-0.010,-0.287,10.179,-0.010,0.004,-0.027,25.551
81632,-0.014,-0.287,10.165,-0.011,0.005,-0.027,25.551
81642,-0.019,-0.297,10.165,-0.011,0.005,-0.027,25.535
81652,-0.019,-0.273,10.174,-0.011,0.005,-0.026,25.535
81662,-0.033,-0.301,10.155,-0.011,0.005,-0.027,25.527
81672,-0.033,-0.297,10.160,-0.010,0.004,-0.027,25.527
81682,-0.014,-0.306,10.155,-0.011,0.005,-0.026,25.523
81692,-0.038,-0.301,10.160,-0.011,0.005,-0.026,25.523
81702,-0.038,-0.306,10.155,-0.011,0.004,-0.027,25.512
81712,0.000,-0.287,10.169,-0.011,0.005,-0.027,25.512
81722,-0.024,-0.273,10.155,-0.011,0.005,-0.026,25.551
81732,0.000,-0.268,10.165,-0.011,0.005,-0.026,25.551
81742,-0.043,-0.287,10.174,-0.010,0.004,-0.027,25.547
81752,-0.019,-0.301,10.155,-0.010,0.005,-0.027,25.547
81762,-0.019,-0.306,10.174,-0.011,0.005,-0.026,25.559
81772,-0.019,-0.311,10.169,-0.011,0.005,-0.027,25.559
81782,-0.019,-0.306,10.155,-0.011,0.005,-0.026,25.594
81792,-0.014,-0.297,10.165,-0.010,0.005,-0.027,25.594
81802,-0.005,-0.297,10.155,-0.011,0.005,-0.027,25.547
81812,-0.033,-0.292,10.165,-0.011,0.005,-0.027,25.547
81822,-0.019,-0.292,10.174,-0.011,0.005,-0.028,25.492
81832,-0.048,-0.282,10.165,-0.011,0.005,-0.028,25.492
81842,-0.033,-0.292,10.160,-0.011,0.005,-0.027,25.543
81852,-0.019,-0.273,10.179,-0.011,0.005,-0.027,25.543
81862,-0.033,-0.282,10.169,-0.011,0.006,-0.027,25.512
81872,-0.005,-0.292,10.146,-0.010,0.005,-0.027,25.512
81882,-0.029,-0.292,10.165,-0.011,0.004,-0.027,25.539
81892,-0.029,-0.282,10.155,-0.011,0.005,-0.027,25.539
81902,-0.043,-0.287,10.184,-0.011,0.005,-0.027,25.559
81922,-0.033,-0.278,10.150,-0.011,0.005,-0.027,25.535
81932,-0.019,-0.268,10.165,-0.011,0.006,-0.027,25.586
81942,-0.010,-0.268,10.179,-0.010,0.004,-0.027,25.586
81952,-0.024,-0.282,10.160,-0.010,0.005,-0.027,25.590
81962,-0.014,-0.292,10.174,-0.011,0.005,-0.026,25.590
81972,-0.010,-0.292,10.174,-0.011,0.005,-0.027,25.543
81982,-0.029,-0.311,10.155,-0.011,0.005,-0.027,25.543
81992,-0.038,-0.287,10.174,-0.011,0.004,-0.027,25.512
82002,-0.038,-0.297,10.165,-0.011,0.005,-0.027,25.512
82012,-0.024,-0.287,10.179,-0.010,0.005,-0.026,25.582
82022,-0.014,-0.306,10.160,-0.011,0.005,-0.027,25.582
82032,0.000,-0.297,10.160,-0.010,0.005,-0.027,25.504
82042,-0.005,-0.287,10.155,-0.010,0.006,-0.027,25.504
82052,-0.019,-0.292,10.174,-0.010,0.005,-0.027,25.527
82062,-0.033,-0.297,10.169,-0.010,0.005,-0.027,25.527
82072,-0.043,-0.287,10.169,-0.011,0.005,-0.027,25.590
82082,-0.043,-0.297,10.141,-0.011,0.005,-0.027,25.590
82092,-0.038,-0.301,10.165,-0.011,0.005,-0.027,25.574
82102,-0.010,-0.292,10.165,-0.010,0.006,-0.027,25.574
82112,-0.029,-0.268,10.146,-0.011,0.005,-0.026,25.539
82122,-0.033,-0.316,10.160,-0.012,0.006,-0.027,25.539
82132,-0.029,-0.268,10.179,-0.011,0.005,-0.027,25.539
82142,-0.029,-0.311,10.169,-0.010,0.005,-0.028,25.539
82152,-0.038,-0.297,10.179,-0.011,0.005,-0.026,25.570
82162,-0.033,-0.292,10.179,-0.011,0.005,-0.028,25.570
82172,-0.038,-0.297,10.174,-0.010,0.004,-0.027,25.543
82182,-0.014,-0.282,10.174,-0.011,0.005,-0.026,25.543
82192,-0.014,-0.287,10.179,-0.012,0.005,-0.027,25.566
82202,-0.038,-0.287,10.169,-0.011,0.005,-0.027,25.566
82212,-0.010,-0.297,10.160,-0.011,0.005,-0.026,25.566
82222,-0.005,-0.301,10.169,-0.011,0.005,-0.027,25.566
82232,-0.038,-0.306,10.169,-0.010,0.005,-0.028,25.523
82242,-0.019,-0.306,10.160,-0.010,0.005,-0.027,25.523
82252,-0.038,-0.311,10.160,-0.011,0.005,-0.027,25.559
82262,-0.019,-0.297,10.179,-0.011,0.005,-0.027,25.559
82272,-0.029,-0.287,10.150,-0.010,0.006,-0.027,25.523
82282,-0.014,-0.273,10.160,-0.010,0.004,-0.027,25.523
82292,-0.024,-0.287,10.146,-0.011,0.005,-0.027,25.570
82302,-0.014,-0.297,10.189,-0.010,0.005,-0.027,25.570
82312,-0.024,-0.287,10.160,-0.010,0.005,-0.027,25.566
82322,-0.014,-0.306,10.146,-0.011,0.005,-0.027,25.566
82332,0.005,-0.287,10.160,-0.011,0.004,-0.027,25.563
82342,-0.024,-0.297,10.169,-0.011,0.005,-0.026,25.563
82352,-0.038,-0.297,10.169,-0.011,0.005,-0.026,25.555
82362,-0.043,-0.292,10.165,-0.011,0.005,-0.027,25.555
82372,-0.019,-0.311,10.174,-0.010,0.004,-0.027,25.535
82382,-0.005,-0.316,10.155,-0.010,0.005,-0.026,25.535
82392,-0.014,-0.287,10.165,-0.011,0.005,-0.027,25.531
82402,-0.033,-0.287,10.174,-0.011,0.005,-0.027,25.531
82412,-0.033,-0.287,10.165,-0.011,0.005,-0.027,25.531
82422,-0.033,-0.287,10.160,-0.011,0.005,-0.027,25.531
82432,-0.024,-0.301,10.179,-0.011,0.005,-0.027,25.574
82442,-0.024,-0.297,10.165,-0.011,0.005,-0.026,25.574
82452,-0.019,-0.297,10.160,-0.010,0.005,-0.027,25.543
82462,-0.033,-0.287,10.174,-0.010,0.005,-0.027,25.543
82472,-0.029,-0.301,10.184,-0.010,0.005,-0.027,25.535
82482,-0.033,-0.287,10.155,-0.011,0.005,-0.027,25.535
82492,-0.014,-0.287,10.155,-0.011,0.004,-0.026,25.543
82502,0.005,-0.301,10.165,-0.011,0.004,-0.027,25.543
82512,-0.019,-0.287,10.160,-0.011,0.005,-0.027,25.520
82522,-0.010,-0.301,10.165,-0.010,0.005,-0.027,25.520
82532,-0.024,-0.301,10.179,-0.010,0.005,-0.027,25.523
82542,-0.019,-0.306,10.155,-0.011,0.005,-0.027,25.523
82552,-0.024,-0.301,10.169,-0.011,0.005,-0.026,25.586
82562,0.000,-0.287,10.169,-0.010,0.005,-0.026,25.586
82572,-0.005,-0.292,10.169,-0.011,0.005,-0.027,25.520
82582,-0.038,-0.287,10.141,-0.011,0.006,-0.026,25.520
82592,-0.033,-0.273,10.189,-0.010,0.005,-0.027,25.516
82602,-0.019,-0.292,10.169,-0.011,0.005,-0.027,25.516
82612,-0.010,-0.316,10.155,-0.011,0.005,-0.027,25.547
82622,-0.024,-0.287,10.189,-0.011,0.005,-0.027,25.547
82632,-0.019,-0.263,10.150,-0.011,0.005,-0.027,25.523
82642,-0.019,-0.297,10.179,-0.011,0.005,-0.027,25.523
82652,-0.053,-0.282,10.165,-0.010,0.004,-0.027,25.539
82662,-0.029,-0.282,10.150,-0.010,0.005,-0.026,25.539
82672,-0.024,-0.282,10.165,-0.011,0.005,-0.027,25.590
82682,-0.024,-0.316,10.179,-0.011,0.005,-0.026,25.590
82692,-0.029,-0.292,10.179,-0.011,0.005,-0.027,25.563
82702,-0.029,-0.292,10.160,-0.010,0.005,-0.027,25.563
82712,-0.024,-0.287,10.169,-0.010,0.005,-0.027,25.543
82722,-0.010,-0.297,10.169,-0.011,0.005,-0.027,25.543
82732,-0.014,-0.297,10.174,-0.011,0.006,-0.026,25.574
82742,0.000,-0.311,10.160,-0.010,0.005,-0.026,25.574
82752,-0.014,-0.311,10.179,-0.011,0.005,-0.026,25.559
82762,-0.024,-0.287,10.179,-0.010,0.005,-0.027,25.559
82772,-0.038,-0.273,10.160,-0.012,0.005,-0.026,25.570
82782,-0.010,-0.273,10.165,-0.012,0.006,-0.026,25.570
82792,-0.019,-0.287,10.155,-0.011,0.005,-0.026,25.582
82802,-0.010,-0.282,10.160,-0.011,0.006,-0.027,25.582
82812,-0.014,-0.301,10.165,-0.012,0.004,-0.027,25.582
82822,-0.014,-0.287,10.160,-0.012,0.004,-0.027,25.582
82832,0.005,-0.306,10.160,-0.012,0.005,-0.027,25.586
82842,-0.019,-0.278,10.179,-0.011,0.005,-0.027,25.586
82852,-0.029,-0.301,10.160,-0.010,0.005,-0.027,25.539
82862,-0.010,-0.287,10.155,-0.011,0.005,-0.027,25.539
82872,-0.019,-0.287,10.165,-0.010,0.005,-0.027,25.547
82882,-0.019,-0.278,10.165,-0.011,0.005,-0.027,25.547
82892,-0.019,-0.287,10.141,-0.011,0.005,-0.027,25.586
82902,-0.019,-0.278,10.165,-0.011,0.005,-0.027,25.586
82912,0.000,-0.297,10.160,-0.010,0.004,-0.027,25.547
82922,-0.033,-0.287,10.169,-0.011,0.005,-0.027,25.547
82932,-0.024,-0.297,10.179,-0.011,0.005,-0.026,25.590
82942,-0.024,-0.292,10.179,-0.012,0.005,-0.027,25.590
82952,-0.019,-0.292,10.165,-0.011,0.005,-0.028,25.559
82962,-0.024,-0.292,10.146,-0.011,0.005,-0.027,25.559
82972,-0.024,-0.287,10.160,-0.011,0.005,-0.026,25.527
82982,-0.014,-0.301,10.174,-0.011,0.005,-0.027,25.527
82992,-0.019,-0.287,10.165,-0.011,0.004,-0.026,25.547
83002,-0.014,-0.282,10.179,-0.011,0.005,-0.026,25.555
83022,-0.043,-0.301,10.155,-0.011,0.005,-0.026,25.516
83032,-0.029,-0.292,10.165,-0.011,0.005,-0.026,25.516
83042,-0.019,-0.301,10.169,-0.010,0.005,-0.027,25.512
83052,-0.033,-0.292,10.169,-0.010,0.006,-0.027,25.512
83062,-0.029,-0.301,10.165,-0.011,0.005,-0.027,25.555
83072,-0.029,-0.287,10.150,-0.010,0.005,-0.027,25.555
83082,-0.014,-0.292,10.160,-0.011,0.005,-0.027,25.555
83092,-0.019,-0.301,10.189,-0.012,0.005,-0.027,25.555
83102,-0.038,-0.268,10.155,-0.011,0.005,-0.027,25.531
83112,-0.024,-0.311,10.141,-0.011,0.005,-0.026,25.531
83122,0.005,-0.301,10.193,-0.011,0.005,-0.027,25.559
83132,-0.043,-0.268,10.150,-0.010,0.006,-0.027,25.559
83142,-0.038,-0.292,10.174,-0.011,0.005,-0.026,25.516
83152,-0.019,-0.301,10.179,-0.010,0.005,-0.027,25.516
83162,0.005,-0.311,10.189,-0.010,0.004,-0.027,25.551
83172,-0.019,-0.306,10.169,-0.011,0.005,-0.027,25.551
83182,-0.038,-0.306,10.184,-0.011,0.005,-0.026,25.516
83192,-0.014,-0.292,10.165,-0.010,0.005,-0.027,25.516
83202,-0.019,-0.301,10.179,-0.011,0.005,-0.027,25.539
83212,-0.033,-0.292,10.179,-0.011,0.005,-0.027,25.539
83222,-0.033,-0.306,10.169,-0.011,0.005,-0.027,25.551
83232,-0.019,-0.301,10.174,-0.010,0.005,-0.027,25.551
83242,-0.010,-0.287,10.165,-0.010,0.005,-0.027,25.539
83252,-0.019,-0.287,10.146,-0.011,0.005,-0.027,25.539
83262,-0.029,-0.301,10.155,-0.011,0.005,-0.027,25.563
83272,-0.014,-0.306,10.169,-0.011,0.005,-0.027,25.563
83282,-0.029,-0.297,10.160,-0.011,0.005,-0.027,25.594
83292,-0.043,-0.301,10.150,-0.010,0.005,-0.026,25.594
83302,-0.024,-0.282,10.165,-0.011,0.005,-0.027,25.543
83312,-0.010,-0.292,10.155,-0.011,0.006,-0.027,25.543
83322,-0.005,-0.297,10.179,-0.010,0.005,-0.027,25.535
83332,-0.014,-0.278,10.179,-0.010,0.005,-0.027,25.535
83342,-0.024,-0.301,10.174,-0.011,0.005,-0.027,25.547
83352,-0.029,-0.301,10.174,-0.011,0.005,-0.027,25.547
83362,-0.024,-0.301,10.169,-0.011,0.005,-0.026,25.578
83372,-0.033,-0.301,10.160,-0.011,0.006,-0.026,25.578
83382,-0.005,-0.282,10.174,-0.011,0.005,-0.027,25.559
83392,-0.010,-0.292,10.165,-0.011,0.005,-0.027,25.559
83402,0.000,-0.282,10.165,-0.011,0.005,-0.027,25.566
83412,-0.019,-0.287,10.174,-0.010,0.005,-0.027,25.566
83422,-0.024,-0.292,10.169,-0.011,0.005,-0.027,25.551
83432,-0.029,-0.297,10.179,-0.010,0.004,-0.027,25.551
83442,-0.029,-0.306,10.165,-0.011,0.005,-0.027,25.574
83452,-0.029,-0.301,10.165,-0.011,0.005,-0.027,25.574
83462,-0.043,-0.316,10.165,-0.010,0.005,-0.027,25.539
83472,-0.038,-0.278,10.165,-0.011,0.005,-0.028,25.539
83482,-0.029,-0.306,10.160,-0.011,0.005,-0.027,25.594
83492,-0.014,-0.282,10.169,-0.011,0.005,-0.027,25.594
83502,-0.033,-0.287,10.155,-0.011,0.006,-0.027,25.578
83512,-0.010,-0.297,10.174,-0.011,0.005,-0.027,25.578
83522,-0.010,-0.297,10.146,-0.011,0.005,-0.027,25.578
83532,-0.038,-0.306,10.174,-0.010,0.005,-0.027,25.578
83542,-0.033,-0.287,10.165,-0.010,0.005,-0.027,25.543
83552,-0.024,-0.287,10.174,-0.011,0.005,-0.027,25.543
83562,-0.024,-0.292,10.193,-0.011,0.005,-0.027,25.578
83572,-0.019,-0.292,10.160,-0.011,0.005,-0.027,25.578
83582,-0.029,-0.311,10.160,-0.011,0.005,-0.027,25.602
83592,-0.014,-0.301,10.174,-0.010,0.004,-0.027,25.602
83602,-0.019,-0.292,10.169,-0.011,0.005,-0.027,25.566
83612,-0.029,-0.311,10.179,-0.011,0.005,-0.026,25.566
83622,-0.024,-0.301,10.160,-0.010,0.005,-0.027,25.594
83632,-0.024,-0.292,10.184,-0.011,0.005,-0.027,25.594
83642,-0.024,-0.292,10.160,-0.011,0.005,-0.026,25.555
83652,-0.010,-0.311,10.184,-0.010,0.005,-0.026,25.555
83662,-0.019,-0.287,10.174,-0.011,0.005,-0.026,25.566
83672,-0.029,-0.282,10.169,-0.010,0.005,-0.027,25.566
83682,-0.043,-0.316,10.169,-0.010,0.004,-0.027,25.551
83692,-0.029,-0.301,10.184,-0.011,0.005,-0.027,25.551
83702,-0.033,-0.306,10.160,-0.011,0.005,-0.027,25.570
83712,-0.010,-0.301,10.165,-0.011,0.005,-0.026,25.570
83722,-0.014,-0.306,10.169,-0.011,0.005,-0.027,25.582
83732,-0.010,-0.287,10.155,-0.011,0.004,-0.027,25.582
83742,-0.019,-0.292,10.174,-0.010,0.004,-0.027,25.555
83752,-0.029,-0.301,10.198,-0.010,0.005,-0.027,25.555
83762,-0.019,-0.297,10.169,-0.011,0.005,-0.026,25.555
83772,-0.024,-0.287,10.174,-0.011,0.004,-0.027,25.555
83782,-0.024,-0.297,10.193,-0.011,0.004,-0.026,25.555
83792,-0.010,-0.297,10.165,-0.010,0.005,-0.027,25.555
83802,0.005,-0.282,10.189,-0.011,0.005,-0.027,25.605
83812,0.000,-0.287,10.174,-0.010,0.005,-0.027,25.605
83822,-0.043,-0.292,10.165,-0.010,0.005,-0.027,25.551
83832,-0.014,-0.316,10.155,-0.010,0.005,-0.026,25.551
83842,-0.038,-0.287,10.150,-0.011,0.005,-0.027,25.563
83852,-0.029,-0.292,10.174,-0.012,0.005,-0.027,25.563
83862,-0.033,-0.282,10.160,-0.010,0.004,-0.027,25.547
83872,-0.019,-0.292,10.198,-0.011,0.005,-0.027,25.547
83882,-0.024,-0.301,10.169,-0.011,0.005,-0.027,25.582
83892,0.000,-0.297,10.155,-0.011,0.005,-0.026,25.582
83902,-0.033,-0.311,10.179,-0.010,0.005,-0.026,25.574
83912,-0.033,-0.311,10.169,-0.010,0.005,-0.027,25.574
83922,-0.024,-0.292,10.169,-0.010,0.005,-0.027,25.539
83932,-0.024,-0.297,10.165,-0.011,0.005,-0.026,25.539
83942,-0.024,-0.273,10.174,-0.011,0.005,-0.026,25.555
83952,-0.029,-0.278,10.165,-0.011,0.006,-0.027,25.555
83962,0.005,-0.287,10.165,-0.011,0.005,-0.027,25.582
83972,-0.005,-0.287,10.179,-0.011,0.005,-0.027,25.582
83982,-0.014,-0.297,10.160,-0.010,0.005,-0.027,25.590
83992,-0.033,-0.306,10.165,-0.011,0.005,-0.026,25.590
84002,-0.005,-0.311,10.174,-0.011,0.005,-0.026,25.570
84012,-0.033,-0.287,10.169,-0.010,0.005,-0.027,25.570
84022,-0.014,-0.306,10.169,-0.011,0.005,-0.027,25.598
84032,-0.033,-0.297,10.160,-0.011,0.005,-0.027,25.598
84042,-0.019,-0.287,10.165,-0.011,0.005,-0.026,25.578
84052,-0.038,-0.282,10.179,-0.011,0.005,-0.026,25.578
84062,-0.038,-0.282,10.160,-0.011,0.005,-0.027,25.566
84072,-0.033,-0.306,10.160,-0.011,0.004,-0.027,25.566
84082,-0.029,-0.292,10.160,-0.010,0.005,-0.026,25.586
84092,-0.038,-0.292,10.174,-0.010,0.005,-0.026,25.586
84102,-0.005,-0.306,10.174,-0.011,0.005,-0.027,25.570
84112,-0.014,-0.311,10.150,-0.011,0.005,-0.027,25.570
84122,-0.029,-0.301,10.160,-0.012,0.005,-0.026,25.531
84132,-0.014,-0.287,10.174,-0.011,0.005,-0.027,25.531
84152,-0.024,-0.287,10.174,-0.010,0.005,-0.027,25.578
84162,-0.024,-0.311,10.160,-0.011,0.005,-0.026,25.578
84172,-0.029,-0.316,10.150,-0.010,0.005,-0.027,25.582
84182,-0.029,-0.301,10.160,-0.011,0.005,-0.027,25.582
84192,-0.038,-0.292,10.155,-0.011,0.005,-0.027,25.570
84202,-0.024,-0.292,10.179,-0.011,0.005,-0.026,25.570
84212,-0.029,-0.278,10.165,-0.010,0.005,-0.027,25.555
84222,-0.043,-0.292,10.160,-0.010,0.005,-0.027,25.555
84232,-0.033,-0.316,10.174,-0.011,0.006,-0.027,25.578
84242,-0.043,-0.282,10.165,-0.011,0.004,-0.027,25.578
84252,-0.024,-0.297,10.165,-0.011,0.004,-0.027,25.582
84262,-0.010,-0.301,10.174,-0.011,0.005,-0.027,25.582
84272,-0.029,-0.301,10.179,-0.011,0.005,-0.027,25.578
84282,-0.019,-0.301,10.146,-0.011,0.005,-0.027,25.578
84292,-0.014,-0.292,10.155,-0.011,0.005,-0.027,25.590
84302,-0.014,-0.311,10.155,-0.011,0.005,-0.027,25.590
84312,-0.029,-0.301,10.174,-0.011,0.005,-0.027,25.574
84322,-0.033,-0.297,10.165,-0.011,0.005,-0.027,25.574
84332,-0.019,-0.282,10.165,-0.010,0.005,-0.027,25.547
84342,-0.024,-0.301,10.169,-0.011,0.006,-0.027,25.547
84352,-0.024,-0.297,10.184,-0.011,0.005,-0.027,25.574
84362,0.005,-0.278,10.169,-0.011,0.005,-0.027,25.574
84372,-0.024,-0.292,10.165,-0.010,0.005,-0.027,25.578
84382,-0.048,-0.287,10.155,-0.011,0.006,-0.027,25.578
84392,-0.038,-0.292,10.174,-0.011,0.005,-0.027,25.605
84402,-0.024,-0.301,10.165,-0.011,0.005,-0.027,25.605
84412,-0.019,-0.301,10.146,-0.011,0.005,-0.027,25.578
84422,-0.014,-0.292,10.155,-0.012,0.005,-0.027,25.578
84432,-0.024,-0.292,10.169,-0.011,0.005,-0.027,25.559
84442,-0.005,-0.311,10.160,-0.010,0.005,-0.027,25.559
84452,-0.033,-0.282,10.165,-0.011,0.005,-0.027,25.563
84462,0.000,-0.292,10.160,-0.010,0.004,-0.027,25.563
84472,0.000,-0.292,10.160,-0.011,0.005,-0.027,25.543
84482,-0.033,-0.287,10.160,-0.011,0.006,-0.027,25.543
84492,-0.029,-0.306,10.174,-0.011,0.005,-0.027,25.543
84502,-0.038,-0.287,10.169,-0.011,0.006,-0.027,25.543
84512,-0.019,-0.306,10.184,-0.010,0.005,-0.027,25.586
84522,-0.024,-0.278,10.165,-0.011,0.006,-0.027,25.586
84532,-0.014,-0.278,10.174,-0.011,0.004,-0.026,25.527
84542,-0.014,-0.278,10.165,-0.010,0.005,-0.027,25.527
84552,-0.010,-0.292,10.136,-0.012,0.005,-0.026,25.598
84562,0.000,-0.292,10.160,-0.010,0.005,-0.026,25.598
84572,-0.038,-0.292,10.165,-0.010,0.005,-0.027,25.551
84582,-0.019,-0.306,10.179,-0.010,0.005,-0.027,25.551
84592,-0.033,-0.306,10.169,-0.011,0.005,-0.026,25.508
84602,-0.019,-0.273,10.169,-0.011,0.005,-0.027,25.508
84612,-0.024,-0.278,10.165,-0.012,0.005,-0.027,25.563
84622,-0.038,-0.282,10.165,-0.011,0.005,-0.027,25.563
84632,-0.033,-0.287,10.179,-0.011,0.005,-0.027,25.559
84642,-0.029,-0.301,10.165,-0.011,0.005,-0.026,25.559
84652,-0.038,-0.292,10.155,-0.012,0.005,-0.026,25.590
84662,-0.024,-0.297,10.160,-0.011,0.005,-0.027,25.590
84672,-0.038,-0.278,10.174,-0.011,0.005,-0.027,25.582
84682,0.000,-0.287,10.165,-0.011,0.005,-0.026,25.582
84692,0.005,-0.258,10.160,-0.011,0.005,-0.027,25.555
84702,-0.014,-0.297,10.179,-0.011,0.005,-0.027,25.555
84712,-0.053,-0.263,10.155,-0.011,0.005,-0.027,25.563
84722,-0.038,-0.292,10.160,-0.010,0.005,-0.027,25.563
84732,-0.033,-0.311,10.174,-0.011,0.005,-0.028,25.555
84742,-0.038,-0.297,10.160,-0.011,0.005,-0.027,25.555
84752,-0.048,-0.292,10.169,-0.011,0.005,-0.026,25.559
84762,-0.014,-0.301,10.155,-0.010,0.005,-0.027,25.559
84772,-0.019,-0.287,10.160,-0.011,0.006,-0.027,25.586
84782,-0.019,-0.306,10.179,-0.010,0.005,-0.027,25.586
84792,-0.014,-0.282,10.150,-0.010,0.006,-0.026,25.570
84802,-0.033,-0.292,10.150,-0.011,0.004,-0.027,25.570
84812,-0.005,-0.287,10.179,-0.011,0.005,-0.027,25.613
84822,-0.038,-0.287,10.160,-0.011,0.005,-0.027,25.613
84832,-0.029,-0.287,10.165,-0.011,0.004,-0.027,25.594
84842,-0.010,-0.282,10.155,-0.010,0.005,-0.027,25.594
84852,-0.038,-0.301,10.174,-0.010,0.005,-0.026,25.578
84862,-0.038,-0.297,10.160,-0.010,0.005,-0.027,25.578
84872,-0.019,-0.301,10.160,-0.011,0.005,-0.027,25.574
84882,-0.010,-0.292,10.141,-0.011,0.005,-0.027,25.574
84892,-0.019,-0.311,10.174,-0.011,0.004,-0.027,25.605
84902,-0.038,-0.297,10.155,-0.011,0.006,-0.026,25.605
84912,-0.033,-0.273,10.165,-0.010,0.005,-0.027,25.594
84922,-0.010,-0.287,10.184,-0.010,0.005,-0.027,25.594
84932,-0.024,-0.301,10.179,-0.010,0.005,-0.027,25.586
84942,-0.038,-0.306,10.165,-0.010,0.005,-0.027,25.586
84952,-0.010,-0.282,10.150,-0.010,0.005,-0.027,25.590
84962,-0.019,-0.292,10.169,-0.011,0.005,-0.027,25.590
84972,-0.024,-0.292,10.179,-0.010,0.005,-0.027,25.602
84982,-0.019,-0.282,10.150,-0.011,0.005,-0.027,25.602
84992,-0.019,-0.306,10.174,-0.011,0.005,-0.027,25.574
85002,-0.019,-0.278,10.155,-0.010,0.006,-0.027,25.574
85012,-0.033,-0.311,10.174,-0.010,0.005,-0.026,25.570
85022,-0.043,-0.316,10.155,-0.011,0.006,-0.026,25.570
85032,-0.038,-0.301,10.165,-0.011,0.005,-0.027,25.605
85042,-0.019,-0.297,10.169,-0.011,0.005,-0.027,25.605
85052,-0.048,-0.278,10.146,-0.011,0.005,-0.027,25.563
85062,-0.014,-0.282,10.165,-0.011,0.005,-0.028,25.563
85072,-0.038,-0.282,10.169,-0.011,0.005,-0.027,25.531
85082,-0.048,-0.287,10.169,-0.012,0.005,-0.027,25.531
85092,-0.014,-0.287,10.160,-0.011,0.005,-0.027,25.586
85102,-0.038,-0.297,10.179,-0.011,0.005,-0.027,25.586
85112,-0.014,-0.292,10.165,-0.011,0.005,-0.027,25.570
85122,-0.029,-0.287,10.146,-0.011,0.005,-0.027,25.570
85132,-0.005,-0.282,10.169,-0.011,0.005,-0.027,25.594
85142,-0.010,-0.263,10.160,-0.010,0.005,-0.027,25.594
85152,-0.014,-0.301,10.155,-0.010,0.005,-0.027,25.563
85162,-0.033,-0.292,10.150,-0.011,0.005,-0.027,25.563
85172,-0.029,-0.301,10.174,-0.011,0.005,-0.026,25.586
85182,-0.038,-0.282,10.155,-0.011,0.005,-0.027,25.586
85192,-0.005,-0.301,10.184,-0.010,0.005,-0.027,25.586
85202,-0.019,-0.278,10.165,-0.011,0.005,-0.027,25.586
85212,-0.010,-0.292,10.150,-0.010,0.005,-0.027,25.578
85222,-0.033,-0.287,10.179,-0.011,0.005,-0.027,25.578
85232,-0.033,-0.292,10.160,-0.010,0.005,-0.027,25.590
85242,-0.029,-0.297,10.150,-0.011,0.005,-0.027,25.590
85252,-0.019,-0.287,10.155,-0.011,0.005,-0.027,25.578
85262,-0.019,-0.273,10.179,-0.011,0.005,-0.027,25.578
85282,-0.005,-0.278,10.155,-0.011,0.005,-0.027,25.590
85292,-0.024,-0.282,10.155,-0.011,0.006,-0.026,25.590
85302,-0.038,-0.287,10.174,-0.011,0.005,-0.027,25.598
85312,-0.024,-0.301,10.174,-0.011,0.005,-0.026,25.598
85322,-0.010,-0.287,10.146,-0.010,0.005,-0.026,25.563
85332,-0.038,-0.301,10.150,-0.011,0.005,-0.027,25.563
85342,-0.024,-0.306,10.169,-0.010,0.005,-0.027,25.598
85352,-0.029,-0.292,10.169,-0.010,0.005,-0.027,25.598
85362,-0.024,-0.306,10.174,-0.010,0.005,-0.027,25.609
85372,-0.014,-0.292,10.165,-0.011,0.005,-0.027,25.609
85382,-0.019,-0.278,10.146,-0.011,0.005,-0.027,25.531
85392,-0.038,-0.297,10.155,-0.011,0.005,-0.026,25.531
85402,-0.014,-0.292,10.160,-0.010,0.004,-0.027,25.543
85412,-0.038,-0.278,10.160,-0.011,0.005,-0.027,25.543
85422,-0.024,-0.292,10.169,-0.010,0.005,-0.027,25.527
85432,-0.033,-0.292,10.160,-0.010,0.005,-0.027,25.527
85442,0.000,-0.287,10.160,-0.011,0.005,-0.027,25.539
85452,0.000,-0.311,10.155,-0.010,0.004,-0.027,25.539
85462,-0.033,-0.292,10.160,-0.010,0.006,-0.027,25.559
85472,-0.019,-0.287,10.169,-0.010,0.005,-0.028,25.559
85482,-0.029,-0.287,10.165,-0.011,0.005,-0.026,25.574
85492,-0.038,-0.297,10.174,-0.011,0.005,-0.026,25.574
85502,-0.033,-0.311,10.169,-0.011,0.004,-0.027,25.574
85512,-0.033,-0.287,10.169,-0.010,0.005,-0.027,25.574
85522,0.000,-0.301,10.174,-0.010,0.004,-0.026,25.563
85532,-0.014,-0.273,10.155,-0.011,0.005,-0.027,25.563
85542,-0.014,-0.287,10.146,-0.011,0.004,-0.027,25.582
85552,-0.010,-0.292,10.160,-0.011,0.005,-0.027,25.582
85562,-0.033,-0.287,10.165,-0.011,0.005,-0.026,25.555
85572,-0.024,-0.301,10.160,-0.010,0.005,-0.026,25.555
85582,-0.024,-0.292,10.150,-0.011,0.005,-0.027,25.586
85592,-0.024,-0.287,10.179,-0.011,0.004,-0.027,25.586
85602,0.000,-0.282,10.165,-0.011,0.005,-0.027,25.547
85612,-0.043,-0.292,10.160,-0.010,0.005,-0.027,25.547
85622,0.010,-0.278,10.165,-0.011,0.005,-0.027,25.566
85632,-0.029,-0.306,10.136,-0.010,0.005,-0.026,25.566
85642,-0.019,-0.301,10.174,-0.011,0.005,-0.027,25.590
85652,-0.029,-0.301,10.169,-0.011,0.004,-0.026,25.590
85662,-0.029,-0.273,10.150,-0.011,0.005,-0.026,25.578
85672,-0.019,-0.292,10.165,-0.011,0.005,-0.027,25.578
85682,-0.014,-0.282,10.169,-0.010,0.005,-0.026,25.586
85692,-0.033,-0.316,10.184,-0.011,0.005,-0.027,25.586
85702,-0.029,-0.292,10.126,-0.010,0.005,-0.027,25.617
85712,-0.033,-0.301,10.155,-0.011,0.004,-0.027,25.617
85722,-0.019,-0.292,10.165,-0.011,0.005,-0.027,25.566
85732,-0.019,-0.287,10.165,-0.010,0.005,-0.027,25.566
85742,0.000,-0.282,10.174,-0.010,0.004,-0.027,25.578
85752,-0.014,-0.282,10.160,-0.011,0.004,-0.027,25.578
85762,-0.038,-0.282,10.150,-0.011,0.005,-0.027,25.555
85772,-0.014,-0.282,10.169,-0.010,0.005,-0.027,25.555
85782,-0.033,-0.287,10.184,-0.011,0.005,-0.027,25.594
85792,-0.019,-0.306,10.165,-0.011,0.005,-0.027,25.594
85802,-0.038,-0.282,10.150,-0.011,0.005,-0.027,25.555
85812,-0.024,-0.306,10.160,-0.011,0.005,-0.026,25.555
85822,-0.043,-0.292,10.160,-0.011,0.005,-0.027,25.578
85832,-0.024,-0.273,10.174,-0.011,0.005,-0.027,25.578
85842,-0.038,-0.321,10.184,-0.011,0.004,-0.027,25.594
85852,-0.024,-0.297,10.169,-0.012,0.005,-0.026,25.594
85862,-0.029,-0.292,10.155,-0.011,0.005,-0.027,25.578
85872,-0.005,-0.297,10.165,-0.011,0.005,-0.027,25.578
85882,0.005,-0.292,10.174,-0.010,0.005,-0.027,25.578
85892,-0.014,-0.292,10.160,-0.011,0.005,-0.027,25.578
85902,-0.038,-0.297,10.155,-0.011,0.005,-0.026,25.609
85912,-0.024,-0.301,10.174,-0.011,0.005,-0.027,25.609
85922,-0.033,-0.297,10.179,-0.011,0.005,-0.027,25.613
85932,-0.019,-0.273,10.160,-0.010,0.005,-0.027,25.613
85942,-0.033,-0.268,10.150,-0.011,0.005,-0.026,25.582
85952,-0.014,-0.292,10.174,-0.011,0.005,-0.026,25.582
85962,-0.019,-0.306,10.160,-0.011,0.005,-0.027,25.605
85972,-0.024,-0.306,10.174,-0.011,0.005,-0.027,25.605
85982,-0.038,-0.278,10.174,-0.010,0.005,-0.027,25.566
85992,-0.029,-0.311,10.174,-0.010,0.005,-0.027,25.566
86002,-0.024,-0.297,10.136,-0.009,0.005,-0.026,25.563
86012,-0.033,-0.292,10.160,-0.010,0.005,-0.026,25.563
86022,-0.019,-0.292,10.155,-0.011,0.005,-0.027,25.578
86032,-0.014,-0.292,10.160,-0.012,0.005,-0.027,25.578
86042,-0.029,-0.282,10.169,-0.011,0.005,-0.027,25.563
86052,-0.048,-0.292,10.155,-0.011,0.005,-0.027,25.563
86062,-0.005,-0.278,10.160,-0.011,0.005,-0.027,25.586
86072,-0.024,-0.301,10.155,-0.011,0.004,-0.026,25.586
86082,-0.033,-0.273,10.150,-0.010,0.005,-0.026,25.566
86092,-0.014,-0.297,10.160,-0.010,0.005,-0.027,25.566
86102,-0.033,-0.282,10.155,-0.010,0.005,-0.027,25.547
86112,-0.038,-0.273,10.174,-0.011,0.005,-0.027,25.547
86122,-0.033,-0.287,10.174,-0.011,0.004,-0.027,25.574
86132,-0.005,-0.292,10.160,-0.010,0.005,-0.027,25.574
86142,-0.010,-0.292,10.155,-0.011,0.005,-0.027,25.559
86152,-0.010,-0.287,10.169,-0.011,0.005,-0.027,25.559
86162,-0.010,-0.292,10.165,-0.011,0.004,-0.026,25.598
86172,-0.029,-0.292,10.150,-0.011,0.005,-0.027,25.598
86182,-0.005,-0.287,10.174,-0.011,0.005,-0.027,25.621
86192,-0.029,-0.282,10.165,-0.011,0.006,-0.026,25.621
86202,-0.033,-0.297,10.165,-0.011,0.006,-0.026,25.559
86212,-0.033,-0.292,10.155,-0.011,0.005,-0.027,25.559
86222,-0.038,-0.282,10.136,-0.011,0.005,-0.026,25.570
86232,-0.014,-0.292,10.174,-0.010,0.005,-0.027,25.570
86242,-0.033,-0.292,10.160,-0.011,0.005,-0.027,25.590
86252,-0.010,-0.292,10.160,-0.010,0.005,-0.027,25.590
86262,-0.029,-0.292,10.160,-0.010,0.005,-0.026,25.586
86272,-0.024,-0.297,10.174,-0.011,0.005,-0.026,25.586
86282,-0.029,-0.301,10.169,-0.011,0.005,-0.028,25.566
86292,-0.019,-0.306,10.141,-0.011,0.005,-0.027,25.566
86302,-0.005,-0.292,10.165,-0.011,0.005,-0.027,25.582
86312,-0.019,-0.306,10.179,-0.011,0.006,-0.027,25.582
86322,-0.029,-0.292,10.169,-0.011,0.005,-0.027,25.605
86332,-0.038,-0.292,10.165,-0.011,0.005,-0.027,25.605
86342,-0.014,-0.292,10.165,-0.011,0.005,-0.026,25.574
86352,-0.019,-0.278,10.146,-0.010,0.005,-0.027,25.574
86362,-0.019,-0.311,10.160,-0.010,0.005,-0.027,25.570
86382,-0.033,-0.282,10.155,-0.011,0.005,-0.026,25.582
86392,-0.043,-0.287,10.160,-0.011,0.005,-0.027,25.555
86402,-0.019,-0.321,10.160,-0.011,0.005,-0.027,25.555
86412,-0.038,-0.282,10.174,-0.011,0.005,-0.027,25.586
86422,-0.029,-0.292,10.169,-0.011,0.006,-0.027,25.586
86432,-0.019,-0.297,10.165,-0.012,0.005,-0.027,25.594
86442,-0.014,-0.306,10.150,-0.011,0.005,-0.027,25.594
86452,-0.024,-0.292,10.160,-0.011,0.005,-0.027,25.547
86462,-0.019,-0.292,10.165,-0.011,0.005,-0.027,25.547
86472,-0.029,-0.301,10.146,-0.011,0.005,-0.027,25.555
86482,-0.019,-0.292,10.165,-0.011,0.005,-0.027,25.555
86492,-0.029,-0.306,10.155,-0.011,0.006,-0.026,25.590
86502,-0.033,-0.311,10.160,-0.011,0.005,-0.028,25.590
86512,-0.019,-0.301,10.179,-0.011,0.005,-0.027,25.602
86522,-0.043,-0.282,10.155,-0.010,0.005,-0.027,25.602
86532,-0.043,-0.311,10.169,-0.010,0.004,-0.027,25.570
86542,-0.005,-0.297,10.165,-0.011,0.005,-0.027,25.570
86552,-0.053,-0.268,10.174,-0.011,0.005,-0.027,25.547
86562,-0.014,-0.297,10.155,-0.011,0.005,-0.027,25.547
86572,-0.005,-0.282,10.160,-0.011,0.005,-0.027,25.574
86582,-0.053,-0.273,10.160,-0.012,0.005,-0.027,25.574
86592,-0.014,-0.292,10.169,-0.011,0.005,-0.027,25.555
86602,-0.029,-0.311,10.165,-0.010,0.005,-0.027,25.555
86612,-0.019,-0.278,10.179,-0.011,0.006,-0.027,25.566
86622,-0.024,-0.306,10.155,-0.011,0.006,-0.027,25.566
86632,0.000,-0.287,10.160,-0.012,0.006,-0.026,25.602
86642,-0.029,-0.278,10.174,-0.010,0.005,-0.026,25.602
86652,-0.005,-0.268,10.169,-0.011,0.005,-0.027,25.555
86662,-0.029,-0.287,10.150,-0.012,0.005,-0.026,25.555
86672,-0.029,-0.287,10.150,-0.011,0.005,-0.026,25.582
86682,-0.038,-0.306,10.165,-0.011,0.005,-0.026,25.582
86692,-0.053,-0.306,10.169,-0.010,0.005,-0.027,25.563
86702,-0.019,-0.287,10.169,-0.010,0.004,-0.026,25.563
86712,-0.029,-0.273,10.184,-0.011,0.005,-0.027,25.602
86722,0.000,-0.292,10.150,-0.011,0.005,-0.026,25.602
86732,-0.029,-0.316,10.160,-0.011,0.005,-0.027,25.582
86742,-0.033,-0.306,10.165,-0.011,0.005,-0.027,25.582
86752,-0.010,-0.301,10.165,-0.010,0.006,-0.027,25.578
86762,-0.019,-0.297,10.150,-0.012,0.005,-0.027,25.578
86772,0.000,-0.301,10.169,-0.011,0.005,-0.027,25.547
86782,-0.033,-0.301,10.174,-0.010,0.005,-0.027,25.547
86792,-0.019,-0.297,10.169,-0.011,0.005,-0.026,25.629
86802,-0.038,-0.301,10.179,-0.011,0.005,-0.027,25.629
86812,-0.010,-0.306,10.174,-0.010,0.005,-0.027,25.637
86822,-0.019,-0.301,10.179,-0.012,0.005,-0.027,25.637
86832,-0.029,-0.316,10.174,-0.012,0.005,-0.027,25.578
86842,-0.019,-0.306,10.150,-0.011,0.005,-0.027,25.578
86852,-0.043,-0.282,10.174,-0.011,0.005,-0.027,25.605
86862,-0.038,-0.301,10.160,-0.011,0.005,-0.027,25.605
86872,-0.029,-0.297,10.155,-0.011,0.005,-0.027,25.617
86882,0.000,-0.282,10.169,-0.011,0.005,-0.027,25.617
86892,-0.019,-0.287,10.169,-0.011,0.005,-0.027,25.598
86902,-0.029,-0.297,10.165,-0.011,0.004,-0.027,25.598
86912,-0.014,-0.321,10.169,-0.011,0.005,-0.027,25.605
86922,-0.024,-0.306,10.165,-0.011,0.005,-0.027,25.605
86932,-0.014,-0.316,10.155,-0.011,0.005,-0.026,25.566
86942,-0.038,-0.306,10.189,-0.010,0.005,-0.026,25.566
86952,-0.033,-0.292,10.169,-0.011,0.005,-0.026,25.582
86962,-0.005,-0.282,10.165,-0.011,0.005,-0.027,25.582
86972,-0.038,-0.297,10.174,-0.010,0.005,-0.026,25.625
86982,-0.010,-0.282,10.184,-0.011,0.005,-0.026,25.625
86992,-0.029,-0.292,10.184,-0.010,0.005,-0.027,25.621
87002,-0.024,-0.287,10.174,-0.010,0.005,-0.027,25.621
87012,-0.043,-0.297,10.155,-0.011,0.005,-0.027,25.605
87022,-0.024,-0.282,10.179,-0.011,0.005,-0.028,25.605
87032,-0.029,-0.306,10.179,-0.011,0.004,-0.027,25.574
87042,-0.038,-0.301,10.174,-0.010,0.005,-0.027,25.574
87052,0.005,-0.301,10.160,-0.011,0.005,-0.027,25.598
87062,-0.019,-0.321,10.169,-0.011,0.005,-0.026,25.598
87072,-0.033,-0.325,10.169,-0.012,0.005,-0.026,25.598
87082,-0.029,-0.316,10.165,-0.011,0.005,-0.026,25.598
87092,-0.038,-0.301,10.160,-0.011,0.005,-0.027,25.594
87102,-0.014,-0.292,10.174,-0.011,0.005,-0.027,25.594
87112,-0.033,-0.297,10.179,-0.011,0.005,-0.027,25.586
87122,-0.010,-0.273,10.136,-0.011,0.006,-0.027,25.586
87132,-0.010,-0.292,10.155,-0.011,0.005,-0.027,25.598
87142,-0.005,-0.301,10.169,-0.010,0.005,-0.027,25.598
87152,-0.048,-0.287,10.160,-0.012,0.004,-0.026,25.598
87162,-0.024,-0.287,10.198,-0.011,0.005,-0.027,25.598
87172,-0.024,-0.321,10.179,-0.011,0.005,-0.027,25.578
87182,-0.029,-0.301,10.174,-0.011,0.005,-0.027,25.578
87192,-0.024,-0.297,10.155,-0.011,0.005,-0.026,25.602
87202,-0.024,-0.278,10.155,-0.011,0.006,-0.027,25.602
87212,-0.024,-0.301,10.189,-0.010,0.005,-0.027,25.570
87222,-0.024,-0.297,10.184,-0.011,0.005,-0.027,25.570
87232,-0.033,-0.301,10.179,-0.010,0.005,-0.027,25.578
87242,-0.019,-0.301,10.165,-0.011,0.005,-0.027,25.578
87252,-0.038,-0.292,10.169,-0.011,0.005,-0.026,25.594
87262,-0.029,-0.287,10.165,-0.011,0.005,-0.026,25.594
87272,-0.029,-0.278,10.179,-0.011,0.006,-0.027,25.547
87282,-0.024,-0.282,10.165,-0.011,0.005,-0.026,25.547
87292,-0.019,-0.301,10.189,-0.011,0.005,-0.027,25.605
87302,-0.033,-0.278,10.155,-0.010,0.005,-0.026,25.605
87312,-0.024,-0.297,10.169,-0.010,0.005,-0.027,25.613
87322,-0.024,-0.301,10.169,-0.012,0.006,-0.027,25.613
87332,-0.024,-0.297,10.174,-0.011,0.005,-0.027,25.566
87342,-0.010,-0.287,10.179,-0.011,0.005,-0.027,25.566
87352,-0.010,-0.282,10.165,-0.011,0.005,-0.027,25.574
87362,-0.024,-0.297,10.155,-0.010,0.005,-0.026,25.574
87372,-0.038,-0.287,10.184,-0.011,0.004,-0.026,25.625
87382,-0.014,-0.316,10.169,-0.010,0.005,-0.026,25.625
87392,-0.038,-0.292,10.179,-0.011,0.005,-0.026,25.578
87402,-0.033,-0.282,10.146,-0.011,0.005,-0.027,25.578
87412,-0.010,-0.297,10.169,-0.011,0.005,-0.027,25.605
87422,0.024,-0.282,10.174,-0.011,0.005,-0.027,25.605
87432,-0.029,-0.268,10.174,-0.010,0.005,-0.027,25.590
87442,-0.029,-0.301,10.150,-0.011,0.005,-0.027,25.590
87452,-0.019,-0.297,10.146,-0.011,0.005,-0.027,25.633
87462,-0.033,-0.297,10.146,-0.011,0.005,-0.027,25.633
87472,-0.038,-0.306,10.169,-0.011,0.004,-0.027,25.570
87492,-0.029,-0.282,10.165,-0.011,0.005,-0.026,25.602
87502,-0.053,-0.301,10.165,-0.010,0.004,-0.027,25.566
87512,-0.038,-0.321,10.174,-0.011,0.005,-0.027,25.566
87522,-0.038,-0.297,10.165,-0.011,0.005,-0.027,25.602
87532,-0.038,-0.292,10.179,-0.011,0.005,-0.027,25.602
87542,-0.014,-0.292,10.174,-0.010,0.004,-0.027,25.559
87552,-0.024,-0.316,10.179,-0.010,0.005,-0.026,25.559
87562,-0.019,-0.316,10.179,-0.011,0.005,-0.027,25.590
87572,-0.062,-0.287,10.174,-0.011,0.005,-0.027,25.590
87582,-0.029,-0.282,10.160,-0.011,0.005,-0.027,25.543
87592,-0.029,-0.292,10.169,-0.011,0.005,-0.027,25.543
87602,-0.010,-0.287,10.174,-0.010,0.006,-0.027,25.574
87612,-0.029,-0.306,10.169,-0.011,0.005,-0.027,25.574
87622,-0.033,-0.287,10.169,-0.011,0.005,-0.027,25.598
87632,-0.033,-0.287,10.169,-0.011,0.005,-0.027,25.598
87642,-0.014,-0.306,10.169,-0.011,0.005,-0.027,25.582
87652,-0.038,-0.282,10.165,-0.010,0.005,-0.027,25.582
87662,-0.048,-0.297,10.155,-0.010,0.005,-0.027,25.590
87672,-0.024,-0.306,10.160,-0.011,0.005,-0.027,25.590
87682,-0.029,-0.301,10.155,-0.011,0.004,-0.027,25.590
87692,-0.029,-0.292,10.165,-0.011,0.005,-0.027,25.590
87702,-0.024,-0.297,10.174,-0.011,0.005,-0.026,25.598
87712,-0.014,-0.292,10.169,-0.010,0.005,-0.028,25.598
87722,-0.043,-0.301,10.179,-0.011,0.005,-0.027,25.605
87732,-0.029,-0.292,10.160,-0.010,0.004,-0.027,25.605
87742,-0.043,-0.287,10.155,-0.010,0.004,-0.027,25.570
87752,-0.019,-0.287,10.165,-0.010,0.004,-0.028,25.570
87762,-0.019,-0.292,10.160,-0.011,0.005,-0.027,25.570
87772,-0.029,-0.282,10.169,-0.011,0.005,-0.026,25.570
87782,-0.019,-0.301,10.165,-0.011,0.004,-0.027,25.609
87792,-0.043,-0.282,10.174,-0.011,0.004,-0.027,25.609
87802,-0.024,-0.301,10.155,-0.011,0.004,-0.027,25.637
87812,-0.019,-0.297,10.184,-0.011,0.005,-0.027,25.637
87822,-0.024,-0.282,10.155,-0.011,0.004,-0.026,25.594
87832,-0.038,-0.297,10.165,-0.010,0.005,-0.027,25.594
87842,-0.024,-0.292,10.155,-0.011,0.004,-0.026,25.605
87852,-0.019,-0.292,10.160,-0.011,0.005,-0.027,25.605
87862,-0.043,-0.278,10.169,-0.012,0.005,-0.027,25.598
87872,-0.038,-0.311,10.165,-0.011,0.005,-0.027,25.598
87882,-0.029,-0.306,10.160,-0.011,0.005,-0.026,25.594
87892,-0.024,-0.306,10.184,-0.011,0.005,-0.027,25.594
87902,-0.029,-0.268,10.169,-0.011,0.005,-0.027,25.563
87912,-0.024,-0.306,10.141,-0.011,0.005,-0.026,25.563
87922,-0.010,-0.301,10.169,-0.010,0.005,-0.027,25.578
87932,-0.019,-0.301,10.160,-0.011,0.005,-0.027,25.578
87942,-0.010,-0.278,10.160,-0.011,0.005,-0.026,25.590
87952,-0.029,-0.297,10.150,-0.011,0.005,-0.027,25.590
87962,-0.019,-0.292,10.155,-0.011,0.005,-0.027,25.574
87972,-0.038,-0.278,10.146,-0.011,0.005,-0.027,25.574
87982,-0.043,-0.287,10.160,-0.010,0.005,-0.027,25.598
87992,-0.057,-0.306,10.174,-0.010,0.005,-0.027,25.598
88002,-0.014,-0.297,10.160,-0.010,0.005,-0.027,25.594
88012,-0.033,-0.278,10.155,-0.010,0.005,-0.027,25.594
88022,-0.024,-0.282,10.155,-0.011,0.005,-0.027,25.582
88032,-0.010,-0.301,10.169,-0.010,0.005,-0.027,25.582
88042,-0.019,-0.325,10.165,-0.011,0.005,-0.027,25.570
88052,-0.019,-0.297,10.160,-0.011,0.005,-0.026,25.570
88062,-0.038,-0.287,10.169,-0.011,0.005,-0.027,25.551
88072,-0.029,-0.292,10.165,-0.010,0.005,-0.027,25.551
88082,-0.019,-0.316,10.174,-0.011,0.005,-0.026,25.633
88092,-0.038,-0.301,10.155,-0.011,0.005,-0.027,25.633
88102,-0.043,-0.287,10.146,-0.011,0.004,-0.027,25.570
88112,-0.033,-0.292,10.160,-0.011,0.005,-0.027,25.570
88122,0.010,-0.325,10.165,-0.011,0.004,-0.027,25.547
88132,-0.038,-0.292,10.165,-0.011,0.004,-0.027,25.547
88142,-0.014,-0.282,10.179,-0.012,0.004,-0.027,25.605
88152,-0.029,-0.282,10.150,-0.012,0.004,-0.027,25.605
88162,-0.014,-0.273,10.165,-0.011,0.004,-0.027,25.559
88172,-0.010,-0.273,10.169,-0.011,0.006,-0.027,25.559
88182,-0.033,-0.292,10.155,-0.011,0.005,-0.026,25.602
88192,-0.014,-0.297,10.160,-0.011,0.005,-0.028,25.602
88202,-0.043,-0.287,10.155,-0.011,0.005,-0.027,25.613
88212,-0.014,-0.301,10.174,-0.012,0.004,-0.027,25.613
88222,-0.029,-0.292,10.146,-0.012,0.006,-0.027,25.590
88232,-0.033,-0.273,10.141,-0.010,0.005,-0.027,25.590
88242,0.000,-0.297,10.179,-0.011,0.004,-0.027,25.570
88252,-0.029,-0.292,10.146,-0.011,0.005,-0.027,25.570
88262,-0.014,-0.301,10.160,-0.012,0.005,-0.027,25.602
88272,-0.024,-0.301,10.169,-0.013,0.005,-0.026,25.602
88282,-0.029,-0.297,10.169,-0.011,0.005,-0.026,25.574
88292,-0.019,-0.311,10.160,-0.009,0.005,-0.027,25.574
88302,-0.014,-0.282,10.155,-0.010,0.005,-0.027,25.578
88312,-0.010,-0.292,10.179,-0.010,0.005,-0.026,25.578
88322,-0.029,-0.311,10.174,-0.012,0.005,-0.026,25.590
88332,-0.029,-0.306,10.160,-0.011,0.005,-0.026,25.590
88342,-0.029,-0.297,10.160,-0.010,0.005,-0.027,25.551
88352,-0.014,-0.306,10.165,-0.011,0.005,-0.027,25.551
88362,-0.014,-0.282,10.160,-0.012,0.005,-0.027,25.539
88372,-0.024,-0.297,10.155,-0.011,0.005,-0.027,25.539
88382,-0.014,-0.278,10.155,-0.010,0.005,-0.027,25.578
88392,-0.024,-0.301,10.174,-0.010,0.005,-0.027,25.578
88402,-0.014,-0.292,10.165,-0.011,0.005,-0.027,25.590
88412,-0.010,-0.287,10.169,-0.011,0.005,-0.026,25.590
88422,-0.014,-0.292,10.155,-0.010,0.005,-0.027,25.547
88432,-0.029,-0.292,10.146,-0.010,0.005,-0.027,25.547
88442,-0.038,-0.306,10.160,-0.011,0.005,-0.027,25.574
88452,-0.048,-0.282,10.150,-0.012,0.005,-0.027,25.574
88462,-0.029,-0.297,10.160,-0.012,0.004,-0.026,25.582
88472,-0.024,-0.278,10.165,-0.011,0.004,-0.027,25.582
88482,-0.014,-0.282,10.169,-0.010,0.004,-0.027,25.582
88492,-0.010,-0.278,10.155,-0.012,0.004,-0.027,25.582
88502,-0.024,-0.297,10.155,-0.012,0.002,-0.027,25.598
88512,-0.019,-0.292,10.165,-0.011,0.004,-0.027,25.598
88522,-0.033,-0.292,10.160,-0.011,0.004,-0.026,25.586
88532,0.000,-0.292,10.174,-0.011,0.004,-0.027,25.586
88542,0.000,-0.278,10.155,-0.010,0.004,-0.027,25.555
88552,-0.005,-0.287,10.160,-0.011,0.004,-0.027,25.555
88562,-0.019,-0.311,10.160,-0.010,0.004,-0.027,25.590
88572,-0.029,-0.273,10.150,-0.010,0.005,-0.027,25.590
88582,-0.033,-0.292,10.160,-0.010,0.004,-0.027,25.582
88592,-0.014,-0.292,10.136,-0.010,0.005,-0.027,25.582
88602,-0.024,-0.278,10.184,-0.011,0.005,-0.027,25.555
88612,-0.005,-0.282,10.155,-0.011,0.005,-0.026,25.555
88622,-0.010,-0.287,10.179,-0.010,0.005,-0.027,25.609
88642,-0.024,-0.292,10.165,-0.011,0.005,-0.026,25.605
88652,-0.029,-0.282,10.160,-0.010,0.005,-0.026,25.609
88662,-0.019,-0.282,10.155,-0.010,0.005,-0.028,25.609
88672,-0.024,-0.301,10.150,-0.010,0.005,-0.027,25.586
88682,-0.010,-0.321,10.169,-0.010,0.005,-0.027,25.586
88692,-0.029,-0.311,10.155,-0.009,0.005,-0.027,25.570
88702,-0.019,-0.306,10.141,-0.010,0.006,-0.027,25.570
88712,-0.010,-0.273,10.155,-0.009,0.006,-0.027,25.570
88722,-0.024,-0.297,10.155,-0.009,0.007,-0.027,25.570
88732,-0.033,-0.297,10.169,-0.009,0.006,-0.027,25.531
88742,-0.057,-0.278,10.155,-0.009,0.005,-0.026,25.531
88752,-0.024,-0.297,10.174,-0.011,0.005,-0.027,25.629
88762,-0.014,-0.292,10.150,-0.011,0.005,-0.027,25.629
88772,-0.005,-0.297,10.146,-0.011,0.006,-0.027,25.543
88782,-0.019,-0.278,10.169,-0.011,0.005,-0.027,25.543
88792,-0.029,-0.297,10.174,-0.011,0.005,-0.027,25.594
88802,-0.029,-0.282,10.155,-0.011,0.005,-0.026,25.594
88812,-0.033,-0.321,10.160,-0.011,0.006,-0.027,25.582
88822,-0.014,-0.292,10.165,-0.011,0.005,-0.027,25.582
88832,-0.029,-0.297,10.155,-0.011,0.005,-0.026,25.602
88842,0.005,-0.287,10.155,-0.011,0.005,-0.026,25.602
88852,-0.033,-0.268,10.174,-0.011,0.004,-0.026,25.547
88862,-0.053,-0.287,10.174,-0.012,0.005,-0.027,25.547
88872,-0.029,-0.301,10.136,-0.011,0.005,-0.026,25.574
88882,-0.024,-0.282,10.150,-0.011,0.005,-0.027,25.574
88892,-0.033,-0.306,10.165,-0.011,0.005,-0.027,25.594
88902,-0.019,-0.287,10.160,-0.010,0.005,-0.027,25.594
88912,-0.019,-0.287,10.155,-0.011,0.005,-0.027,25.563
88922,-0.019,-0.273,10.160,-0.010,0.005,-0.026,25.563
88932,-0.024,-0.292,10.160,-0.010,0.005,-0.027,25.582
